method,classification,model_id,seed,target,rmse_kg,mae_kg,r2,sre_ddof0,parameter_count,fixed_constant_count,fit_runtime_seconds,shared_preprocessing_runtime_seconds,shared_validation_preprocessing_runtime_seconds,prediction_runtime_seconds,fitted_instance_id,prediction_artifact_identity,evaluation_result_id
context_mean,NEW_STANDARDIZED_COMPARATOR,psr:model:public-native-context-mean@1.0.0~0b76d1c62dae,383001,squat_delta_capacity_kg,4.095616352278172,2.63220668839074,0.6828275239221944,0.5631806780046753,36,0,0.018949708999571158,7.9366645899972355,1.6507110130005458,0.002800782000122126,psr:fitted-instance:public-native-context-mean-seed-383001@sha256:61b8453c508e93a84fa9ee4f188b475d853ce6fd19627e8c826706fb9f38ec63,psr:prediction-artifact:prediction-jsonl-aab4aaf852f4@sha256:2ebd09c90016b93ca4494966ee1dea5e439f813c12de9312d1d03e4b863778a2,psr:evaluation-result@sha256:1bff8487bcdaa0354e8aee82d3f8726e82f29b834e3ee761da84b538f4a8a861
context_mean,NEW_STANDARDIZED_COMPARATOR,psr:model:public-native-context-mean@1.0.0~0b76d1c62dae,383001,bench_press_delta_capacity_kg,2.927670649113868,1.9019110985826337,0.6742233067090107,0.5707685111242466,36,0,0.018949708999571158,7.9366645899972355,1.6507110130005458,0.002800782000122126,psr:fitted-instance:public-native-context-mean-seed-383001@sha256:61b8453c508e93a84fa9ee4f188b475d853ce6fd19627e8c826706fb9f38ec63,psr:prediction-artifact:prediction-jsonl-aab4aaf852f4@sha256:2ebd09c90016b93ca4494966ee1dea5e439f813c12de9312d1d03e4b863778a2,psr:evaluation-result@sha256:1bff8487bcdaa0354e8aee82d3f8726e82f29b834e3ee761da84b538f4a8a861
context_mean,NEW_STANDARDIZED_COMPARATOR,psr:model:public-native-context-mean@1.0.0~0b76d1c62dae,383001,deadlift_delta_capacity_kg,5.106666811923306,3.275177735457406,0.6680831352520658,0.5761222654506022,36,0,0.018949708999571158,7.9366645899972355,1.6507110130005458,0.002800782000122126,psr:fitted-instance:public-native-context-mean-seed-383001@sha256:61b8453c508e93a84fa9ee4f188b475d853ce6fd19627e8c826706fb9f38ec63,psr:prediction-artifact:prediction-jsonl-aab4aaf852f4@sha256:2ebd09c90016b93ca4494966ee1dea5e439f813c12de9312d1d03e4b863778a2,psr:evaluation-result@sha256:1bff8487bcdaa0354e8aee82d3f8726e82f29b834e3ee761da84b538f4a8a861
context_mean,NEW_STANDARDIZED_COMPARATOR,psr:model:public-native-context-mean@1.0.0~0b76d1c62dae,383002,squat_delta_capacity_kg,4.095616352278172,2.63220668839074,0.6828275239221944,0.5631806780046753,36,0,0.023143381000409136,7.9366645899972355,1.6507110130005458,0.0031173910028883256,psr:fitted-instance:public-native-context-mean-seed-383002@sha256:a1fb9089447382135cf7365a44eaa554d291aac43059de7f45420d0941d58dba,psr:prediction-artifact:prediction-jsonl-aab4aaf852f4@sha256:2ebd09c90016b93ca4494966ee1dea5e439f813c12de9312d1d03e4b863778a2,psr:evaluation-result@sha256:c249b8f54d42b01ee5953a84994d8baf1d473ae4e3dcf0326cbe79db7369508c
context_mean,NEW_STANDARDIZED_COMPARATOR,psr:model:public-native-context-mean@1.0.0~0b76d1c62dae,383002,bench_press_delta_capacity_kg,2.927670649113868,1.9019110985826337,0.6742233067090107,0.5707685111242466,36,0,0.023143381000409136,7.9366645899972355,1.6507110130005458,0.0031173910028883256,psr:fitted-instance:public-native-context-mean-seed-383002@sha256:a1fb9089447382135cf7365a44eaa554d291aac43059de7f45420d0941d58dba,psr:prediction-artifact:prediction-jsonl-aab4aaf852f4@sha256:2ebd09c90016b93ca4494966ee1dea5e439f813c12de9312d1d03e4b863778a2,psr:evaluation-result@sha256:c249b8f54d42b01ee5953a84994d8baf1d473ae4e3dcf0326cbe79db7369508c
context_mean,NEW_STANDARDIZED_COMPARATOR,psr:model:public-native-context-mean@1.0.0~0b76d1c62dae,383002,deadlift_delta_capacity_kg,5.106666811923306,3.275177735457406,0.6680831352520658,0.5761222654506022,36,0,0.023143381000409136,7.9366645899972355,1.6507110130005458,0.0031173910028883256,psr:fitted-instance:public-native-context-mean-seed-383002@sha256:a1fb9089447382135cf7365a44eaa554d291aac43059de7f45420d0941d58dba,psr:prediction-artifact:prediction-jsonl-aab4aaf852f4@sha256:2ebd09c90016b93ca4494966ee1dea5e439f813c12de9312d1d03e4b863778a2,psr:evaluation-result@sha256:c249b8f54d42b01ee5953a84994d8baf1d473ae4e3dcf0326cbe79db7369508c
context_mean,NEW_STANDARDIZED_COMPARATOR,psr:model:public-native-context-mean@1.0.0~0b76d1c62dae,383003,squat_delta_capacity_kg,4.095616352278172,2.63220668839074,0.6828275239221944,0.5631806780046753,36,0,0.020802091003133683,7.9366645899972355,1.6507110130005458,0.003041816999029834,psr:fitted-instance:public-native-context-mean-seed-383003@sha256:5845dd0a73a43880664bc253bf1406bcb5cb3ec84a93cc66e33b9b36295187c1,psr:prediction-artifact:prediction-jsonl-aab4aaf852f4@sha256:2ebd09c90016b93ca4494966ee1dea5e439f813c12de9312d1d03e4b863778a2,psr:evaluation-result@sha256:64ae5d10fe181da69d712b0a86d3beee5be66e05af084b8d1ef983dcf8985bad
context_mean,NEW_STANDARDIZED_COMPARATOR,psr:model:public-native-context-mean@1.0.0~0b76d1c62dae,383003,bench_press_delta_capacity_kg,2.927670649113868,1.9019110985826337,0.6742233067090107,0.5707685111242466,36,0,0.020802091003133683,7.9366645899972355,1.6507110130005458,0.003041816999029834,psr:fitted-instance:public-native-context-mean-seed-383003@sha256:5845dd0a73a43880664bc253bf1406bcb5cb3ec84a93cc66e33b9b36295187c1,psr:prediction-artifact:prediction-jsonl-aab4aaf852f4@sha256:2ebd09c90016b93ca4494966ee1dea5e439f813c12de9312d1d03e4b863778a2,psr:evaluation-result@sha256:64ae5d10fe181da69d712b0a86d3beee5be66e05af084b8d1ef983dcf8985bad
context_mean,NEW_STANDARDIZED_COMPARATOR,psr:model:public-native-context-mean@1.0.0~0b76d1c62dae,383003,deadlift_delta_capacity_kg,5.106666811923306,3.275177735457406,0.6680831352520658,0.5761222654506022,36,0,0.020802091003133683,7.9366645899972355,1.6507110130005458,0.003041816999029834,psr:fitted-instance:public-native-context-mean-seed-383003@sha256:5845dd0a73a43880664bc253bf1406bcb5cb3ec84a93cc66e33b9b36295187c1,psr:prediction-artifact:prediction-jsonl-aab4aaf852f4@sha256:2ebd09c90016b93ca4494966ee1dea5e439f813c12de9312d1d03e4b863778a2,psr:evaluation-result@sha256:64ae5d10fe181da69d712b0a86d3beee5be66e05af084b8d1ef983dcf8985bad
ridge,NEW_STANDARDIZED_COMPARATOR,psr:model:public-native-ridge@1.0.0~35f69cbae323,383001,squat_delta_capacity_kg,4.43799289350538,2.941466408735241,0.6275824309357382,0.6102602469965267,384,0,0.011768292002670933,7.9366645899972355,1.6507110130005458,0.0024196179983846378,psr:fitted-instance:public-native-ridge-seed-383001@sha256:e0e37f64f07399b58fca76c0aa7359b6f23f7c8dd3583af4d44448fcbcb2bc48,psr:prediction-artifact:prediction-jsonl-c243aaee0874@sha256:93233ab6e760c75ac3cc13d1d0d1b8433525b303378ba8b4192bd49ad01260f6,psr:evaluation-result@sha256:91835821f22ef09f72b11d24dee2241b16828899324177f715b7cc0697db345a
ridge,NEW_STANDARDIZED_COMPARATOR,psr:model:public-native-ridge@1.0.0~35f69cbae323,383001,bench_press_delta_capacity_kg,3.1854126482028042,2.121075803407092,0.6143378895162976,0.6210169969362371,384,0,0.011768292002670933,7.9366645899972355,1.6507110130005458,0.0024196179983846378,psr:fitted-instance:public-native-ridge-seed-383001@sha256:e0e37f64f07399b58fca76c0aa7359b6f23f7c8dd3583af4d44448fcbcb2bc48,psr:prediction-artifact:prediction-jsonl-c243aaee0874@sha256:93233ab6e760c75ac3cc13d1d0d1b8433525b303378ba8b4192bd49ad01260f6,psr:evaluation-result@sha256:91835821f22ef09f72b11d24dee2241b16828899324177f715b7cc0697db345a
ridge,NEW_STANDARDIZED_COMPARATOR,psr:model:public-native-ridge@1.0.0~35f69cbae323,383001,deadlift_delta_capacity_kg,5.527782364315873,3.6582552540266025,0.6110836997622298,0.6236315420484839,384,0,0.011768292002670933,7.9366645899972355,1.6507110130005458,0.0024196179983846378,psr:fitted-instance:public-native-ridge-seed-383001@sha256:e0e37f64f07399b58fca76c0aa7359b6f23f7c8dd3583af4d44448fcbcb2bc48,psr:prediction-artifact:prediction-jsonl-c243aaee0874@sha256:93233ab6e760c75ac3cc13d1d0d1b8433525b303378ba8b4192bd49ad01260f6,psr:evaluation-result@sha256:91835821f22ef09f72b11d24dee2241b16828899324177f715b7cc0697db345a
ridge,NEW_STANDARDIZED_COMPARATOR,psr:model:public-native-ridge@1.0.0~35f69cbae323,383002,squat_delta_capacity_kg,4.43799289350538,2.941466408735241,0.6275824309357382,0.6102602469965267,384,0,0.018762027997581754,7.9366645899972355,1.6507110130005458,0.0021887479997531045,psr:fitted-instance:public-native-ridge-seed-383002@sha256:e16220f0db2288cf344d82a061a006ffac08ac32a370f298dde02aabe197a755,psr:prediction-artifact:prediction-jsonl-c243aaee0874@sha256:93233ab6e760c75ac3cc13d1d0d1b8433525b303378ba8b4192bd49ad01260f6,psr:evaluation-result@sha256:88e89d1c6fb9009b3a1aba0c04cc5edcaa6a1688864090e5b273f4d9d938e6c5
ridge,NEW_STANDARDIZED_COMPARATOR,psr:model:public-native-ridge@1.0.0~35f69cbae323,383002,bench_press_delta_capacity_kg,3.1854126482028042,2.121075803407092,0.6143378895162976,0.6210169969362371,384,0,0.018762027997581754,7.9366645899972355,1.6507110130005458,0.0021887479997531045,psr:fitted-instance:public-native-ridge-seed-383002@sha256:e16220f0db2288cf344d82a061a006ffac08ac32a370f298dde02aabe197a755,psr:prediction-artifact:prediction-jsonl-c243aaee0874@sha256:93233ab6e760c75ac3cc13d1d0d1b8433525b303378ba8b4192bd49ad01260f6,psr:evaluation-result@sha256:88e89d1c6fb9009b3a1aba0c04cc5edcaa6a1688864090e5b273f4d9d938e6c5
ridge,NEW_STANDARDIZED_COMPARATOR,psr:model:public-native-ridge@1.0.0~35f69cbae323,383002,deadlift_delta_capacity_kg,5.527782364315873,3.6582552540266025,0.6110836997622298,0.6236315420484839,384,0,0.018762027997581754,7.9366645899972355,1.6507110130005458,0.0021887479997531045,psr:fitted-instance:public-native-ridge-seed-383002@sha256:e16220f0db2288cf344d82a061a006ffac08ac32a370f298dde02aabe197a755,psr:prediction-artifact:prediction-jsonl-c243aaee0874@sha256:93233ab6e760c75ac3cc13d1d0d1b8433525b303378ba8b4192bd49ad01260f6,psr:evaluation-result@sha256:88e89d1c6fb9009b3a1aba0c04cc5edcaa6a1688864090e5b273f4d9d938e6c5
ridge,NEW_STANDARDIZED_COMPARATOR,psr:model:public-native-ridge@1.0.0~35f69cbae323,383003,squat_delta_capacity_kg,4.43799289350538,2.941466408735241,0.6275824309357382,0.6102602469965267,384,0,0.01346801199906622,7.9366645899972355,1.6507110130005458,0.002165546000469476,psr:fitted-instance:public-native-ridge-seed-383003@sha256:86f71ea0d7c73098dd543a3b5674f6e7f3effcbecd2b93bb9e9c081e0f2bb6ae,psr:prediction-artifact:prediction-jsonl-c243aaee0874@sha256:93233ab6e760c75ac3cc13d1d0d1b8433525b303378ba8b4192bd49ad01260f6,psr:evaluation-result@sha256:5abadc070081d5ae857ada8f8fbc57862a19b59a341028004beb68c22b291cf9
ridge,NEW_STANDARDIZED_COMPARATOR,psr:model:public-native-ridge@1.0.0~35f69cbae323,383003,bench_press_delta_capacity_kg,3.1854126482028042,2.121075803407092,0.6143378895162976,0.6210169969362371,384,0,0.01346801199906622,7.9366645899972355,1.6507110130005458,0.002165546000469476,psr:fitted-instance:public-native-ridge-seed-383003@sha256:86f71ea0d7c73098dd543a3b5674f6e7f3effcbecd2b93bb9e9c081e0f2bb6ae,psr:prediction-artifact:prediction-jsonl-c243aaee0874@sha256:93233ab6e760c75ac3cc13d1d0d1b8433525b303378ba8b4192bd49ad01260f6,psr:evaluation-result@sha256:5abadc070081d5ae857ada8f8fbc57862a19b59a341028004beb68c22b291cf9
ridge,NEW_STANDARDIZED_COMPARATOR,psr:model:public-native-ridge@1.0.0~35f69cbae323,383003,deadlift_delta_capacity_kg,5.527782364315873,3.6582552540266025,0.6110836997622298,0.6236315420484839,384,0,0.01346801199906622,7.9366645899972355,1.6507110130005458,0.002165546000469476,psr:fitted-instance:public-native-ridge-seed-383003@sha256:86f71ea0d7c73098dd543a3b5674f6e7f3effcbecd2b93bb9e9c081e0f2bb6ae,psr:prediction-artifact:prediction-jsonl-c243aaee0874@sha256:93233ab6e760c75ac3cc13d1d0d1b8433525b303378ba8b4192bd49ad01260f6,psr:evaluation-result@sha256:5abadc070081d5ae857ada8f8fbc57862a19b59a341028004beb68c22b291cf9
histogram_boosted_stumps,NEW_STANDARDIZED_COMPARATOR,psr:model:public-native-histogram-boosted-stumps@1.0.0~dbec1ea66506,383001,squat_delta_capacity_kg,4.661338798396084,2.791983301050701,0.5891547260881418,0.6409721319307558,363,0,0.9392467240031692,7.9366645899972355,1.6507110130005458,0.00456579999809037,psr:fitted-instance:public-native-histogram-boosted-stumps-seed-383001@sha256:2ac65f5ac5bf01af1f9ed9979f544efc8a4a2f15ea0dfc5f6832e327cdf2a377,psr:prediction-artifact:prediction-jsonl-9828ff75ec9e@sha256:ede2355586a256bb282bf7d47dc238c608f7993894b55b8a420550adb4c02806,psr:evaluation-result@sha256:e13a7a9ad5e65fbdd0318459407e806d9869a079ada5ec0e20be25eefcb92bf8
histogram_boosted_stumps,NEW_STANDARDIZED_COMPARATOR,psr:model:public-native-histogram-boosted-stumps@1.0.0~dbec1ea66506,383001,bench_press_delta_capacity_kg,3.30762484208253,1.9940485776849537,0.5841774251389722,0.6448430621950024,363,0,0.9392467240031692,7.9366645899972355,1.6507110130005458,0.00456579999809037,psr:fitted-instance:public-native-histogram-boosted-stumps-seed-383001@sha256:2ac65f5ac5bf01af1f9ed9979f544efc8a4a2f15ea0dfc5f6832e327cdf2a377,psr:prediction-artifact:prediction-jsonl-9828ff75ec9e@sha256:ede2355586a256bb282bf7d47dc238c608f7993894b55b8a420550adb4c02806,psr:evaluation-result@sha256:e13a7a9ad5e65fbdd0318459407e806d9869a079ada5ec0e20be25eefcb92bf8
histogram_boosted_stumps,NEW_STANDARDIZED_COMPARATOR,psr:model:public-native-histogram-boosted-stumps@1.0.0~dbec1ea66506,383001,deadlift_delta_capacity_kg,5.776725661240854,3.405303814977161,0.5752652836805274,0.6517167454649853,363,0,0.9392467240031692,7.9366645899972355,1.6507110130005458,0.00456579999809037,psr:fitted-instance:public-native-histogram-boosted-stumps-seed-383001@sha256:2ac65f5ac5bf01af1f9ed9979f544efc8a4a2f15ea0dfc5f6832e327cdf2a377,psr:prediction-artifact:prediction-jsonl-9828ff75ec9e@sha256:ede2355586a256bb282bf7d47dc238c608f7993894b55b8a420550adb4c02806,psr:evaluation-result@sha256:e13a7a9ad5e65fbdd0318459407e806d9869a079ada5ec0e20be25eefcb92bf8
histogram_boosted_stumps,NEW_STANDARDIZED_COMPARATOR,psr:model:public-native-histogram-boosted-stumps@1.0.0~dbec1ea66506,383002,squat_delta_capacity_kg,4.661338798396084,2.791983301050701,0.5891547260881418,0.6409721319307558,363,0,0.9731661940022605,7.9366645899972355,1.6507110130005458,0.0035977570005343296,psr:fitted-instance:public-native-histogram-boosted-stumps-seed-383002@sha256:b2891fa36ca460f15994084b86fac59101ff83ae572b73d0e2093d6eb9ddeb75,psr:prediction-artifact:prediction-jsonl-9828ff75ec9e@sha256:ede2355586a256bb282bf7d47dc238c608f7993894b55b8a420550adb4c02806,psr:evaluation-result@sha256:653b408b7fbe89d771012e8217b57507e11630d8db573441a62c90a0d96b4969
histogram_boosted_stumps,NEW_STANDARDIZED_COMPARATOR,psr:model:public-native-histogram-boosted-stumps@1.0.0~dbec1ea66506,383002,bench_press_delta_capacity_kg,3.30762484208253,1.9940485776849537,0.5841774251389722,0.6448430621950024,363,0,0.9731661940022605,7.9366645899972355,1.6507110130005458,0.0035977570005343296,psr:fitted-instance:public-native-histogram-boosted-stumps-seed-383002@sha256:b2891fa36ca460f15994084b86fac59101ff83ae572b73d0e2093d6eb9ddeb75,psr:prediction-artifact:prediction-jsonl-9828ff75ec9e@sha256:ede2355586a256bb282bf7d47dc238c608f7993894b55b8a420550adb4c02806,psr:evaluation-result@sha256:653b408b7fbe89d771012e8217b57507e11630d8db573441a62c90a0d96b4969
histogram_boosted_stumps,NEW_STANDARDIZED_COMPARATOR,psr:model:public-native-histogram-boosted-stumps@1.0.0~dbec1ea66506,383002,deadlift_delta_capacity_kg,5.776725661240854,3.405303814977161,0.5752652836805274,0.6517167454649853,363,0,0.9731661940022605,7.9366645899972355,1.6507110130005458,0.0035977570005343296,psr:fitted-instance:public-native-histogram-boosted-stumps-seed-383002@sha256:b2891fa36ca460f15994084b86fac59101ff83ae572b73d0e2093d6eb9ddeb75,psr:prediction-artifact:prediction-jsonl-9828ff75ec9e@sha256:ede2355586a256bb282bf7d47dc238c608f7993894b55b8a420550adb4c02806,psr:evaluation-result@sha256:653b408b7fbe89d771012e8217b57507e11630d8db573441a62c90a0d96b4969
histogram_boosted_stumps,NEW_STANDARDIZED_COMPARATOR,psr:model:public-native-histogram-boosted-stumps@1.0.0~dbec1ea66506,383003,squat_delta_capacity_kg,4.661338798396084,2.791983301050701,0.5891547260881418,0.6409721319307558,363,0,0.9354515209997771,7.9366645899972355,1.6507110130005458,0.0030957549970480613,psr:fitted-instance:public-native-histogram-boosted-stumps-seed-383003@sha256:ebc78ff2a18236d8e38e9a84684699d02c9f7651b15bc40756968f786d49c1f6,psr:prediction-artifact:prediction-jsonl-9828ff75ec9e@sha256:ede2355586a256bb282bf7d47dc238c608f7993894b55b8a420550adb4c02806,psr:evaluation-result@sha256:32058c81404e87f25d81c8a407ec7e7e6411aae19dc69d26186254b40c1af2b4
histogram_boosted_stumps,NEW_STANDARDIZED_COMPARATOR,psr:model:public-native-histogram-boosted-stumps@1.0.0~dbec1ea66506,383003,bench_press_delta_capacity_kg,3.30762484208253,1.9940485776849537,0.5841774251389722,0.6448430621950024,363,0,0.9354515209997771,7.9366645899972355,1.6507110130005458,0.0030957549970480613,psr:fitted-instance:public-native-histogram-boosted-stumps-seed-383003@sha256:ebc78ff2a18236d8e38e9a84684699d02c9f7651b15bc40756968f786d49c1f6,psr:prediction-artifact:prediction-jsonl-9828ff75ec9e@sha256:ede2355586a256bb282bf7d47dc238c608f7993894b55b8a420550adb4c02806,psr:evaluation-result@sha256:32058c81404e87f25d81c8a407ec7e7e6411aae19dc69d26186254b40c1af2b4
histogram_boosted_stumps,NEW_STANDARDIZED_COMPARATOR,psr:model:public-native-histogram-boosted-stumps@1.0.0~dbec1ea66506,383003,deadlift_delta_capacity_kg,5.776725661240854,3.405303814977161,0.5752652836805274,0.6517167454649853,363,0,0.9354515209997771,7.9366645899972355,1.6507110130005458,0.0030957549970480613,psr:fitted-instance:public-native-histogram-boosted-stumps-seed-383003@sha256:ebc78ff2a18236d8e38e9a84684699d02c9f7651b15bc40756968f786d49c1f6,psr:prediction-artifact:prediction-jsonl-9828ff75ec9e@sha256:ede2355586a256bb282bf7d47dc238c608f7993894b55b8a420550adb4c02806,psr:evaluation-result@sha256:32058c81404e87f25d81c8a407ec7e7e6411aae19dc69d26186254b40c1af2b4
mechanistic_midpoint,NEW_STANDARDIZED_COMPARATOR,psr:model:public-native-mechanistic-midpoint@1.0.0~9b52973798f4,383001,squat_delta_capacity_kg,3.6234291586969145,2.319976689500767,0.7517458565322119,0.4982510847632828,0,6,0.0058887900013360195,7.9366645899972355,1.6507110130005458,1.17553265099923,psr:fitted-instance:public-native-mechanistic-midpoint-seed-383001@sha256:b0dd9239f24b02cc8e3a93d591f0ce1edc70e391beec1c1b9964023254ac8390,psr:prediction-artifact:prediction-jsonl-bad41b609c8f@sha256:40d7658d90a8c27a72985f7f64455dbfc85a33c15967673f6de6b6f84988cfef,psr:evaluation-result@sha256:85c9bb4a86f2cfeaad71497457db12f6f012d32f065186b5e4b10e4d9c3a4fac
mechanistic_midpoint,NEW_STANDARDIZED_COMPARATOR,psr:model:public-native-mechanistic-midpoint@1.0.0~9b52973798f4,383001,bench_press_delta_capacity_kg,2.5371769577475454,1.6303077906626868,0.7553320459785448,0.4946392160165379,0,6,0.0058887900013360195,7.9366645899972355,1.6507110130005458,1.17553265099923,psr:fitted-instance:public-native-mechanistic-midpoint-seed-383001@sha256:b0dd9239f24b02cc8e3a93d591f0ce1edc70e391beec1c1b9964023254ac8390,psr:prediction-artifact:prediction-jsonl-bad41b609c8f@sha256:40d7658d90a8c27a72985f7f64455dbfc85a33c15967673f6de6b6f84988cfef,psr:evaluation-result@sha256:85c9bb4a86f2cfeaad71497457db12f6f012d32f065186b5e4b10e4d9c3a4fac
mechanistic_midpoint,NEW_STANDARDIZED_COMPARATOR,psr:model:public-native-mechanistic-midpoint@1.0.0~9b52973798f4,383001,deadlift_delta_capacity_kg,4.324416014114713,2.760073636969072,0.7619823255632193,0.48787055090134374,0,6,0.0058887900013360195,7.9366645899972355,1.6507110130005458,1.17553265099923,psr:fitted-instance:public-native-mechanistic-midpoint-seed-383001@sha256:b0dd9239f24b02cc8e3a93d591f0ce1edc70e391beec1c1b9964023254ac8390,psr:prediction-artifact:prediction-jsonl-bad41b609c8f@sha256:40d7658d90a8c27a72985f7f64455dbfc85a33c15967673f6de6b6f84988cfef,psr:evaluation-result@sha256:85c9bb4a86f2cfeaad71497457db12f6f012d32f065186b5e4b10e4d9c3a4fac
mechanistic_midpoint,NEW_STANDARDIZED_COMPARATOR,psr:model:public-native-mechanistic-midpoint@1.0.0~9b52973798f4,383002,squat_delta_capacity_kg,3.6234291586969145,2.319976689500767,0.7517458565322119,0.4982510847632828,0,6,0.005222815998422448,7.9366645899972355,1.6507110130005458,1.0738762979999592,psr:fitted-instance:public-native-mechanistic-midpoint-seed-383002@sha256:27297eaa4df87e889b6514bc5b6abc0b6d65d1b7dbcc2d606034a86e9a7ecfb3,psr:prediction-artifact:prediction-jsonl-bad41b609c8f@sha256:40d7658d90a8c27a72985f7f64455dbfc85a33c15967673f6de6b6f84988cfef,psr:evaluation-result@sha256:43a95972223bd9a67a3ecaba609218ea1b015b7ddac1aa2cbb65f40ce5c425d8
mechanistic_midpoint,NEW_STANDARDIZED_COMPARATOR,psr:model:public-native-mechanistic-midpoint@1.0.0~9b52973798f4,383002,bench_press_delta_capacity_kg,2.5371769577475454,1.6303077906626868,0.7553320459785448,0.4946392160165379,0,6,0.005222815998422448,7.9366645899972355,1.6507110130005458,1.0738762979999592,psr:fitted-instance:public-native-mechanistic-midpoint-seed-383002@sha256:27297eaa4df87e889b6514bc5b6abc0b6d65d1b7dbcc2d606034a86e9a7ecfb3,psr:prediction-artifact:prediction-jsonl-bad41b609c8f@sha256:40d7658d90a8c27a72985f7f64455dbfc85a33c15967673f6de6b6f84988cfef,psr:evaluation-result@sha256:43a95972223bd9a67a3ecaba609218ea1b015b7ddac1aa2cbb65f40ce5c425d8
mechanistic_midpoint,NEW_STANDARDIZED_COMPARATOR,psr:model:public-native-mechanistic-midpoint@1.0.0~9b52973798f4,383002,deadlift_delta_capacity_kg,4.324416014114713,2.760073636969072,0.7619823255632193,0.48787055090134374,0,6,0.005222815998422448,7.9366645899972355,1.6507110130005458,1.0738762979999592,psr:fitted-instance:public-native-mechanistic-midpoint-seed-383002@sha256:27297eaa4df87e889b6514bc5b6abc0b6d65d1b7dbcc2d606034a86e9a7ecfb3,psr:prediction-artifact:prediction-jsonl-bad41b609c8f@sha256:40d7658d90a8c27a72985f7f64455dbfc85a33c15967673f6de6b6f84988cfef,psr:evaluation-result@sha256:43a95972223bd9a67a3ecaba609218ea1b015b7ddac1aa2cbb65f40ce5c425d8
mechanistic_midpoint,NEW_STANDARDIZED_COMPARATOR,psr:model:public-native-mechanistic-midpoint@1.0.0~9b52973798f4,383003,squat_delta_capacity_kg,3.6234291586969145,2.319976689500767,0.7517458565322119,0.4982510847632828,0,6,0.005559150999033591,7.9366645899972355,1.6507110130005458,1.089225632000307,psr:fitted-instance:public-native-mechanistic-midpoint-seed-383003@sha256:6b7ec1326780ab1f688b570fc7cb5e5357be50cb582ef46954fc401647abc5ac,psr:prediction-artifact:prediction-jsonl-bad41b609c8f@sha256:40d7658d90a8c27a72985f7f64455dbfc85a33c15967673f6de6b6f84988cfef,psr:evaluation-result@sha256:a5c34ec217f484305222a621a8766d5366d13fd67c82e0db27a2ee7def200eb4
mechanistic_midpoint,NEW_STANDARDIZED_COMPARATOR,psr:model:public-native-mechanistic-midpoint@1.0.0~9b52973798f4,383003,bench_press_delta_capacity_kg,2.5371769577475454,1.6303077906626868,0.7553320459785448,0.4946392160165379,0,6,0.005559150999033591,7.9366645899972355,1.6507110130005458,1.089225632000307,psr:fitted-instance:public-native-mechanistic-midpoint-seed-383003@sha256:6b7ec1326780ab1f688b570fc7cb5e5357be50cb582ef46954fc401647abc5ac,psr:prediction-artifact:prediction-jsonl-bad41b609c8f@sha256:40d7658d90a8c27a72985f7f64455dbfc85a33c15967673f6de6b6f84988cfef,psr:evaluation-result@sha256:a5c34ec217f484305222a621a8766d5366d13fd67c82e0db27a2ee7def200eb4
mechanistic_midpoint,NEW_STANDARDIZED_COMPARATOR,psr:model:public-native-mechanistic-midpoint@1.0.0~9b52973798f4,383003,deadlift_delta_capacity_kg,4.324416014114713,2.760073636969072,0.7619823255632193,0.48787055090134374,0,6,0.005559150999033591,7.9366645899972355,1.6507110130005458,1.089225632000307,psr:fitted-instance:public-native-mechanistic-midpoint-seed-383003@sha256:6b7ec1326780ab1f688b570fc7cb5e5357be50cb582ef46954fc401647abc5ac,psr:prediction-artifact:prediction-jsonl-bad41b609c8f@sha256:40d7658d90a8c27a72985f7f64455dbfc85a33c15967673f6de6b6f84988cfef,psr:evaluation-result@sha256:a5c34ec217f484305222a621a8766d5366d13fd67c82e0db27a2ee7def200eb4
compact_neural,NEW_STANDARDIZED_COMPARATOR,psr:model:public-native-compact-neural@1.0.0~e0317f3b36a1,383001,squat_delta_capacity_kg,3.3153916741716367,2.2377466917409814,0.7921611929260504,0.4558934163529341,4195,0,1.8273226450000948,7.9366645899972355,1.6507110130005458,0.003966147000028286,psr:fitted-instance:public-native-compact-neural-seed-383001@sha256:f83064fa9580fd8ac5103c8ddbb865b68d62adc0e106c226c8c555c16e4ef256,psr:prediction-artifact:prediction-jsonl-7ca5b58f251f@sha256:20964c19c43ab3d88b2e607bd8e9a9529b141dd26c591a6f513730bf3415a75c,psr:evaluation-result@sha256:d6acae8acf6281957585a4299d7387c33cbda7c16ffbf2a7894af697d22b2d4e
compact_neural,NEW_STANDARDIZED_COMPARATOR,psr:model:public-native-compact-neural@1.0.0~e0317f3b36a1,383001,bench_press_delta_capacity_kg,2.321534647276151,1.5534471392283347,0.7951547431568705,0.45259833941711436,4195,0,1.8273226450000948,7.9366645899972355,1.6507110130005458,0.003966147000028286,psr:fitted-instance:public-native-compact-neural-seed-383001@sha256:f83064fa9580fd8ac5103c8ddbb865b68d62adc0e106c226c8c555c16e4ef256,psr:prediction-artifact:prediction-jsonl-7ca5b58f251f@sha256:20964c19c43ab3d88b2e607bd8e9a9529b141dd26c591a6f513730bf3415a75c,psr:evaluation-result@sha256:d6acae8acf6281957585a4299d7387c33cbda7c16ffbf2a7894af697d22b2d4e
compact_neural,NEW_STANDARDIZED_COMPARATOR,psr:model:public-native-compact-neural@1.0.0~e0317f3b36a1,383001,deadlift_delta_capacity_kg,4.080623080540313,2.68260460871325,0.7880627782186861,0.46036639949209357,4195,0,1.8273226450000948,7.9366645899972355,1.6507110130005458,0.003966147000028286,psr:fitted-instance:public-native-compact-neural-seed-383001@sha256:f83064fa9580fd8ac5103c8ddbb865b68d62adc0e106c226c8c555c16e4ef256,psr:prediction-artifact:prediction-jsonl-7ca5b58f251f@sha256:20964c19c43ab3d88b2e607bd8e9a9529b141dd26c591a6f513730bf3415a75c,psr:evaluation-result@sha256:d6acae8acf6281957585a4299d7387c33cbda7c16ffbf2a7894af697d22b2d4e
compact_neural,NEW_STANDARDIZED_COMPARATOR,psr:model:public-native-compact-neural@1.0.0~e0317f3b36a1,383002,squat_delta_capacity_kg,3.2997173022099666,2.179619419647699,0.7941217708478325,0.45373806226959557,4195,0,0.6286416930015548,7.9366645899972355,1.6507110130005458,0.0035839480005961377,psr:fitted-instance:public-native-compact-neural-seed-383002@sha256:bf62012aaa82eb7a9bfd581969d97ecaa8072736ea39ac4fe230145561964442,psr:prediction-artifact:prediction-jsonl-d7e37679920f@sha256:d8953f4278dc86952d4ac68c87d2b005ac782fb8ec61be887c35af9ffa852d28,psr:evaluation-result@sha256:bd8bc4865d7843cfdd58c28183c5afba2c364d20b0ead5287efbfbfeeb9f0618
compact_neural,NEW_STANDARDIZED_COMPARATOR,psr:model:public-native-compact-neural@1.0.0~e0317f3b36a1,383002,bench_press_delta_capacity_kg,2.3184580585845054,1.549676189268827,0.7956973213193895,0.45199853836114384,4195,0,0.6286416930015548,7.9366645899972355,1.6507110130005458,0.0035839480005961377,psr:fitted-instance:public-native-compact-neural-seed-383002@sha256:bf62012aaa82eb7a9bfd581969d97ecaa8072736ea39ac4fe230145561964442,psr:prediction-artifact:prediction-jsonl-d7e37679920f@sha256:d8953f4278dc86952d4ac68c87d2b005ac782fb8ec61be887c35af9ffa852d28,psr:evaluation-result@sha256:bd8bc4865d7843cfdd58c28183c5afba2c364d20b0ead5287efbfbfeeb9f0618
compact_neural,NEW_STANDARDIZED_COMPARATOR,psr:model:public-native-compact-neural@1.0.0~e0317f3b36a1,383002,deadlift_delta_capacity_kg,4.0887594803868685,2.7073463244175002,0.7872167676458577,0.4612843291876955,4195,0,0.6286416930015548,7.9366645899972355,1.6507110130005458,0.0035839480005961377,psr:fitted-instance:public-native-compact-neural-seed-383002@sha256:bf62012aaa82eb7a9bfd581969d97ecaa8072736ea39ac4fe230145561964442,psr:prediction-artifact:prediction-jsonl-d7e37679920f@sha256:d8953f4278dc86952d4ac68c87d2b005ac782fb8ec61be887c35af9ffa852d28,psr:evaluation-result@sha256:bd8bc4865d7843cfdd58c28183c5afba2c364d20b0ead5287efbfbfeeb9f0618
compact_neural,NEW_STANDARDIZED_COMPARATOR,psr:model:public-native-compact-neural@1.0.0~e0317f3b36a1,383003,squat_delta_capacity_kg,3.334765981820312,2.2423749266958493,0.7897249808646272,0.458557541793146,4195,0,0.7631704310006171,7.9366645899972355,1.6507110130005458,0.003367317000083858,psr:fitted-instance:public-native-compact-neural-seed-383003@sha256:b84e4b2d1d64c8701968f0db1a2f1a45cabe960619aa641c7811367633dd4401,psr:prediction-artifact:prediction-jsonl-515da002595a@sha256:da2637f962f3d842e84a1c18fc54768cca11261360638d01f404d9e36d723909,psr:evaluation-result@sha256:eb54fa2513c765733fbf4b1a3fb8e387f8c914229f956adedf725b11f6cb7fb9
compact_neural,NEW_STANDARDIZED_COMPARATOR,psr:model:public-native-compact-neural@1.0.0~e0317f3b36a1,383003,bench_press_delta_capacity_kg,2.317303745696161,1.5398823417846785,0.7959007069333563,0.45177349752574414,4195,0,0.7631704310006171,7.9366645899972355,1.6507110130005458,0.003367317000083858,psr:fitted-instance:public-native-compact-neural-seed-383003@sha256:b84e4b2d1d64c8701968f0db1a2f1a45cabe960619aa641c7811367633dd4401,psr:prediction-artifact:prediction-jsonl-515da002595a@sha256:da2637f962f3d842e84a1c18fc54768cca11261360638d01f404d9e36d723909,psr:evaluation-result@sha256:eb54fa2513c765733fbf4b1a3fb8e387f8c914229f956adedf725b11f6cb7fb9
compact_neural,NEW_STANDARDIZED_COMPARATOR,psr:model:public-native-compact-neural@1.0.0~e0317f3b36a1,383003,deadlift_delta_capacity_kg,4.083496306484488,2.6704055151407267,0.7877642169964792,0.4606905501565239,4195,0,0.7631704310006171,7.9366645899972355,1.6507110130005458,0.003367317000083858,psr:fitted-instance:public-native-compact-neural-seed-383003@sha256:b84e4b2d1d64c8701968f0db1a2f1a45cabe960619aa641c7811367633dd4401,psr:prediction-artifact:prediction-jsonl-515da002595a@sha256:da2637f962f3d842e84a1c18fc54768cca11261360638d01f404d9e36d723909,psr:evaluation-result@sha256:eb54fa2513c765733fbf4b1a3fb8e387f8c914229f956adedf725b11f6cb7fb9
mechanistic_ridge_residual,NEW_STANDARDIZED_COMPARATOR,psr:model:public-native-mechanistic-ridge-residual@1.0.0~e153e20558e2,383001,squat_delta_capacity_kg,3.587939886451021,2.339115442381639,0.7565850364701251,0.4933710201561041,384,6,3.6748572590004187,7.9366645899972355,1.6507110130005458,1.1164181750027637,psr:fitted-instance:public-native-mechanistic-ridge-residual-seed-383001@sha256:db416b1d9d643f91ed2da0223730c63922e90aaf52dc26cee1cfaa579de93e7b,psr:prediction-artifact:prediction-jsonl-b889191ea30b@sha256:3c448d39ba399e2ca20707240fe1f83903685496cd12d5d5892316925988d417,psr:evaluation-result@sha256:839187d8f8e9e62d3b61b4a1cff71569314d280b629b26b6b260679b25409d6c
mechanistic_ridge_residual,NEW_STANDARDIZED_COMPARATOR,psr:model:public-native-mechanistic-ridge-residual@1.0.0~e153e20558e2,383001,bench_press_delta_capacity_kg,2.510873435789603,1.6571177383079567,0.7603788118553907,0.4895111726453333,384,6,3.6748572590004187,7.9366645899972355,1.6507110130005458,1.1164181750027637,psr:fitted-instance:public-native-mechanistic-ridge-residual-seed-383001@sha256:db416b1d9d643f91ed2da0223730c63922e90aaf52dc26cee1cfaa579de93e7b,psr:prediction-artifact:prediction-jsonl-b889191ea30b@sha256:3c448d39ba399e2ca20707240fe1f83903685496cd12d5d5892316925988d417,psr:evaluation-result@sha256:839187d8f8e9e62d3b61b4a1cff71569314d280b629b26b6b260679b25409d6c
mechanistic_ridge_residual,NEW_STANDARDIZED_COMPARATOR,psr:model:public-native-mechanistic-ridge-residual@1.0.0~e153e20558e2,383001,deadlift_delta_capacity_kg,4.277962113710714,2.768964549242876,0.7670685437533269,0.48262972996560527,384,6,3.6748572590004187,7.9366645899972355,1.6507110130005458,1.1164181750027637,psr:fitted-instance:public-native-mechanistic-ridge-residual-seed-383001@sha256:db416b1d9d643f91ed2da0223730c63922e90aaf52dc26cee1cfaa579de93e7b,psr:prediction-artifact:prediction-jsonl-b889191ea30b@sha256:3c448d39ba399e2ca20707240fe1f83903685496cd12d5d5892316925988d417,psr:evaluation-result@sha256:839187d8f8e9e62d3b61b4a1cff71569314d280b629b26b6b260679b25409d6c
mechanistic_ridge_residual,NEW_STANDARDIZED_COMPARATOR,psr:model:public-native-mechanistic-ridge-residual@1.0.0~e153e20558e2,383002,squat_delta_capacity_kg,3.587939886451021,2.339115442381639,0.7565850364701251,0.4933710201561041,384,6,3.4649468410025293,7.9366645899972355,1.6507110130005458,1.1287011620006524,psr:fitted-instance:public-native-mechanistic-ridge-residual-seed-383002@sha256:6bb30296ce93dd2f47fd7199a730ba5782e2e70b51d8b3fde5aecd3572364185,psr:prediction-artifact:prediction-jsonl-b889191ea30b@sha256:3c448d39ba399e2ca20707240fe1f83903685496cd12d5d5892316925988d417,psr:evaluation-result@sha256:d6dd605fcbff268e94a89862dd90f2ee3b6b60dff9ea059d78408b996a14c369
mechanistic_ridge_residual,NEW_STANDARDIZED_COMPARATOR,psr:model:public-native-mechanistic-ridge-residual@1.0.0~e153e20558e2,383002,bench_press_delta_capacity_kg,2.510873435789603,1.6571177383079567,0.7603788118553907,0.4895111726453333,384,6,3.4649468410025293,7.9366645899972355,1.6507110130005458,1.1287011620006524,psr:fitted-instance:public-native-mechanistic-ridge-residual-seed-383002@sha256:6bb30296ce93dd2f47fd7199a730ba5782e2e70b51d8b3fde5aecd3572364185,psr:prediction-artifact:prediction-jsonl-b889191ea30b@sha256:3c448d39ba399e2ca20707240fe1f83903685496cd12d5d5892316925988d417,psr:evaluation-result@sha256:d6dd605fcbff268e94a89862dd90f2ee3b6b60dff9ea059d78408b996a14c369
mechanistic_ridge_residual,NEW_STANDARDIZED_COMPARATOR,psr:model:public-native-mechanistic-ridge-residual@1.0.0~e153e20558e2,383002,deadlift_delta_capacity_kg,4.277962113710714,2.768964549242876,0.7670685437533269,0.48262972996560527,384,6,3.4649468410025293,7.9366645899972355,1.6507110130005458,1.1287011620006524,psr:fitted-instance:public-native-mechanistic-ridge-residual-seed-383002@sha256:6bb30296ce93dd2f47fd7199a730ba5782e2e70b51d8b3fde5aecd3572364185,psr:prediction-artifact:prediction-jsonl-b889191ea30b@sha256:3c448d39ba399e2ca20707240fe1f83903685496cd12d5d5892316925988d417,psr:evaluation-result@sha256:d6dd605fcbff268e94a89862dd90f2ee3b6b60dff9ea059d78408b996a14c369
mechanistic_ridge_residual,NEW_STANDARDIZED_COMPARATOR,psr:model:public-native-mechanistic-ridge-residual@1.0.0~e153e20558e2,383003,squat_delta_capacity_kg,3.587939886451021,2.339115442381639,0.7565850364701251,0.4933710201561041,384,6,3.4881965020031203,7.9366645899972355,1.6507110130005458,1.108072502000141,psr:fitted-instance:public-native-mechanistic-ridge-residual-seed-383003@sha256:8d92b5a0bcc75f5476fe9bd51ebb8a6d789ddb403bb6bf0f7eb9b41cc4ffadb8,psr:prediction-artifact:prediction-jsonl-b889191ea30b@sha256:3c448d39ba399e2ca20707240fe1f83903685496cd12d5d5892316925988d417,psr:evaluation-result@sha256:e4cc4e1beded8ac0ad6083d39a3abe0412b96f0e1ef94f75866eab1068a6a3c6
mechanistic_ridge_residual,NEW_STANDARDIZED_COMPARATOR,psr:model:public-native-mechanistic-ridge-residual@1.0.0~e153e20558e2,383003,bench_press_delta_capacity_kg,2.510873435789603,1.6571177383079567,0.7603788118553907,0.4895111726453333,384,6,3.4881965020031203,7.9366645899972355,1.6507110130005458,1.108072502000141,psr:fitted-instance:public-native-mechanistic-ridge-residual-seed-383003@sha256:8d92b5a0bcc75f5476fe9bd51ebb8a6d789ddb403bb6bf0f7eb9b41cc4ffadb8,psr:prediction-artifact:prediction-jsonl-b889191ea30b@sha256:3c448d39ba399e2ca20707240fe1f83903685496cd12d5d5892316925988d417,psr:evaluation-result@sha256:e4cc4e1beded8ac0ad6083d39a3abe0412b96f0e1ef94f75866eab1068a6a3c6
mechanistic_ridge_residual,NEW_STANDARDIZED_COMPARATOR,psr:model:public-native-mechanistic-ridge-residual@1.0.0~e153e20558e2,383003,deadlift_delta_capacity_kg,4.277962113710714,2.768964549242876,0.7670685437533269,0.48262972996560527,384,6,3.4881965020031203,7.9366645899972355,1.6507110130005458,1.108072502000141,psr:fitted-instance:public-native-mechanistic-ridge-residual-seed-383003@sha256:8d92b5a0bcc75f5476fe9bd51ebb8a6d789ddb403bb6bf0f7eb9b41cc4ffadb8,psr:prediction-artifact:prediction-jsonl-b889191ea30b@sha256:3c448d39ba399e2ca20707240fe1f83903685496cd12d5d5892316925988d417,psr:evaluation-result@sha256:e4cc4e1beded8ac0ad6083d39a3abe0412b96f0e1ef94f75866eab1068a6a3c6
public-native-temporal-expert,RES-274_IMMUTABLE_PUBLIC_NATIVE_EXPERT,psr:model:public-native-lift-shared-temporal-gru-capacity-change@1.0.0~34d23123138f,383001,squat_delta_capacity_kg,3.018465882001808,1.942294152710178,0.8277221279820695,0.4150636963382012,118571,0,,,,,psr:fitted-instance:public-native-temporal-expert-seed-383001@sha256:8097eb52fabd88d36992b2af5e363baab3b5e2333d5701798430b20882ce31b9,psr:prediction-artifact:prediction-jsonl-eb1bf322ba17@sha256:cac5014e1515786ea9e55d04d8aaf393743f48d2e8ba1a2738ccb25f5dde6d38,psr:evaluation-result@sha256:39615cfdbe3e54cb2f0f69b567eee8f1bad49b12eb5d772753ba58553b3303f1
public-native-temporal-expert,RES-274_IMMUTABLE_PUBLIC_NATIVE_EXPERT,psr:model:public-native-lift-shared-temporal-gru-capacity-change@1.0.0~34d23123138f,383001,bench_press_delta_capacity_kg,1.9346295228029706,1.231048248949233,0.8577438027744704,0.37716865885904366,118571,0,,,,,psr:fitted-instance:public-native-temporal-expert-seed-383001@sha256:8097eb52fabd88d36992b2af5e363baab3b5e2333d5701798430b20882ce31b9,psr:prediction-artifact:prediction-jsonl-eb1bf322ba17@sha256:cac5014e1515786ea9e55d04d8aaf393743f48d2e8ba1a2738ccb25f5dde6d38,psr:evaluation-result@sha256:39615cfdbe3e54cb2f0f69b567eee8f1bad49b12eb5d772753ba58553b3303f1
public-native-temporal-expert,RES-274_IMMUTABLE_PUBLIC_NATIVE_EXPERT,psr:model:public-native-lift-shared-temporal-gru-capacity-change@1.0.0~34d23123138f,383001,deadlift_delta_capacity_kg,3.755466586500602,2.385558635167758,0.8204927150525819,0.4236830005409918,118571,0,,,,,psr:fitted-instance:public-native-temporal-expert-seed-383001@sha256:8097eb52fabd88d36992b2af5e363baab3b5e2333d5701798430b20882ce31b9,psr:prediction-artifact:prediction-jsonl-eb1bf322ba17@sha256:cac5014e1515786ea9e55d04d8aaf393743f48d2e8ba1a2738ccb25f5dde6d38,psr:evaluation-result@sha256:39615cfdbe3e54cb2f0f69b567eee8f1bad49b12eb5d772753ba58553b3303f1
public-native-temporal-expert,RES-274_IMMUTABLE_PUBLIC_NATIVE_EXPERT,psr:model:public-native-lift-shared-temporal-gru-capacity-change@1.0.0~34d23123138f,383002,squat_delta_capacity_kg,2.943496532734479,1.8569143879480923,0.8361735527729722,0.40475479889314186,118571,0,,,,,psr:fitted-instance:public-native-temporal-expert-seed-383002@sha256:7f4caedb37631f4aab38fa7cc1156b9625a5e71825b31b05b1385e4790c5763b,psr:prediction-artifact:prediction-jsonl-2373889b2664@sha256:47c74c688dc10c4f39ac5050e1c947817350b98d0425f2112b21ef078b424a06,psr:evaluation-result@sha256:cb614f4c68075544a0521e9a5cc393ba2761e5a47e714818c2fe31175e3dc4b6
public-native-temporal-expert,RES-274_IMMUTABLE_PUBLIC_NATIVE_EXPERT,psr:model:public-native-lift-shared-temporal-gru-capacity-change@1.0.0~34d23123138f,383002,bench_press_delta_capacity_kg,1.9094222855872036,1.217430547903808,0.8614267038516912,0.3722543433572116,118571,0,,,,,psr:fitted-instance:public-native-temporal-expert-seed-383002@sha256:7f4caedb37631f4aab38fa7cc1156b9625a5e71825b31b05b1385e4790c5763b,psr:prediction-artifact:prediction-jsonl-2373889b2664@sha256:47c74c688dc10c4f39ac5050e1c947817350b98d0425f2112b21ef078b424a06,psr:evaluation-result@sha256:cb614f4c68075544a0521e9a5cc393ba2761e5a47e714818c2fe31175e3dc4b6
public-native-temporal-expert,RES-274_IMMUTABLE_PUBLIC_NATIVE_EXPERT,psr:model:public-native-lift-shared-temporal-gru-capacity-change@1.0.0~34d23123138f,383002,deadlift_delta_capacity_kg,3.7090540265327014,2.327382573165171,0.8249022391338827,0.4184468435370462,118571,0,,,,,psr:fitted-instance:public-native-temporal-expert-seed-383002@sha256:7f4caedb37631f4aab38fa7cc1156b9625a5e71825b31b05b1385e4790c5763b,psr:prediction-artifact:prediction-jsonl-2373889b2664@sha256:47c74c688dc10c4f39ac5050e1c947817350b98d0425f2112b21ef078b424a06,psr:evaluation-result@sha256:cb614f4c68075544a0521e9a5cc393ba2761e5a47e714818c2fe31175e3dc4b6
public-native-temporal-expert,RES-274_IMMUTABLE_PUBLIC_NATIVE_EXPERT,psr:model:public-native-lift-shared-temporal-gru-capacity-change@1.0.0~34d23123138f,383003,squat_delta_capacity_kg,2.94658517833719,1.8338806628876931,0.8358295623472658,0.40517951287390414,118571,0,,,,,psr:fitted-instance:public-native-temporal-expert-seed-383003@sha256:e77b5b66e868fcb9345717d913d5bd6bcc17237c0d27ae46bf9cf994b5e5d59f,psr:prediction-artifact:prediction-jsonl-472fe8e81648@sha256:87be20d42ea5d3589e140c8a65620ab9f328de760a5b3b6596561139fe219c0e,psr:evaluation-result@sha256:ea4519bc80bcb8b83b3a257937b6d95452e6e9cf901b62585c4326680b7dad1c
public-native-temporal-expert,RES-274_IMMUTABLE_PUBLIC_NATIVE_EXPERT,psr:model:public-native-lift-shared-temporal-gru-capacity-change@1.0.0~34d23123138f,383003,bench_press_delta_capacity_kg,1.9025142533601664,1.2000626941379118,0.8624275690538351,0.3709075773641796,118571,0,,,,,psr:fitted-instance:public-native-temporal-expert-seed-383003@sha256:e77b5b66e868fcb9345717d913d5bd6bcc17237c0d27ae46bf9cf994b5e5d59f,psr:prediction-artifact:prediction-jsonl-472fe8e81648@sha256:87be20d42ea5d3589e140c8a65620ab9f328de760a5b3b6596561139fe219c0e,psr:evaluation-result@sha256:ea4519bc80bcb8b83b3a257937b6d95452e6e9cf901b62585c4326680b7dad1c
public-native-temporal-expert,RES-274_IMMUTABLE_PUBLIC_NATIVE_EXPERT,psr:model:public-native-lift-shared-temporal-gru-capacity-change@1.0.0~34d23123138f,383003,deadlift_delta_capacity_kg,3.7494162360428676,2.3613792309198582,0.8210706496858069,0.4230004140827679,118571,0,,,,,psr:fitted-instance:public-native-temporal-expert-seed-383003@sha256:e77b5b66e868fcb9345717d913d5bd6bcc17237c0d27ae46bf9cf994b5e5d59f,psr:prediction-artifact:prediction-jsonl-472fe8e81648@sha256:87be20d42ea5d3589e140c8a65620ab9f328de760a5b3b6596561139fe219c0e,psr:evaluation-result@sha256:ea4519bc80bcb8b83b3a257937b6d95452e6e9cf901b62585c4326680b7dad1c
public-native-temporal-expert,RES-274_IMMUTABLE_PUBLIC_NATIVE_EXPERT,psr:model:public-native-lift-shared-temporal-gru-capacity-change@1.0.0~34d23123138f,ensemble,squat_delta_capacity_kg,2.9009557745782533,1.8344337258276735,0.8408747232546605,0.3989050974170919,355713,0,,,,,psr:fitted-instance:public-native-temporal-expert-three-seed-ensemble@sha256:ff4e475ffeef1c03976c92c5868e75d0afd72672cb2848f0250e707dbd4c7fad,psr:prediction-artifact:prediction-jsonl-f6fb260feac8@sha256:41d24e7312ce08ab69018b5193c881a15ae577ec93f666e4e1385d8c86aa1c90,psr:evaluation-result@sha256:84ccca3c7c53322e1271d07e2578257f8dfcebe14517a1b736898aacc6e93778
public-native-temporal-expert,RES-274_IMMUTABLE_PUBLIC_NATIVE_EXPERT,psr:model:public-native-lift-shared-temporal-gru-capacity-change@1.0.0~34d23123138f,ensemble,bench_press_delta_capacity_kg,1.8702871931828533,1.187341252597957,0.8670488270300638,0.3646247015356147,355713,0,,,,,psr:fitted-instance:public-native-temporal-expert-three-seed-ensemble@sha256:ff4e475ffeef1c03976c92c5868e75d0afd72672cb2848f0250e707dbd4c7fad,psr:prediction-artifact:prediction-jsonl-f6fb260feac8@sha256:41d24e7312ce08ab69018b5193c881a15ae577ec93f666e4e1385d8c86aa1c90,psr:evaluation-result@sha256:84ccca3c7c53322e1271d07e2578257f8dfcebe14517a1b736898aacc6e93778
public-native-temporal-expert,RES-274_IMMUTABLE_PUBLIC_NATIVE_EXPERT,psr:model:public-native-lift-shared-temporal-gru-capacity-change@1.0.0~34d23123138f,ensemble,deadlift_delta_capacity_kg,3.6681919557104026,2.31680470523922,0.8287390369162662,0.41383687980137035,355713,0,,,,,psr:fitted-instance:public-native-temporal-expert-three-seed-ensemble@sha256:ff4e475ffeef1c03976c92c5868e75d0afd72672cb2848f0250e707dbd4c7fad,psr:prediction-artifact:prediction-jsonl-f6fb260feac8@sha256:41d24e7312ce08ab69018b5193c881a15ae577ec93f666e4e1385d8c86aa1c90,psr:evaluation-result@sha256:84ccca3c7c53322e1271d07e2578257f8dfcebe14517a1b736898aacc6e93778
