lift,noise_scale,length,cadence_days,method,target,delta_rmse_kg,ci_low_kg,ci_high_kg,status
squat,0.0,1,1,last,P223_kg,7.105427357601002e-15,0.0,1.1234667099445444e-14,INCONCLUSIVE
squat,0.0,1,1,last,C223_kg,0.0,-3.552713678800501e-15,1.7763568394002505e-15,INCONCLUSIVE
squat,0.0,1,1,last,P230_kg,-4.440892098500626e-16,-8.881784197001252e-16,4.440892098500626e-16,INCONCLUSIVE
squat,0.0,1,1,mean,P223_kg,7.105427357601002e-15,0.0,1.1234667099445444e-14,INCONCLUSIVE
squat,0.0,1,1,mean,C223_kg,0.0,-3.552713678800501e-15,1.7763568394002505e-15,INCONCLUSIVE
squat,0.0,1,1,mean,P230_kg,-4.440892098500626e-16,-8.881784197001252e-16,4.440892098500626e-16,INCONCLUSIVE
squat,0.0,1,7,last,P223_kg,7.105427357601002e-15,0.0,1.1234667099445444e-14,INCONCLUSIVE
squat,0.0,1,7,last,C223_kg,0.0,-3.552713678800501e-15,1.7763568394002505e-15,INCONCLUSIVE
squat,0.0,1,7,last,P230_kg,-4.440892098500626e-16,-8.881784197001252e-16,4.440892098500626e-16,INCONCLUSIVE
squat,0.0,1,7,mean,P223_kg,7.105427357601002e-15,0.0,1.1234667099445444e-14,INCONCLUSIVE
squat,0.0,1,7,mean,C223_kg,0.0,-3.552713678800501e-15,1.7763568394002505e-15,INCONCLUSIVE
squat,0.0,1,7,mean,P230_kg,-4.440892098500626e-16,-8.881784197001252e-16,4.440892098500626e-16,INCONCLUSIVE
squat,0.0,4,1,last,P223_kg,7.105427357601002e-15,0.0,1.1234667099445444e-14,INCONCLUSIVE
squat,0.0,4,1,last,C223_kg,0.0,-3.552713678800501e-15,1.7763568394002505e-15,INCONCLUSIVE
squat,0.0,4,1,last,P230_kg,-4.440892098500626e-16,-8.881784197001252e-16,4.440892098500626e-16,INCONCLUSIVE
squat,0.0,4,1,mean,P223_kg,0.0,0.0,0.0,INCONCLUSIVE
squat,0.0,4,1,mean,C223_kg,0.0,0.0,0.0,INCONCLUSIVE
squat,0.0,4,1,mean,P230_kg,0.0,0.0,0.0,INCONCLUSIVE
squat,0.0,4,7,last,P223_kg,7.105427357601002e-15,0.0,1.1234667099445444e-14,INCONCLUSIVE
squat,0.0,4,7,last,C223_kg,0.0,-3.552713678800501e-15,1.7763568394002505e-15,INCONCLUSIVE
squat,0.0,4,7,last,P230_kg,-4.440892098500626e-16,-8.881784197001252e-16,4.440892098500626e-16,INCONCLUSIVE
squat,0.0,4,7,mean,P223_kg,4.440892098500626e-16,0.0,2.4424906541753444e-15,INCONCLUSIVE
squat,0.0,4,7,mean,C223_kg,0.0,0.0,1.7763568394002505e-15,INCONCLUSIVE
squat,0.0,4,7,mean,P230_kg,-4.440892098500626e-16,-8.881784197001252e-16,0.0,INCONCLUSIVE
squat,0.0,16,1,last,P223_kg,7.105427357601002e-15,0.0,1.1234667099445444e-14,INCONCLUSIVE
squat,0.0,16,1,last,C223_kg,0.0,-3.552713678800501e-15,1.7763568394002505e-15,INCONCLUSIVE
squat,0.0,16,1,last,P230_kg,-4.440892098500626e-16,-8.881784197001252e-16,4.440892098500626e-16,INCONCLUSIVE
squat,0.0,16,1,mean,P223_kg,0.0,0.0,0.0,INCONCLUSIVE
squat,0.0,16,1,mean,C223_kg,0.0,0.0,0.0,INCONCLUSIVE
squat,0.0,16,1,mean,P230_kg,0.0,0.0,0.0,INCONCLUSIVE
squat,0.0,16,7,last,P223_kg,7.105427357601002e-15,0.0,1.1234667099445444e-14,INCONCLUSIVE
squat,0.0,16,7,last,C223_kg,0.0,-3.552713678800501e-15,1.7763568394002505e-15,INCONCLUSIVE
squat,0.0,16,7,last,P230_kg,-4.440892098500626e-16,-8.881784197001252e-16,4.440892098500626e-16,INCONCLUSIVE
squat,0.0,16,7,mean,P223_kg,0.0,0.0,0.0,INCONCLUSIVE
squat,0.0,16,7,mean,C223_kg,0.0,0.0,0.0,INCONCLUSIVE
squat,0.0,16,7,mean,P230_kg,0.0,0.0,0.0,INCONCLUSIVE
squat,0.0,32,1,last,P223_kg,7.105427357601002e-15,0.0,1.1234667099445444e-14,INCONCLUSIVE
squat,0.0,32,1,last,C223_kg,0.0,-3.552713678800501e-15,1.7763568394002505e-15,INCONCLUSIVE
squat,0.0,32,1,last,P230_kg,-4.440892098500626e-16,-8.881784197001252e-16,4.440892098500626e-16,INCONCLUSIVE
squat,0.0,32,1,mean,P223_kg,0.0,0.0,0.0,INCONCLUSIVE
squat,0.0,32,1,mean,C223_kg,0.0,0.0,0.0,INCONCLUSIVE
squat,0.0,32,1,mean,P230_kg,0.0,0.0,0.0,INCONCLUSIVE
squat,0.0,32,7,last,P223_kg,7.105427357601002e-15,0.0,1.1234667099445444e-14,INCONCLUSIVE
squat,0.0,32,7,last,C223_kg,0.0,-3.552713678800501e-15,1.7763568394002505e-15,INCONCLUSIVE
squat,0.0,32,7,last,P230_kg,-4.440892098500626e-16,-8.881784197001252e-16,4.440892098500626e-16,INCONCLUSIVE
squat,0.0,32,7,mean,P223_kg,-1.7763568394002505e-15,-5.329070518200751e-15,0.0,INCONCLUSIVE
squat,0.0,32,7,mean,C223_kg,-1.7763568394002505e-15,-7.149836278586006e-15,0.0,INCONCLUSIVE
squat,0.0,32,7,mean,P230_kg,-2.220446049250313e-15,-6.217248937900877e-15,0.0,INCONCLUSIVE
squat,0.5,1,1,last,P223_kg,-0.644265472594026,-1.8892626511329138,0.3862578743480085,INCONCLUSIVE
squat,0.5,1,1,last,C223_kg,-0.16376417387141906,-1.546426607535922,1.2565574134899082,INCONCLUSIVE
squat,0.5,1,1,last,P230_kg,-0.6671490327899132,-1.789636364917821,0.3473847534119304,INCONCLUSIVE
squat,0.5,1,1,mean,P223_kg,-0.644265472594026,-1.8892626511329138,0.3862578743480085,INCONCLUSIVE
squat,0.5,1,1,mean,C223_kg,-0.16376417387141906,-1.546426607535922,1.2565574134899082,INCONCLUSIVE
squat,0.5,1,1,mean,P230_kg,-0.6671490327899132,-1.789636364917821,0.3473847534119304,INCONCLUSIVE
squat,0.5,1,7,last,P223_kg,-0.644265472594026,-1.8892626511329138,0.3862578743480085,INCONCLUSIVE
squat,0.5,1,7,last,C223_kg,-0.16376417387141906,-1.546426607535922,1.2565574134899082,INCONCLUSIVE
squat,0.5,1,7,last,P230_kg,-0.6671490327899132,-1.789636364917821,0.3473847534119304,INCONCLUSIVE
squat,0.5,1,7,mean,P223_kg,-0.644265472594026,-1.8892626511329138,0.3862578743480085,INCONCLUSIVE
squat,0.5,1,7,mean,C223_kg,-0.16376417387141906,-1.546426607535922,1.2565574134899082,INCONCLUSIVE
squat,0.5,1,7,mean,P230_kg,-0.6671490327899132,-1.789636364917821,0.3473847534119304,INCONCLUSIVE
squat,0.5,4,1,last,P223_kg,-0.644265472594026,-1.8892626511329138,0.3862578743480085,INCONCLUSIVE
squat,0.5,4,1,last,C223_kg,-0.16376417387141906,-1.546426607535922,1.2565574134899082,INCONCLUSIVE
squat,0.5,4,1,last,P230_kg,-0.6671490327899132,-1.789636364917821,0.3473847534119304,INCONCLUSIVE
squat,0.5,4,1,mean,P223_kg,-1.3218620740581457,-1.8114091419048537,-0.8089914753929555,PASS
squat,0.5,4,1,mean,C223_kg,-0.3624011896560493,-1.1442061151963585,0.45792393680652504,INCONCLUSIVE
squat,0.5,4,1,mean,P230_kg,-1.1085058044559046,-1.5604844926614672,-0.5844771904929086,PASS
squat,0.5,4,7,last,P223_kg,-0.644265472594026,-1.8892626511329138,0.3862578743480085,INCONCLUSIVE
squat,0.5,4,7,last,C223_kg,-0.16376417387141906,-1.546426607535922,1.2565574134899082,INCONCLUSIVE
squat,0.5,4,7,last,P230_kg,-0.6671490327899132,-1.789636364917821,0.3473847534119304,INCONCLUSIVE
squat,0.5,4,7,mean,P223_kg,-0.3960499620402942,-1.2410929851701822,0.7347411090131882,INCONCLUSIVE
squat,0.5,4,7,mean,C223_kg,0.2902508829638837,-0.5742107664328603,1.274125838109417,INCONCLUSIVE
squat,0.5,4,7,mean,P230_kg,-0.8930932125237745,-1.29365178482875,-0.44866572867636395,PASS
squat,0.5,16,1,last,P223_kg,-0.644265472594026,-1.8892626511329138,0.3862578743480085,INCONCLUSIVE
squat,0.5,16,1,last,C223_kg,-0.16376417387141906,-1.546426607535922,1.2565574134899082,INCONCLUSIVE
squat,0.5,16,1,last,P230_kg,-0.6671490327899132,-1.789636364917821,0.3473847534119304,INCONCLUSIVE
squat,0.5,16,1,mean,P223_kg,-0.004167232840515123,-0.3105958357027649,0.33444099908170927,INCONCLUSIVE
squat,0.5,16,1,mean,C223_kg,0.26858146346313916,0.001282661260345687,0.5907615531358764,FAIL
squat,0.5,16,1,mean,P230_kg,-0.2846834605395818,-0.5875135820731928,-0.050154041799122265,PASS
squat,0.5,16,7,last,P223_kg,-0.644265472594026,-1.8892626511329138,0.3862578743480085,INCONCLUSIVE
squat,0.5,16,7,last,C223_kg,-0.16376417387141906,-1.546426607535922,1.2565574134899082,INCONCLUSIVE
squat,0.5,16,7,last,P230_kg,-0.6671490327899132,-1.789636364917821,0.3473847534119304,INCONCLUSIVE
squat,0.5,16,7,mean,P223_kg,-0.04615116596506752,-0.4817803622313955,0.3857203325367886,INCONCLUSIVE
squat,0.5,16,7,mean,C223_kg,0.29993642224331474,-0.2067351975480538,0.7381780764301219,INCONCLUSIVE
squat,0.5,16,7,mean,P230_kg,-0.7794459423101865,-1.0982574943280055,-0.44959120788636686,PASS
squat,0.5,32,1,last,P223_kg,-0.644265472594026,-1.8892626511329138,0.3862578743480085,INCONCLUSIVE
squat,0.5,32,1,last,C223_kg,-0.16376417387141906,-1.546426607535922,1.2565574134899082,INCONCLUSIVE
squat,0.5,32,1,last,P230_kg,-0.6671490327899132,-1.789636364917821,0.3473847534119304,INCONCLUSIVE
squat,0.5,32,1,mean,P223_kg,0.18601346050445033,-0.1957473857911295,0.5368545808231128,INCONCLUSIVE
squat,0.5,32,1,mean,C223_kg,0.4195160627464247,0.15082654036257642,0.7060014825296943,FAIL
squat,0.5,32,1,mean,P230_kg,-0.2392094935666882,-0.4336383949738046,-0.04165918405414392,PASS
squat,0.5,32,7,last,P223_kg,-0.644265472594026,-1.8892626511329138,0.3862578743480085,INCONCLUSIVE
squat,0.5,32,7,last,C223_kg,-0.16376417387141906,-1.546426607535922,1.2565574134899082,INCONCLUSIVE
squat,0.5,32,7,last,P230_kg,-0.6671490327899132,-1.789636364917821,0.3473847534119304,INCONCLUSIVE
squat,0.5,32,7,mean,P223_kg,0.08689455034809423,-0.2118304753365599,0.3610409120185093,INCONCLUSIVE
squat,0.5,32,7,mean,C223_kg,0.12705699085311473,-0.17298253225398624,0.3928574955712741,INCONCLUSIVE
squat,0.5,32,7,mean,P230_kg,-0.08398119794919934,-0.37936075044825557,0.23734906780341716,INCONCLUSIVE
squat,1.0,1,1,last,P223_kg,-1.2267118570528375,-3.6555842908770098,0.8009287691863012,INCONCLUSIVE
squat,1.0,1,1,last,C223_kg,-0.4585332323686515,-2.835630038573728,2.003046781273127,INCONCLUSIVE
squat,1.0,1,1,last,P230_kg,-1.3539968163581886,-3.605719366733098,0.4805167366032606,INCONCLUSIVE
squat,1.0,1,1,mean,P223_kg,-1.2267118570528375,-3.6555842908770098,0.8009287691863012,INCONCLUSIVE
squat,1.0,1,1,mean,C223_kg,-0.4585332323686515,-2.835630038573728,2.003046781273127,INCONCLUSIVE
squat,1.0,1,1,mean,P230_kg,-1.3539968163581886,-3.605719366733098,0.4805167366032606,INCONCLUSIVE
squat,1.0,1,7,last,P223_kg,-1.2267118570528375,-3.6555842908770098,0.8009287691863012,INCONCLUSIVE
squat,1.0,1,7,last,C223_kg,-0.4585332323686515,-2.835630038573728,2.003046781273127,INCONCLUSIVE
squat,1.0,1,7,last,P230_kg,-1.3539968163581886,-3.605719366733098,0.4805167366032606,INCONCLUSIVE
squat,1.0,1,7,mean,P223_kg,-1.2267118570528375,-3.6555842908770098,0.8009287691863012,INCONCLUSIVE
squat,1.0,1,7,mean,C223_kg,-0.4585332323686515,-2.835630038573728,2.003046781273127,INCONCLUSIVE
squat,1.0,1,7,mean,P230_kg,-1.3539968163581886,-3.605719366733098,0.4805167366032606,INCONCLUSIVE
squat,1.0,4,1,last,P223_kg,-1.2267118570528375,-3.6555842908770098,0.8009287691863012,INCONCLUSIVE
squat,1.0,4,1,last,C223_kg,-0.4585332323686515,-2.835630038573728,2.003046781273127,INCONCLUSIVE
squat,1.0,4,1,last,P230_kg,-1.3539968163581886,-3.605719366733098,0.4805167366032606,INCONCLUSIVE
squat,1.0,4,1,mean,P223_kg,-2.488264728117522,-3.4589404683519582,-1.4655570528418789,PASS
squat,1.0,4,1,mean,C223_kg,-0.9154271477915579,-2.2884877999762057,0.6622728085619145,INCONCLUSIVE
squat,1.0,4,1,mean,P230_kg,-2.7271379485086236,-3.5884963854235914,-1.7160802869851965,PASS
squat,1.0,4,7,last,P223_kg,-1.2267118570528375,-3.6555842908770098,0.8009287691863012,INCONCLUSIVE
squat,1.0,4,7,last,C223_kg,-0.4585332323686515,-2.835630038573728,2.003046781273127,INCONCLUSIVE
squat,1.0,4,7,last,P230_kg,-1.3539968163581886,-3.605719366733098,0.4805167366032606,INCONCLUSIVE
squat,1.0,4,7,mean,P223_kg,-0.7588750006959764,-2.351354713220116,1.4394452910228672,INCONCLUSIVE
squat,1.0,4,7,mean,C223_kg,0.5500476742879332,-1.1384453445139626,2.628400345659311,INCONCLUSIVE
squat,1.0,4,7,mean,P230_kg,-1.543604967172822,-2.577211073247575,-0.29499774682533303,PASS
squat,1.0,16,1,last,P223_kg,-1.2267118570528375,-3.6555842908770098,0.8009287691863012,INCONCLUSIVE
squat,1.0,16,1,last,C223_kg,-0.4585332323686515,-2.835630038573728,2.003046781273127,INCONCLUSIVE
squat,1.0,16,1,last,P230_kg,-1.3539968163581886,-3.605719366733098,0.4805167366032606,INCONCLUSIVE
squat,1.0,16,1,mean,P223_kg,0.07146264868416319,-0.6132675003779416,0.7751763340440299,INCONCLUSIVE
squat,1.0,16,1,mean,C223_kg,0.9280828638664484,0.35205861588676574,1.6001744427128286,FAIL
squat,1.0,16,1,mean,P230_kg,-0.7435545123689455,-1.2891690797504352,-0.26781822990259585,PASS
squat,1.0,16,7,last,P223_kg,-1.2267118570528375,-3.6555842908770098,0.8009287691863012,INCONCLUSIVE
squat,1.0,16,7,last,C223_kg,-0.4585332323686515,-2.835630038573728,2.003046781273127,INCONCLUSIVE
squat,1.0,16,7,last,P230_kg,-1.3539968163581886,-3.605719366733098,0.4805167366032606,INCONCLUSIVE
squat,1.0,16,7,mean,P223_kg,-0.1295894669391391,-1.0110258773615934,0.8022243255955567,INCONCLUSIVE
squat,1.0,16,7,mean,C223_kg,0.8501496100531796,-0.16224282505131254,1.8012913175048904,INCONCLUSIVE
squat,1.0,16,7,mean,P230_kg,-1.36881633207263,-2.064637168096442,-0.6488475791598716,PASS
squat,1.0,32,1,last,P223_kg,-1.2267118570528375,-3.6555842908770098,0.8009287691863012,INCONCLUSIVE
squat,1.0,32,1,last,C223_kg,-0.4585332323686515,-2.835630038573728,2.003046781273127,INCONCLUSIVE
squat,1.0,32,1,last,P230_kg,-1.3539968163581886,-3.605719366733098,0.4805167366032606,INCONCLUSIVE
squat,1.0,32,1,mean,P223_kg,0.4615627075341542,-0.37569839716213066,1.2315234916319397,INCONCLUSIVE
squat,1.0,32,1,mean,C223_kg,1.2100660877910574,0.6687565607149683,1.792682140580769,FAIL
squat,1.0,32,1,mean,P230_kg,-0.6293546753471664,-1.0949539341555894,-0.07942537714623372,PASS
squat,1.0,32,7,last,P223_kg,-1.2267118570528375,-3.6555842908770098,0.8009287691863012,INCONCLUSIVE
squat,1.0,32,7,last,C223_kg,-0.4585332323686515,-2.835630038573728,2.003046781273127,INCONCLUSIVE
squat,1.0,32,7,last,P230_kg,-1.3539968163581886,-3.605719366733098,0.4805167366032606,INCONCLUSIVE
squat,1.0,32,7,mean,P223_kg,0.39155792399890554,-0.1942287405862731,0.9705976145692194,INCONCLUSIVE
squat,1.0,32,7,mean,C223_kg,0.621328363299753,0.0064234092649839486,1.173499036230963,FAIL
squat,1.0,32,7,mean,P230_kg,-0.04876217787167514,-0.6136666424834881,0.6176743351170018,INCONCLUSIVE
squat,2.0,1,1,last,P223_kg,-2.1611601036786894,-6.611498877134526,1.6352979378570225,INCONCLUSIVE
squat,2.0,1,1,last,C223_kg,-0.9431690792078022,-5.21834821397883,3.30628350357362,INCONCLUSIVE
squat,2.0,1,1,last,P230_kg,-2.399494278830673,-6.641058951415124,1.2818130064881421,INCONCLUSIVE
squat,2.0,1,1,mean,P223_kg,-2.1611601036786894,-6.611498877134526,1.6352979378570225,INCONCLUSIVE
squat,2.0,1,1,mean,C223_kg,-0.9431690792078022,-5.21834821397883,3.30628350357362,INCONCLUSIVE
squat,2.0,1,1,mean,P230_kg,-2.399494278830673,-6.641058951415124,1.2818130064881421,INCONCLUSIVE
squat,2.0,1,7,last,P223_kg,-2.1611601036786894,-6.611498877134526,1.6352979378570225,INCONCLUSIVE
squat,2.0,1,7,last,C223_kg,-0.9431690792078022,-5.21834821397883,3.30628350357362,INCONCLUSIVE
squat,2.0,1,7,last,P230_kg,-2.399494278830673,-6.641058951415124,1.2818130064881421,INCONCLUSIVE
squat,2.0,1,7,mean,P223_kg,-2.1611601036786894,-6.611498877134526,1.6352979378570225,INCONCLUSIVE
squat,2.0,1,7,mean,C223_kg,-0.9431690792078022,-5.21834821397883,3.30628350357362,INCONCLUSIVE
squat,2.0,1,7,mean,P230_kg,-2.399494278830673,-6.641058951415124,1.2818130064881421,INCONCLUSIVE
squat,2.0,4,1,last,P223_kg,-2.1611601036786894,-6.611498877134526,1.6352979378570225,INCONCLUSIVE
squat,2.0,4,1,last,C223_kg,-0.9431690792078022,-5.21834821397883,3.30628350357362,INCONCLUSIVE
squat,2.0,4,1,last,P230_kg,-2.399494278830673,-6.641058951415124,1.2818130064881421,INCONCLUSIVE
squat,2.0,4,1,mean,P223_kg,-4.09752267666174,-6.152152427363901,-2.1701411461546254,PASS
squat,2.0,4,1,mean,C223_kg,-1.6746624922491744,-3.8125178437134846,0.7897617105683562,INCONCLUSIVE
squat,2.0,4,1,mean,P230_kg,-4.906803132645043,-6.962483700706466,-2.869918735361176,PASS
squat,2.0,4,7,last,P223_kg,-2.1611601036786894,-6.611498877134526,1.6352979378570225,INCONCLUSIVE
squat,2.0,4,7,last,C223_kg,-0.9431690792078022,-5.21834821397883,3.30628350357362,INCONCLUSIVE
squat,2.0,4,7,last,P230_kg,-2.399494278830673,-6.641058951415124,1.2818130064881421,INCONCLUSIVE
squat,2.0,4,7,mean,P223_kg,-1.0444581751016635,-3.914045021072324,3.2091612403388905,INCONCLUSIVE
squat,2.0,4,7,mean,C223_kg,1.1921911577845492,-1.9981190077720785,5.486730871129024,INCONCLUSIVE
squat,2.0,4,7,mean,P230_kg,-2.1204962538271523,-4.571448160228191,1.2648668255281157,INCONCLUSIVE
squat,2.0,16,1,last,P223_kg,-2.1611601036786894,-6.611498877134526,1.6352979378570225,INCONCLUSIVE
squat,2.0,16,1,last,C223_kg,-0.9431690792078022,-5.21834821397883,3.30628350357362,INCONCLUSIVE
squat,2.0,16,1,last,P230_kg,-2.399494278830673,-6.641058951415124,1.2818130064881421,INCONCLUSIVE
squat,2.0,16,1,mean,P223_kg,0.9792180830269528,-0.5960826912184675,2.5141281914862823,INCONCLUSIVE
squat,2.0,16,1,mean,C223_kg,3.216582434277525,1.8808422704651973,4.6026112970649296,FAIL
squat,2.0,16,1,mean,P230_kg,-0.7829762749307712,-2.065379266636185,0.754861409914638,INCONCLUSIVE
squat,2.0,16,7,last,P223_kg,-2.1611601036786894,-6.611498877134526,1.6352979378570225,INCONCLUSIVE
squat,2.0,16,7,last,C223_kg,-0.9431690792078022,-5.21834821397883,3.30628350357362,INCONCLUSIVE
squat,2.0,16,7,last,P230_kg,-2.399494278830673,-6.641058951415124,1.2818130064881421,INCONCLUSIVE
squat,2.0,16,7,mean,P223_kg,,,,INCONCLUSIVE
squat,2.0,16,7,mean,C223_kg,,,,INCONCLUSIVE
squat,2.0,16,7,mean,P230_kg,,,,INCONCLUSIVE
squat,2.0,32,1,last,P223_kg,-2.1611601036786894,-6.611498877134526,1.6352979378570225,INCONCLUSIVE
squat,2.0,32,1,last,C223_kg,-0.9431690792078022,-5.21834821397883,3.30628350357362,INCONCLUSIVE
squat,2.0,32,1,last,P230_kg,-2.399494278830673,-6.641058951415124,1.2818130064881421,INCONCLUSIVE
squat,2.0,32,1,mean,P223_kg,,,,INCONCLUSIVE
squat,2.0,32,1,mean,C223_kg,,,,INCONCLUSIVE
squat,2.0,32,1,mean,P230_kg,,,,INCONCLUSIVE
squat,2.0,32,7,last,P223_kg,-2.1611601036786894,-6.611498877134526,1.6352979378570225,INCONCLUSIVE
squat,2.0,32,7,last,C223_kg,-0.9431690792078022,-5.21834821397883,3.30628350357362,INCONCLUSIVE
squat,2.0,32,7,last,P230_kg,-2.399494278830673,-6.641058951415124,1.2818130064881421,INCONCLUSIVE
squat,2.0,32,7,mean,P223_kg,,,,INCONCLUSIVE
squat,2.0,32,7,mean,C223_kg,,,,INCONCLUSIVE
squat,2.0,32,7,mean,P230_kg,,,,INCONCLUSIVE
bench_press,0.0,1,1,last,P223_kg,1.0950198975068616e-14,7.0939546409031866e-15,1.464821375527116e-14,FAIL
bench_press,0.0,1,1,last,C223_kg,2.6645352591003757e-15,0.0,7.993605777301127e-15,INCONCLUSIVE
bench_press,0.0,1,1,last,P230_kg,-1.7763568394002505e-15,-5.1125770283988456e-15,1.3322676295501878e-15,INCONCLUSIVE
bench_press,0.0,1,1,mean,P223_kg,1.0950198975068616e-14,7.0939546409031866e-15,1.464821375527116e-14,FAIL
bench_press,0.0,1,1,mean,C223_kg,2.6645352591003757e-15,0.0,7.993605777301127e-15,INCONCLUSIVE
bench_press,0.0,1,1,mean,P230_kg,-1.7763568394002505e-15,-5.1125770283988456e-15,1.3322676295501878e-15,INCONCLUSIVE
bench_press,0.0,1,7,last,P223_kg,1.0950198975068616e-14,7.0939546409031866e-15,1.464821375527116e-14,FAIL
bench_press,0.0,1,7,last,C223_kg,2.6645352591003757e-15,0.0,7.993605777301127e-15,INCONCLUSIVE
bench_press,0.0,1,7,last,P230_kg,-1.7763568394002505e-15,-5.1125770283988456e-15,1.3322676295501878e-15,INCONCLUSIVE
bench_press,0.0,1,7,mean,P223_kg,1.0950198975068616e-14,7.0939546409031866e-15,1.464821375527116e-14,FAIL
bench_press,0.0,1,7,mean,C223_kg,2.6645352591003757e-15,0.0,7.993605777301127e-15,INCONCLUSIVE
bench_press,0.0,1,7,mean,P230_kg,-1.7763568394002505e-15,-5.1125770283988456e-15,1.3322676295501878e-15,INCONCLUSIVE
bench_press,0.0,4,1,last,P223_kg,1.0950198975068616e-14,7.0939546409031866e-15,1.464821375527116e-14,FAIL
bench_press,0.0,4,1,last,C223_kg,2.6645352591003757e-15,0.0,7.993605777301127e-15,INCONCLUSIVE
bench_press,0.0,4,1,last,P230_kg,-1.7763568394002505e-15,-5.1125770283988456e-15,1.3322676295501878e-15,INCONCLUSIVE
bench_press,0.0,4,1,mean,P223_kg,1.3183898417423734e-15,-2.2485485695611374e-15,5.273906311664689e-15,INCONCLUSIVE
bench_press,0.0,4,1,mean,C223_kg,2.6645352591003757e-15,-2.6645352591003757e-15,9.769962616701378e-15,INCONCLUSIVE
bench_press,0.0,4,1,mean,P230_kg,8.881784197001252e-16,-2.220446049250313e-15,4.440892098500626e-15,INCONCLUSIVE
bench_press,0.0,4,7,last,P223_kg,1.0950198975068616e-14,7.0939546409031866e-15,1.464821375527116e-14,FAIL
bench_press,0.0,4,7,last,C223_kg,2.6645352591003757e-15,0.0,7.993605777301127e-15,INCONCLUSIVE
bench_press,0.0,4,7,last,P230_kg,-1.7763568394002505e-15,-5.1125770283988456e-15,1.3322676295501878e-15,INCONCLUSIVE
bench_press,0.0,4,7,mean,P223_kg,2.220446049250313e-15,-1.1129985821867193e-15,6.553091402849984e-15,INCONCLUSIVE
bench_press,0.0,4,7,mean,C223_kg,3.552713678800501e-15,-1.7763568394002505e-15,8.881784197001252e-15,INCONCLUSIVE
bench_press,0.0,4,7,mean,P230_kg,4.440892098500626e-16,-1.7763568394002505e-15,2.6645352591003757e-15,INCONCLUSIVE
bench_press,0.0,16,1,last,P223_kg,1.0950198975068616e-14,7.0939546409031866e-15,1.464821375527116e-14,FAIL
bench_press,0.0,16,1,last,C223_kg,2.6645352591003757e-15,0.0,7.993605777301127e-15,INCONCLUSIVE
bench_press,0.0,16,1,last,P230_kg,-1.7763568394002505e-15,-5.1125770283988456e-15,1.3322676295501878e-15,INCONCLUSIVE
bench_press,0.0,16,1,mean,P223_kg,1.609823385706477e-15,-1.2212453270876722e-15,5.0529025408252424e-15,INCONCLUSIVE
bench_press,0.0,16,1,mean,C223_kg,-4.440892098500626e-15,-1.1546319456101628e-14,0.0,INCONCLUSIVE
bench_press,0.0,16,1,mean,P230_kg,1.7763568394002505e-15,0.0,3.552713678800501e-15,INCONCLUSIVE
bench_press,0.0,16,7,last,P223_kg,1.0950198975068616e-14,7.0939546409031866e-15,1.464821375527116e-14,FAIL
bench_press,0.0,16,7,last,C223_kg,2.6645352591003757e-15,0.0,7.993605777301127e-15,INCONCLUSIVE
bench_press,0.0,16,7,last,P230_kg,-1.7763568394002505e-15,-5.1125770283988456e-15,1.3322676295501878e-15,INCONCLUSIVE
bench_press,0.0,16,7,mean,P223_kg,-6.661338147750939e-16,-2.220446049250313e-15,0.0,INCONCLUSIVE
bench_press,0.0,16,7,mean,C223_kg,-8.881784197001252e-16,-3.552713678800501e-15,0.0,INCONCLUSIVE
bench_press,0.0,16,7,mean,P230_kg,6.661338147750939e-16,-4.440892098500626e-16,1.8901546994243265e-15,INCONCLUSIVE
bench_press,0.0,32,1,last,P223_kg,1.0950198975068616e-14,7.0939546409031866e-15,1.464821375527116e-14,FAIL
bench_press,0.0,32,1,last,C223_kg,2.6645352591003757e-15,0.0,7.993605777301127e-15,INCONCLUSIVE
bench_press,0.0,32,1,last,P230_kg,-1.7763568394002505e-15,-5.1125770283988456e-15,1.3322676295501878e-15,INCONCLUSIVE
bench_press,0.0,32,1,mean,P223_kg,4.440892098500626e-16,0.0,1.3322676295501878e-15,INCONCLUSIVE
bench_press,0.0,32,1,mean,C223_kg,0.0,-8.881784197001252e-16,1.7763568394002505e-15,INCONCLUSIVE
bench_press,0.0,32,1,mean,P230_kg,8.881784197001252e-16,0.0,2.6700863742234964e-15,INCONCLUSIVE
bench_press,0.0,32,7,last,P223_kg,1.0950198975068616e-14,7.0939546409031866e-15,1.464821375527116e-14,FAIL
bench_press,0.0,32,7,last,C223_kg,2.6645352591003757e-15,0.0,7.993605777301127e-15,INCONCLUSIVE
bench_press,0.0,32,7,last,P230_kg,-1.7763568394002505e-15,-5.1125770283988456e-15,1.3322676295501878e-15,INCONCLUSIVE
bench_press,0.0,32,7,mean,P223_kg,-1.7763568394002505e-15,-5.329070518200751e-15,0.0,INCONCLUSIVE
bench_press,0.0,32,7,mean,C223_kg,-3.552713678800501e-15,-5.329070518200751e-15,0.0,INCONCLUSIVE
bench_press,0.0,32,7,mean,P230_kg,-1.7763568394002505e-15,-5.773159728050814e-15,4.440892098500626e-16,INCONCLUSIVE
bench_press,0.5,1,1,last,P223_kg,-0.5173110933262213,-1.3340863297401628,0.2299686160003708,INCONCLUSIVE
bench_press,0.5,1,1,last,C223_kg,0.4229402942323768,-0.5054543820311743,1.432811879084943,INCONCLUSIVE
bench_press,0.5,1,1,last,P230_kg,-0.3413379015350122,-1.0738343373636559,0.3516263083959253,INCONCLUSIVE
bench_press,0.5,1,1,mean,P223_kg,-0.5173110933262213,-1.3340863297401628,0.2299686160003708,INCONCLUSIVE
bench_press,0.5,1,1,mean,C223_kg,0.4229402942323768,-0.5054543820311743,1.432811879084943,INCONCLUSIVE
bench_press,0.5,1,1,mean,P230_kg,-0.3413379015350122,-1.0738343373636559,0.3516263083959253,INCONCLUSIVE
bench_press,0.5,1,7,last,P223_kg,-0.5173110933262213,-1.3340863297401628,0.2299686160003708,INCONCLUSIVE
bench_press,0.5,1,7,last,C223_kg,0.4229402942323768,-0.5054543820311743,1.432811879084943,INCONCLUSIVE
bench_press,0.5,1,7,last,P230_kg,-0.3413379015350122,-1.0738343373636559,0.3516263083959253,INCONCLUSIVE
bench_press,0.5,1,7,mean,P223_kg,-0.5173110933262213,-1.3340863297401628,0.2299686160003708,INCONCLUSIVE
bench_press,0.5,1,7,mean,C223_kg,0.4229402942323768,-0.5054543820311743,1.432811879084943,INCONCLUSIVE
bench_press,0.5,1,7,mean,P230_kg,-0.3413379015350122,-1.0738343373636559,0.3516263083959253,INCONCLUSIVE
bench_press,0.5,4,1,last,P223_kg,-0.5173110933262213,-1.3340863297401628,0.2299686160003708,INCONCLUSIVE
bench_press,0.5,4,1,last,C223_kg,0.4229402942323768,-0.5054543820311743,1.432811879084943,INCONCLUSIVE
bench_press,0.5,4,1,last,P230_kg,-0.3413379015350122,-1.0738343373636559,0.3516263083959253,INCONCLUSIVE
bench_press,0.5,4,1,mean,P223_kg,-0.7515528954069568,-1.190532060791494,-0.3958942174345156,PASS
bench_press,0.5,4,1,mean,C223_kg,-0.23854975606628148,-0.8078082184229555,0.39887179130515027,INCONCLUSIVE
bench_press,0.5,4,1,mean,P230_kg,-0.372562553078728,-0.790430852132979,0.052192446076292046,INCONCLUSIVE
bench_press,0.5,4,7,last,P223_kg,-0.5173110933262213,-1.3340863297401628,0.2299686160003708,INCONCLUSIVE
bench_press,0.5,4,7,last,C223_kg,0.4229402942323768,-0.5054543820311743,1.432811879084943,INCONCLUSIVE
bench_press,0.5,4,7,last,P230_kg,-0.3413379015350122,-1.0738343373636559,0.3516263083959253,INCONCLUSIVE
bench_press,0.5,4,7,mean,P223_kg,-0.24133673524457833,-0.47551989509093606,0.0033776516987537373,INCONCLUSIVE
bench_press,0.5,4,7,mean,C223_kg,-0.16905757091947393,-0.5287971329290592,0.303008799784697,INCONCLUSIVE
bench_press,0.5,4,7,mean,P230_kg,-0.06403838001548712,-0.6272729930432527,0.4009755322101183,INCONCLUSIVE
bench_press,0.5,16,1,last,P223_kg,-0.5173110933262213,-1.3340863297401628,0.2299686160003708,INCONCLUSIVE
bench_press,0.5,16,1,last,C223_kg,0.4229402942323768,-0.5054543820311743,1.432811879084943,INCONCLUSIVE
bench_press,0.5,16,1,last,P230_kg,-0.3413379015350122,-1.0738343373636559,0.3516263083959253,INCONCLUSIVE
bench_press,0.5,16,1,mean,P223_kg,-0.48833770775181207,-0.7760434713811338,-0.17701663980676313,PASS
bench_press,0.5,16,1,mean,C223_kg,-0.247776129891502,-0.6319321667031699,0.19033215631084116,INCONCLUSIVE
bench_press,0.5,16,1,mean,P230_kg,-0.19779662480274096,-0.6468529289011176,0.17451022457171714,INCONCLUSIVE
bench_press,0.5,16,7,last,P223_kg,-0.5173110933262213,-1.3340863297401628,0.2299686160003708,INCONCLUSIVE
bench_press,0.5,16,7,last,C223_kg,0.4229402942323768,-0.5054543820311743,1.432811879084943,INCONCLUSIVE
bench_press,0.5,16,7,last,P230_kg,-0.3413379015350122,-1.0738343373636559,0.3516263083959253,INCONCLUSIVE
bench_press,0.5,16,7,mean,P223_kg,-0.02511218144067673,-0.21273528939038977,0.16198116985544156,INCONCLUSIVE
bench_press,0.5,16,7,mean,C223_kg,0.06574121125802357,-0.13855948555210268,0.27829247579136285,INCONCLUSIVE
bench_press,0.5,16,7,mean,P230_kg,-0.10523879224071786,-0.22476064717659186,0.04167959157407578,INCONCLUSIVE
bench_press,0.5,32,1,last,P223_kg,-0.5173110933262213,-1.3340863297401628,0.2299686160003708,INCONCLUSIVE
bench_press,0.5,32,1,last,C223_kg,0.4229402942323768,-0.5054543820311743,1.432811879084943,INCONCLUSIVE
bench_press,0.5,32,1,last,P230_kg,-0.3413379015350122,-1.0738343373636559,0.3516263083959253,INCONCLUSIVE
bench_press,0.5,32,1,mean,P223_kg,-0.24453072229923034,-0.5017383875522704,-0.008592781804382912,PASS
bench_press,0.5,32,1,mean,C223_kg,-0.15546951995158587,-0.4307224190152433,0.07183532848191829,INCONCLUSIVE
bench_press,0.5,32,1,mean,P230_kg,-0.12354154719189014,-0.30318918113315785,0.022250575636359172,INCONCLUSIVE
bench_press,0.5,32,7,last,P223_kg,-0.5173110933262213,-1.3340863297401628,0.2299686160003708,INCONCLUSIVE
bench_press,0.5,32,7,last,C223_kg,0.4229402942323768,-0.5054543820311743,1.432811879084943,INCONCLUSIVE
bench_press,0.5,32,7,last,P230_kg,-0.3413379015350122,-1.0738343373636559,0.3516263083959253,INCONCLUSIVE
bench_press,0.5,32,7,mean,P223_kg,0.07338401041422804,-0.1297479070090307,0.2877588359949161,INCONCLUSIVE
bench_press,0.5,32,7,mean,C223_kg,0.09543601258138423,-0.09417227597597452,0.3020393304750232,INCONCLUSIVE
bench_press,0.5,32,7,mean,P230_kg,0.05044587559475877,-0.16794427191757486,0.27504800154292436,INCONCLUSIVE
bench_press,1.0,1,1,last,P223_kg,-1.0078512323157787,-2.5592244995906697,0.4639213523504456,INCONCLUSIVE
bench_press,1.0,1,1,last,C223_kg,0.46979803892622574,-1.1327152778974636,2.0285302153091367,INCONCLUSIVE
bench_press,1.0,1,1,last,P230_kg,-0.9322329765024229,-2.437713630949957,0.43633676905075724,INCONCLUSIVE
bench_press,1.0,1,1,mean,P223_kg,-1.0078512323157787,-2.5592244995906697,0.4639213523504456,INCONCLUSIVE
bench_press,1.0,1,1,mean,C223_kg,0.46979803892622574,-1.1327152778974636,2.0285302153091367,INCONCLUSIVE
bench_press,1.0,1,1,mean,P230_kg,-0.9322329765024229,-2.437713630949957,0.43633676905075724,INCONCLUSIVE
bench_press,1.0,1,7,last,P223_kg,-1.0078512323157787,-2.5592244995906697,0.4639213523504456,INCONCLUSIVE
bench_press,1.0,1,7,last,C223_kg,0.46979803892622574,-1.1327152778974636,2.0285302153091367,INCONCLUSIVE
bench_press,1.0,1,7,last,P230_kg,-0.9322329765024229,-2.437713630949957,0.43633676905075724,INCONCLUSIVE
bench_press,1.0,1,7,mean,P223_kg,-1.0078512323157787,-2.5592244995906697,0.4639213523504456,INCONCLUSIVE
bench_press,1.0,1,7,mean,C223_kg,0.46979803892622574,-1.1327152778974636,2.0285302153091367,INCONCLUSIVE
bench_press,1.0,1,7,mean,P230_kg,-0.9322329765024229,-2.437713630949957,0.43633676905075724,INCONCLUSIVE
bench_press,1.0,4,1,last,P223_kg,-1.0078512323157787,-2.5592244995906697,0.4639213523504456,INCONCLUSIVE
bench_press,1.0,4,1,last,C223_kg,0.46979803892622574,-1.1327152778974636,2.0285302153091367,INCONCLUSIVE
bench_press,1.0,4,1,last,P230_kg,-0.9322329765024229,-2.437713630949957,0.43633676905075724,INCONCLUSIVE
bench_press,1.0,4,1,mean,P223_kg,-1.4101427154161525,-2.2482172068378854,-0.7225363097785742,PASS
bench_press,1.0,4,1,mean,C223_kg,-0.5741767941596008,-1.6354480086910275,0.6464252303710549,INCONCLUSIVE
bench_press,1.0,4,1,mean,P230_kg,-1.219447881384791,-1.9075735256216473,-0.6575042642112817,PASS
bench_press,1.0,4,7,last,P223_kg,-1.0078512323157787,-2.5592244995906697,0.4639213523504456,INCONCLUSIVE
bench_press,1.0,4,7,last,C223_kg,0.46979803892622574,-1.1327152778974636,2.0285302153091367,INCONCLUSIVE
bench_press,1.0,4,7,last,P230_kg,-0.9322329765024229,-2.437713630949957,0.43633676905075724,INCONCLUSIVE
bench_press,1.0,4,7,mean,P223_kg,-0.6005876231955811,-0.9875842649937567,-0.19485939701249852,PASS
bench_press,1.0,4,7,mean,C223_kg,-0.27116586702623025,-0.9166822044351131,0.5852897596390776,INCONCLUSIVE
bench_press,1.0,4,7,mean,P230_kg,-0.462538617610488,-1.3687009729330522,0.3363535786680892,INCONCLUSIVE
bench_press,1.0,16,1,last,P223_kg,-1.0078512323157787,-2.5592244995906697,0.4639213523504456,INCONCLUSIVE
bench_press,1.0,16,1,last,C223_kg,0.46979803892622574,-1.1327152778974636,2.0285302153091367,INCONCLUSIVE
bench_press,1.0,16,1,last,P230_kg,-0.9322329765024229,-2.437713630949957,0.43633676905075724,INCONCLUSIVE
bench_press,1.0,16,1,mean,P223_kg,-0.9241230199152133,-1.3938488202285093,-0.3823334118487362,PASS
bench_press,1.0,16,1,mean,C223_kg,-0.3872185136504447,-1.0884693347160739,0.43452162247843157,INCONCLUSIVE
bench_press,1.0,16,1,mean,P230_kg,-0.7113013100481562,-1.549082051516841,0.005910231583917428,INCONCLUSIVE
bench_press,1.0,16,7,last,P223_kg,-1.0078512323157787,-2.5592244995906697,0.4639213523504456,INCONCLUSIVE
bench_press,1.0,16,7,last,C223_kg,0.46979803892622574,-1.1327152778974636,2.0285302153091367,INCONCLUSIVE
bench_press,1.0,16,7,last,P230_kg,-0.9322329765024229,-2.437713630949957,0.43633676905075724,INCONCLUSIVE
bench_press,1.0,16,7,mean,P223_kg,-0.09020935026907306,-0.45440529040363026,0.2897190952511604,INCONCLUSIVE
bench_press,1.0,16,7,mean,C223_kg,0.2281464081063298,-0.14755328127017947,0.6446223255647541,INCONCLUSIVE
bench_press,1.0,16,7,mean,P230_kg,-0.3502667295160229,-0.6817185981319679,-0.04283776044742412,PASS
bench_press,1.0,32,1,last,P223_kg,-1.0078512323157787,-2.5592244995906697,0.4639213523504456,INCONCLUSIVE
bench_press,1.0,32,1,last,C223_kg,0.46979803892622574,-1.1327152778974636,2.0285302153091367,INCONCLUSIVE
bench_press,1.0,32,1,last,P230_kg,-0.9322329765024229,-2.437713630949957,0.43633676905075724,INCONCLUSIVE
bench_press,1.0,32,1,mean,P223_kg,-0.4738990167925585,-0.9719045074884044,0.04464989821372776,INCONCLUSIVE
bench_press,1.0,32,1,mean,C223_kg,-0.17574639064147046,-0.7187168044150738,0.29154661340353955,INCONCLUSIVE
bench_press,1.0,32,1,mean,P230_kg,-0.4877782885544584,-0.8859509064030114,-0.10415892944209794,PASS
bench_press,1.0,32,7,last,P223_kg,-1.0078512323157787,-2.5592244995906697,0.4639213523504456,INCONCLUSIVE
bench_press,1.0,32,7,last,C223_kg,0.46979803892622574,-1.1327152778974636,2.0285302153091367,INCONCLUSIVE
bench_press,1.0,32,7,last,P230_kg,-0.9322329765024229,-2.437713630949957,0.43633676905075724,INCONCLUSIVE
bench_press,1.0,32,7,mean,P223_kg,0.21711059430333224,-0.1437449370057469,0.6295081266178086,INCONCLUSIVE
bench_press,1.0,32,7,mean,C223_kg,0.31993382909047696,-0.0353870506196948,0.7247299472592399,INCONCLUSIVE
bench_press,1.0,32,7,mean,P230_kg,0.10799223641373068,-0.2757104688638168,0.5224389861470529,INCONCLUSIVE
bench_press,2.0,1,1,last,P223_kg,-1.8921362388696252,-4.679540987718142,0.9538038883844402,INCONCLUSIVE
bench_press,2.0,1,1,last,C223_kg,0.12957368022396132,-2.5616818040507168,2.755781746701742,INCONCLUSIVE
bench_press,2.0,1,1,last,P230_kg,-1.9579422786637366,-4.812966171419731,0.7218833129453063,INCONCLUSIVE
bench_press,2.0,1,1,mean,P223_kg,-1.8921362388696252,-4.679540987718142,0.9538038883844402,INCONCLUSIVE
bench_press,2.0,1,1,mean,C223_kg,0.12957368022396132,-2.5616818040507168,2.755781746701742,INCONCLUSIVE
bench_press,2.0,1,1,mean,P230_kg,-1.9579422786637366,-4.812966171419731,0.7218833129453063,INCONCLUSIVE
bench_press,2.0,1,7,last,P223_kg,-1.8921362388696252,-4.679540987718142,0.9538038883844402,INCONCLUSIVE
bench_press,2.0,1,7,last,C223_kg,0.12957368022396132,-2.5616818040507168,2.755781746701742,INCONCLUSIVE
bench_press,2.0,1,7,last,P230_kg,-1.9579422786637366,-4.812966171419731,0.7218833129453063,INCONCLUSIVE
bench_press,2.0,1,7,mean,P223_kg,-1.8921362388696252,-4.679540987718142,0.9538038883844402,INCONCLUSIVE
bench_press,2.0,1,7,mean,C223_kg,0.12957368022396132,-2.5616818040507168,2.755781746701742,INCONCLUSIVE
bench_press,2.0,1,7,mean,P230_kg,-1.9579422786637366,-4.812966171419731,0.7218833129453063,INCONCLUSIVE
bench_press,2.0,4,1,last,P223_kg,-1.8921362388696252,-4.679540987718142,0.9538038883844402,INCONCLUSIVE
bench_press,2.0,4,1,last,C223_kg,0.12957368022396132,-2.5616818040507168,2.755781746701742,INCONCLUSIVE
bench_press,2.0,4,1,last,P230_kg,-1.9579422786637366,-4.812966171419731,0.7218833129453063,INCONCLUSIVE
bench_press,2.0,4,1,mean,P223_kg,-2.3967372767406596,-3.9434844508363733,-1.0321456449419466,PASS
bench_press,2.0,4,1,mean,C223_kg,-1.1046445632208943,-2.9251822220672437,0.8819495118567002,INCONCLUSIVE
bench_press,2.0,4,1,mean,P230_kg,-2.6242443070433517,-4.092187295138312,-1.3283087626104395,PASS
bench_press,2.0,4,7,last,P223_kg,-1.8921362388696252,-4.679540987718142,0.9538038883844402,INCONCLUSIVE
bench_press,2.0,4,7,last,C223_kg,0.12957368022396132,-2.5616818040507168,2.755781746701742,INCONCLUSIVE
bench_press,2.0,4,7,last,P230_kg,-1.9579422786637366,-4.812966171419731,0.7218833129453063,INCONCLUSIVE
bench_press,2.0,4,7,mean,P223_kg,-0.9833821075156468,-1.771400214911771,-0.18819937004362253,PASS
bench_press,2.0,4,7,mean,C223_kg,-0.1698997142331491,-1.231160494290736,1.2492891271467819,INCONCLUSIVE
bench_press,2.0,4,7,mean,P230_kg,-1.23596531447913,-2.4914580458453974,-0.05631216737065591,PASS
bench_press,2.0,16,1,last,P223_kg,-1.8921362388696252,-4.679540987718142,0.9538038883844402,INCONCLUSIVE
bench_press,2.0,16,1,last,C223_kg,0.12957368022396132,-2.5616818040507168,2.755781746701742,INCONCLUSIVE
bench_press,2.0,16,1,last,P230_kg,-1.9579422786637366,-4.812966171419731,0.7218833129453063,INCONCLUSIVE
bench_press,2.0,16,1,mean,P223_kg,-1.3403199649363917,-2.0497963786907003,-0.513240331271163,PASS
bench_press,2.0,16,1,mean,C223_kg,-0.26374319877074726,-1.3843001008864781,1.1978514540910605,INCONCLUSIVE
bench_press,2.0,16,1,mean,P230_kg,-1.7853623536851044,-3.0920673253551563,-0.5914569438622289,PASS
bench_press,2.0,16,7,last,P223_kg,-1.8921362388696252,-4.679540987718142,0.9538038883844402,INCONCLUSIVE
bench_press,2.0,16,7,last,C223_kg,0.12957368022396132,-2.5616818040507168,2.755781746701742,INCONCLUSIVE
bench_press,2.0,16,7,last,P230_kg,-1.9579422786637366,-4.812966171419731,0.7218833129453063,INCONCLUSIVE
bench_press,2.0,16,7,mean,P223_kg,-0.03261919602054464,-0.8519704812275017,0.6890709704497898,INCONCLUSIVE
bench_press,2.0,16,7,mean,C223_kg,0.843515450732423,0.18872054441189248,1.5864351456724326,FAIL
bench_press,2.0,16,7,mean,P230_kg,-0.6245931435430307,-1.573007691298181,0.015898218468641385,INCONCLUSIVE
bench_press,2.0,32,1,last,P223_kg,-1.8921362388696252,-4.679540987718142,0.9538038883844402,INCONCLUSIVE
bench_press,2.0,32,1,last,C223_kg,0.12957368022396132,-2.5616818040507168,2.755781746701742,INCONCLUSIVE
bench_press,2.0,32,1,last,P230_kg,-1.9579422786637366,-4.812966171419731,0.7218833129453063,INCONCLUSIVE
bench_press,2.0,32,1,mean,P223_kg,-0.473819127446089,-1.3211070937130265,0.5293759592853411,INCONCLUSIVE
bench_press,2.0,32,1,mean,C223_kg,0.22214231408274276,-0.7699808941168926,1.144982097299446,INCONCLUSIVE
bench_press,2.0,32,1,mean,P230_kg,-1.0775519014338069,-1.76562819774694,-0.15382500114768274,PASS
bench_press,2.0,32,7,last,P223_kg,-1.8921362388696252,-4.679540987718142,0.9538038883844402,INCONCLUSIVE
bench_press,2.0,32,7,last,C223_kg,0.12957368022396132,-2.5616818040507168,2.755781746701742,INCONCLUSIVE
bench_press,2.0,32,7,last,P230_kg,-1.9579422786637366,-4.812966171419731,0.7218833129453063,INCONCLUSIVE
bench_press,2.0,32,7,mean,P223_kg,0.784996745778324,0.15598783396827906,1.5300538510272708,FAIL
bench_press,2.0,32,7,mean,C223_kg,1.1611662997278582,0.4982697582595724,1.9392356063968543,FAIL
bench_press,2.0,32,7,mean,P230_kg,0.4476010289157615,-0.19995745431598094,1.1809384810216896,INCONCLUSIVE
deadlift,0.0,1,1,last,P223_kg,1.2306961192854808e-14,7.105427357601002e-15,1.6663704229186144e-14,FAIL
deadlift,0.0,1,1,last,C223_kg,-1.7763568394002505e-15,-3.552713678800501e-15,0.0,INCONCLUSIVE
deadlift,0.0,1,1,last,P230_kg,8.881784197001252e-16,-4.440892098500626e-16,3.1086244689504383e-15,INCONCLUSIVE
deadlift,0.0,1,1,mean,P223_kg,1.2306961192854808e-14,7.105427357601002e-15,1.6663704229186144e-14,FAIL
deadlift,0.0,1,1,mean,C223_kg,-1.7763568394002505e-15,-3.552713678800501e-15,0.0,INCONCLUSIVE
deadlift,0.0,1,1,mean,P230_kg,8.881784197001252e-16,-4.440892098500626e-16,3.1086244689504383e-15,INCONCLUSIVE
deadlift,0.0,1,7,last,P223_kg,1.2306961192854808e-14,7.105427357601002e-15,1.6663704229186144e-14,FAIL
deadlift,0.0,1,7,last,C223_kg,-1.7763568394002505e-15,-3.552713678800501e-15,0.0,INCONCLUSIVE
deadlift,0.0,1,7,last,P230_kg,8.881784197001252e-16,-4.440892098500626e-16,3.1086244689504383e-15,INCONCLUSIVE
deadlift,0.0,1,7,mean,P223_kg,1.2306961192854808e-14,7.105427357601002e-15,1.6663704229186144e-14,FAIL
deadlift,0.0,1,7,mean,C223_kg,-1.7763568394002505e-15,-3.552713678800501e-15,0.0,INCONCLUSIVE
deadlift,0.0,1,7,mean,P230_kg,8.881784197001252e-16,-4.440892098500626e-16,3.1086244689504383e-15,INCONCLUSIVE
deadlift,0.0,4,1,last,P223_kg,1.2306961192854808e-14,7.105427357601002e-15,1.6663704229186144e-14,FAIL
deadlift,0.0,4,1,last,C223_kg,-1.7763568394002505e-15,-3.552713678800501e-15,0.0,INCONCLUSIVE
deadlift,0.0,4,1,last,P230_kg,8.881784197001252e-16,-4.440892098500626e-16,3.1086244689504383e-15,INCONCLUSIVE
deadlift,0.0,4,1,mean,P223_kg,1.5265566588595902e-15,5.4817261840867144e-17,4.497791028512664e-15,FAIL
deadlift,0.0,4,1,mean,C223_kg,-5.329070518200751e-15,-1.2434497875801753e-14,0.0,INCONCLUSIVE
deadlift,0.0,4,1,mean,P230_kg,2.220446049250313e-15,4.440892098500626e-16,5.329070518200751e-15,FAIL
deadlift,0.0,4,7,last,P223_kg,1.2306961192854808e-14,7.105427357601002e-15,1.6663704229186144e-14,FAIL
deadlift,0.0,4,7,last,C223_kg,-1.7763568394002505e-15,-3.552713678800501e-15,0.0,INCONCLUSIVE
deadlift,0.0,4,7,last,P230_kg,8.881784197001252e-16,-4.440892098500626e-16,3.1086244689504383e-15,INCONCLUSIVE
deadlift,0.0,4,7,mean,P223_kg,-1.3322676295501878e-15,-4.002354003773689e-15,0.0,INCONCLUSIVE
deadlift,0.0,4,7,mean,C223_kg,-5.329070518200751e-15,-1.2434497875801753e-14,0.0,INCONCLUSIVE
deadlift,0.0,4,7,mean,P230_kg,3.9968028886505635e-15,0.0,1.199040866595169e-14,INCONCLUSIVE
deadlift,0.0,16,1,last,P223_kg,1.2306961192854808e-14,7.105427357601002e-15,1.6663704229186144e-14,FAIL
deadlift,0.0,16,1,last,C223_kg,-1.7763568394002505e-15,-3.552713678800501e-15,0.0,INCONCLUSIVE
deadlift,0.0,16,1,last,P230_kg,8.881784197001252e-16,-4.440892098500626e-16,3.1086244689504383e-15,INCONCLUSIVE
deadlift,0.0,16,1,mean,P223_kg,7.105427357601002e-15,-1.3322676295501878e-15,1.6209256159527285e-14,INCONCLUSIVE
deadlift,0.0,16,1,mean,C223_kg,-1.1546319456101628e-14,-2.042810365310288e-14,-3.552713678800501e-15,PASS
deadlift,0.0,16,1,mean,P230_kg,8.43769498715119e-15,2.220446049250313e-15,1.7319479184152442e-14,FAIL
deadlift,0.0,16,7,last,P223_kg,1.2306961192854808e-14,7.105427357601002e-15,1.6663704229186144e-14,FAIL
deadlift,0.0,16,7,last,C223_kg,-1.7763568394002505e-15,-3.552713678800501e-15,0.0,INCONCLUSIVE
deadlift,0.0,16,7,last,P230_kg,8.881784197001252e-16,-4.440892098500626e-16,3.1086244689504383e-15,INCONCLUSIVE
deadlift,0.0,16,7,mean,P223_kg,-8.881784197001252e-16,-2.6645352591003757e-15,2.2759572004815204e-16,INCONCLUSIVE
deadlift,0.0,16,7,mean,C223_kg,-3.552713678800501e-15,-8.881784197001252e-15,0.0,INCONCLUSIVE
deadlift,0.0,16,7,mean,P230_kg,1.7763568394002505e-15,0.0,4.884981308350689e-15,INCONCLUSIVE
deadlift,0.0,32,1,last,P223_kg,1.2306961192854808e-14,7.105427357601002e-15,1.6663704229186144e-14,FAIL
deadlift,0.0,32,1,last,C223_kg,-1.7763568394002505e-15,-3.552713678800501e-15,0.0,INCONCLUSIVE
deadlift,0.0,32,1,last,P230_kg,8.881784197001252e-16,-4.440892098500626e-16,3.1086244689504383e-15,INCONCLUSIVE
deadlift,0.0,32,1,mean,P223_kg,-3.552713678800501e-15,-1.176836406102666e-14,4.440892098500626e-15,INCONCLUSIVE
deadlift,0.0,32,1,mean,C223_kg,-1.4210854715202004e-14,-2.3092638912203256e-14,-5.329070518200751e-15,PASS
deadlift,0.0,32,1,mean,P230_kg,1.1546319456101628e-14,1.5543122344752192e-15,2.1316282072803006e-14,FAIL
deadlift,0.0,32,7,last,P223_kg,1.2306961192854808e-14,7.105427357601002e-15,1.6663704229186144e-14,FAIL
deadlift,0.0,32,7,last,C223_kg,-1.7763568394002505e-15,-3.552713678800501e-15,0.0,INCONCLUSIVE
deadlift,0.0,32,7,last,P230_kg,8.881784197001252e-16,-4.440892098500626e-16,3.1086244689504383e-15,INCONCLUSIVE
deadlift,0.0,32,7,mean,P223_kg,-2.6645352591003757e-15,-4.440892098500626e-15,0.0,INCONCLUSIVE
deadlift,0.0,32,7,mean,C223_kg,-3.552713678800501e-15,-5.329070518200751e-15,0.0,INCONCLUSIVE
deadlift,0.0,32,7,mean,P230_kg,-1.3322676295501878e-15,-3.9968028886505635e-15,4.440892098500626e-16,INCONCLUSIVE
deadlift,0.5,1,1,last,P223_kg,-2.6148889328455214,-4.423668578502354,-0.46513840022159697,PASS
deadlift,0.5,1,1,last,C223_kg,-0.6444155838027061,-2.97113201417102,1.8743594734691327,INCONCLUSIVE
deadlift,0.5,1,1,last,P230_kg,-2.6127697055530605,-4.371575718949541,-0.665689588081943,PASS
deadlift,0.5,1,1,mean,P223_kg,-2.6148889328455214,-4.423668578502354,-0.46513840022159697,PASS
deadlift,0.5,1,1,mean,C223_kg,-0.6444155838027061,-2.97113201417102,1.8743594734691327,INCONCLUSIVE
deadlift,0.5,1,1,mean,P230_kg,-2.6127697055530605,-4.371575718949541,-0.665689588081943,PASS
deadlift,0.5,1,7,last,P223_kg,-2.6148889328455214,-4.423668578502354,-0.46513840022159697,PASS
deadlift,0.5,1,7,last,C223_kg,-0.6444155838027061,-2.97113201417102,1.8743594734691327,INCONCLUSIVE
deadlift,0.5,1,7,last,P230_kg,-2.6127697055530605,-4.371575718949541,-0.665689588081943,PASS
deadlift,0.5,1,7,mean,P223_kg,-2.6148889328455214,-4.423668578502354,-0.46513840022159697,PASS
deadlift,0.5,1,7,mean,C223_kg,-0.6444155838027061,-2.97113201417102,1.8743594734691327,INCONCLUSIVE
deadlift,0.5,1,7,mean,P230_kg,-2.6127697055530605,-4.371575718949541,-0.665689588081943,PASS
deadlift,0.5,4,1,last,P223_kg,-2.6148889328455214,-4.423668578502354,-0.46513840022159697,PASS
deadlift,0.5,4,1,last,C223_kg,-0.6444155838027061,-2.97113201417102,1.8743594734691327,INCONCLUSIVE
deadlift,0.5,4,1,last,P230_kg,-2.6127697055530605,-4.371575718949541,-0.665689588081943,PASS
deadlift,0.5,4,1,mean,P223_kg,-0.7972830191400049,-1.471431313053245,-0.09674415816292209,PASS
deadlift,0.5,4,1,mean,C223_kg,0.5066930534566794,-0.4050422898041524,1.3227138788157489,INCONCLUSIVE
deadlift,0.5,4,1,mean,P230_kg,-0.8940701629968633,-1.6277676579740135,-0.18790232883566874,PASS
deadlift,0.5,4,7,last,P223_kg,-2.6148889328455214,-4.423668578502354,-0.46513840022159697,PASS
deadlift,0.5,4,7,last,C223_kg,-0.6444155838027061,-2.97113201417102,1.8743594734691327,INCONCLUSIVE
deadlift,0.5,4,7,last,P230_kg,-2.6127697055530605,-4.371575718949541,-0.665689588081943,PASS
deadlift,0.5,4,7,mean,P223_kg,-0.8871075197036693,-1.546490842985074,-0.09625901599659249,PASS
deadlift,0.5,4,7,mean,C223_kg,0.12087440004264849,-0.42277756422029894,0.7193280417734582,INCONCLUSIVE
deadlift,0.5,4,7,mean,P230_kg,-0.8467108260769693,-1.5609565917989336,0.054669761433867474,INCONCLUSIVE
deadlift,0.5,16,1,last,P223_kg,-2.6148889328455214,-4.423668578502354,-0.46513840022159697,PASS
deadlift,0.5,16,1,last,C223_kg,-0.6444155838027061,-2.97113201417102,1.8743594734691327,INCONCLUSIVE
deadlift,0.5,16,1,last,P230_kg,-2.6127697055530605,-4.371575718949541,-0.665689588081943,PASS
deadlift,0.5,16,1,mean,P223_kg,-0.737086352949367,-1.2356617166138157,-0.23280868966756033,PASS
deadlift,0.5,16,1,mean,C223_kg,0.5444538118173394,0.18385055620838925,0.938803097350492,FAIL
deadlift,0.5,16,1,mean,P230_kg,-0.5996521224722753,-1.1632688154240924,-0.030783171276918327,PASS
deadlift,0.5,16,7,last,P223_kg,-2.6148889328455214,-4.423668578502354,-0.46513840022159697,PASS
deadlift,0.5,16,7,last,C223_kg,-0.6444155838027061,-2.97113201417102,1.8743594734691327,INCONCLUSIVE
deadlift,0.5,16,7,last,P230_kg,-2.6127697055530605,-4.371575718949541,-0.665689588081943,PASS
deadlift,0.5,16,7,mean,P223_kg,-0.34386265244599423,-0.6083665994129133,-0.027962122514409875,PASS
deadlift,0.5,16,7,mean,C223_kg,0.06378275225862318,-0.249521225833066,0.44379257489834595,INCONCLUSIVE
deadlift,0.5,16,7,mean,P230_kg,-0.5423142888291665,-0.7962712635853662,-0.20091216990980235,PASS
deadlift,0.5,32,1,last,P223_kg,-2.6148889328455214,-4.423668578502354,-0.46513840022159697,PASS
deadlift,0.5,32,1,last,C223_kg,-0.6444155838027061,-2.97113201417102,1.8743594734691327,INCONCLUSIVE
deadlift,0.5,32,1,last,P230_kg,-2.6127697055530605,-4.371575718949541,-0.665689588081943,PASS
deadlift,0.5,32,1,mean,P223_kg,-0.08216135379790779,-0.41512261303833214,0.21788914526264566,INCONCLUSIVE
deadlift,0.5,32,1,mean,C223_kg,0.4069918983347076,0.21679452152278,0.6203104535384213,FAIL
deadlift,0.5,32,1,mean,P230_kg,-0.4726035408999829,-0.7930379592861155,-0.13997263492214146,PASS
deadlift,0.5,32,7,last,P223_kg,-2.6148889328455214,-4.423668578502354,-0.46513840022159697,PASS
deadlift,0.5,32,7,last,C223_kg,-0.6444155838027061,-2.97113201417102,1.8743594734691327,INCONCLUSIVE
deadlift,0.5,32,7,last,P230_kg,-2.6127697055530605,-4.371575718949541,-0.665689588081943,PASS
deadlift,0.5,32,7,mean,P223_kg,0.06921743118961299,-0.10527407492989667,0.27062487878573793,INCONCLUSIVE
deadlift,0.5,32,7,mean,C223_kg,0.14030810408670114,-0.04205186062333133,0.33188342743143145,INCONCLUSIVE
deadlift,0.5,32,7,mean,P230_kg,-0.03348474793749201,-0.18436644122124923,0.13140165707226234,INCONCLUSIVE
deadlift,1.0,1,1,last,P223_kg,-5.2649570427852606,-8.90572289870681,-0.6812446196076203,PASS
deadlift,1.0,1,1,last,C223_kg,-2.4773954376351863,-6.8279265678065935,2.357149175971242,INCONCLUSIVE
deadlift,1.0,1,1,last,P230_kg,-5.518593506282379,-9.00794260345447,-1.184327115036639,PASS
deadlift,1.0,1,1,mean,P223_kg,-5.2649570427852606,-8.90572289870681,-0.6812446196076203,PASS
deadlift,1.0,1,1,mean,C223_kg,-2.4773954376351863,-6.8279265678065935,2.357149175971242,INCONCLUSIVE
deadlift,1.0,1,1,mean,P230_kg,-5.518593506282379,-9.00794260345447,-1.184327115036639,PASS
deadlift,1.0,1,7,last,P223_kg,-5.2649570427852606,-8.90572289870681,-0.6812446196076203,PASS
deadlift,1.0,1,7,last,C223_kg,-2.4773954376351863,-6.8279265678065935,2.357149175971242,INCONCLUSIVE
deadlift,1.0,1,7,last,P230_kg,-5.518593506282379,-9.00794260345447,-1.184327115036639,PASS
deadlift,1.0,1,7,mean,P223_kg,-5.2649570427852606,-8.90572289870681,-0.6812446196076203,PASS
deadlift,1.0,1,7,mean,C223_kg,-2.4773954376351863,-6.8279265678065935,2.357149175971242,INCONCLUSIVE
deadlift,1.0,1,7,mean,P230_kg,-5.518593506282379,-9.00794260345447,-1.184327115036639,PASS
deadlift,1.0,4,1,last,P223_kg,-5.2649570427852606,-8.90572289870681,-0.6812446196076203,PASS
deadlift,1.0,4,1,last,C223_kg,-2.4773954376351863,-6.8279265678065935,2.357149175971242,INCONCLUSIVE
deadlift,1.0,4,1,last,P230_kg,-5.518593506282379,-9.00794260345447,-1.184327115036639,PASS
deadlift,1.0,4,1,mean,P223_kg,-1.5088224236593435,-3.1325611873205736,0.15527920159550027,INCONCLUSIVE
deadlift,1.0,4,1,mean,C223_kg,1.02959266359424,-0.7207991996715937,2.676532314938626,INCONCLUSIVE
deadlift,1.0,4,1,mean,P230_kg,-2.0599458850326497,-3.6401928417302463,-0.5403977411447237,PASS
deadlift,1.0,4,7,last,P223_kg,-5.2649570427852606,-8.90572289870681,-0.6812446196076203,PASS
deadlift,1.0,4,7,last,C223_kg,-2.4773954376351863,-6.8279265678065935,2.357149175971242,INCONCLUSIVE
deadlift,1.0,4,7,last,P230_kg,-5.518593506282379,-9.00794260345447,-1.184327115036639,PASS
deadlift,1.0,4,7,mean,P223_kg,-1.7135893122693178,-3.0900906330453664,-0.10320429983841924,PASS
deadlift,1.0,4,7,mean,C223_kg,0.4465514125097325,-0.5988399068401284,1.5585331360786037,INCONCLUSIVE
deadlift,1.0,4,7,mean,P230_kg,-1.9538105996198665,-3.2853788710099208,-0.2680673592503523,PASS
deadlift,1.0,16,1,last,P223_kg,-5.2649570427852606,-8.90572289870681,-0.6812446196076203,PASS
deadlift,1.0,16,1,last,C223_kg,-2.4773954376351863,-6.8279265678065935,2.357149175971242,INCONCLUSIVE
deadlift,1.0,16,1,last,P230_kg,-5.518593506282379,-9.00794260345447,-1.184327115036639,PASS
deadlift,1.0,16,1,mean,P223_kg,-1.0763054967509236,-2.1999244479823807,-0.11091271515812243,PASS
deadlift,1.0,16,1,mean,C223_kg,1.5409089339974233,0.8629604931575015,2.3621109045739273,FAIL
deadlift,1.0,16,1,mean,P230_kg,-1.4605646630347264,-2.730946360088293,-0.23812890653258167,PASS
deadlift,1.0,16,7,last,P223_kg,-5.2649570427852606,-8.90572289870681,-0.6812446196076203,PASS
deadlift,1.0,16,7,last,C223_kg,-2.4773954376351863,-6.8279265678065935,2.357149175971242,INCONCLUSIVE
deadlift,1.0,16,7,last,P230_kg,-5.518593506282379,-9.00794260345447,-1.184327115036639,PASS
deadlift,1.0,16,7,mean,P223_kg,-0.4529980574474122,-1.1223187716329246,0.23962256704639612,INCONCLUSIVE
deadlift,1.0,16,7,mean,C223_kg,0.6768648743759318,0.15801898694553734,1.3646094157844488,FAIL
deadlift,1.0,16,7,mean,P230_kg,-1.0836501637988052,-1.9046485457790823,-0.24682395923851766,PASS
deadlift,1.0,32,1,last,P223_kg,-5.2649570427852606,-8.90572289870681,-0.6812446196076203,PASS
deadlift,1.0,32,1,last,C223_kg,-2.4773954376351863,-6.8279265678065935,2.357149175971242,INCONCLUSIVE
deadlift,1.0,32,1,last,P230_kg,-5.518593506282379,-9.00794260345447,-1.184327115036639,PASS
deadlift,1.0,32,1,mean,P223_kg,0.3323855279911605,-0.3337970290365398,0.8617949357946547,INCONCLUSIVE
deadlift,1.0,32,1,mean,C223_kg,1.397794297637585,0.9719434625537051,1.8640810106261068,FAIL
deadlift,1.0,32,1,mean,P230_kg,-0.777621774956545,-1.8074725793702098,0.1297445025010876,INCONCLUSIVE
deadlift,1.0,32,7,last,P223_kg,-5.2649570427852606,-8.90572289870681,-0.6812446196076203,PASS
deadlift,1.0,32,7,last,C223_kg,-2.4773954376351863,-6.8279265678065935,2.357149175971242,INCONCLUSIVE
deadlift,1.0,32,7,last,P230_kg,-5.518593506282379,-9.00794260345447,-1.184327115036639,PASS
deadlift,1.0,32,7,mean,P223_kg,0.6309670928435773,0.23190825816839214,1.0762222496660983,FAIL
deadlift,1.0,32,7,mean,C223_kg,0.8937790817952642,0.5360200762545553,1.323087767982361,FAIL
deadlift,1.0,32,7,mean,P230_kg,0.3601188837109408,-0.11307784172061494,0.8088527668802975,INCONCLUSIVE
deadlift,2.0,1,1,last,P223_kg,,,,INCONCLUSIVE
deadlift,2.0,1,1,last,C223_kg,,,,INCONCLUSIVE
deadlift,2.0,1,1,last,P230_kg,,,,INCONCLUSIVE
deadlift,2.0,1,1,mean,P223_kg,,,,INCONCLUSIVE
deadlift,2.0,1,1,mean,C223_kg,,,,INCONCLUSIVE
deadlift,2.0,1,1,mean,P230_kg,,,,INCONCLUSIVE
deadlift,2.0,1,7,last,P223_kg,,,,INCONCLUSIVE
deadlift,2.0,1,7,last,C223_kg,,,,INCONCLUSIVE
deadlift,2.0,1,7,last,P230_kg,,,,INCONCLUSIVE
deadlift,2.0,1,7,mean,P223_kg,,,,INCONCLUSIVE
deadlift,2.0,1,7,mean,C223_kg,,,,INCONCLUSIVE
deadlift,2.0,1,7,mean,P230_kg,,,,INCONCLUSIVE
deadlift,2.0,4,1,last,P223_kg,,,,INCONCLUSIVE
deadlift,2.0,4,1,last,C223_kg,,,,INCONCLUSIVE
deadlift,2.0,4,1,last,P230_kg,,,,INCONCLUSIVE
deadlift,2.0,4,1,mean,P223_kg,,,,INCONCLUSIVE
deadlift,2.0,4,1,mean,C223_kg,,,,INCONCLUSIVE
deadlift,2.0,4,1,mean,P230_kg,,,,INCONCLUSIVE
deadlift,2.0,4,7,last,P223_kg,,,,INCONCLUSIVE
deadlift,2.0,4,7,last,C223_kg,,,,INCONCLUSIVE
deadlift,2.0,4,7,last,P230_kg,,,,INCONCLUSIVE
deadlift,2.0,4,7,mean,P223_kg,,,,INCONCLUSIVE
deadlift,2.0,4,7,mean,C223_kg,,,,INCONCLUSIVE
deadlift,2.0,4,7,mean,P230_kg,,,,INCONCLUSIVE
deadlift,2.0,16,1,last,P223_kg,,,,INCONCLUSIVE
deadlift,2.0,16,1,last,C223_kg,,,,INCONCLUSIVE
deadlift,2.0,16,1,last,P230_kg,,,,INCONCLUSIVE
deadlift,2.0,16,1,mean,P223_kg,,,,INCONCLUSIVE
deadlift,2.0,16,1,mean,C223_kg,,,,INCONCLUSIVE
deadlift,2.0,16,1,mean,P230_kg,,,,INCONCLUSIVE
deadlift,2.0,16,7,last,P223_kg,,,,INCONCLUSIVE
deadlift,2.0,16,7,last,C223_kg,,,,INCONCLUSIVE
deadlift,2.0,16,7,last,P230_kg,,,,INCONCLUSIVE
deadlift,2.0,16,7,mean,P223_kg,,,,INCONCLUSIVE
deadlift,2.0,16,7,mean,C223_kg,,,,INCONCLUSIVE
deadlift,2.0,16,7,mean,P230_kg,,,,INCONCLUSIVE
deadlift,2.0,32,1,last,P223_kg,,,,INCONCLUSIVE
deadlift,2.0,32,1,last,C223_kg,,,,INCONCLUSIVE
deadlift,2.0,32,1,last,P230_kg,,,,INCONCLUSIVE
deadlift,2.0,32,1,mean,P223_kg,,,,INCONCLUSIVE
deadlift,2.0,32,1,mean,C223_kg,,,,INCONCLUSIVE
deadlift,2.0,32,1,mean,P230_kg,,,,INCONCLUSIVE
deadlift,2.0,32,7,last,P223_kg,,,,INCONCLUSIVE
deadlift,2.0,32,7,last,C223_kg,,,,INCONCLUSIVE
deadlift,2.0,32,7,last,P230_kg,,,,INCONCLUSIVE
deadlift,2.0,32,7,mean,P223_kg,,,,INCONCLUSIVE
deadlift,2.0,32,7,mean,C223_kg,,,,INCONCLUSIVE
deadlift,2.0,32,7,mean,P230_kg,,,,INCONCLUSIVE
