benchmark_version,identity_authority,historical_specimen_status,benchmark_id,parent_specimen_id,parentage_status,task_reference,qoi_reference,dataset_spec_reference,evaluation_reference,source_prediction_setting,primary_design_change_descriptive_only,evidence_refs
class_normalized_cross_lift_five_target_performance_forecasting@1.0.0,HISTORICAL_PROJECTION,PARTIALLY_RECONSTRUCTED,,pl_legacy_capacity_early,RECOVERED_LINEAGE; rationale UNKNOWN,seasonal_five_target_performance_forecast,seasonal_five_target_performance_outputs,class_normalized_cross_lift_five_target_performance_forecasting_sampling_design,class_normalized_five_output_evaluation,Past/completed context at each query; future outcomes excluded; no declared future-plan input.,"Multi-axis rewrite: WORLD/state formulas, observation implementation, cohort and data changed; five target types remained.",docs/benchmarks/class-normalized-cross-lift-five-target-performance-forecasting.md; artifacts/registries/benchmark-registry.json; src/powerlifting_state_research/provenance/historical_sources.py
four_target_load_velocity_and_competition_performance_forecasting@1.0.0,HISTORICAL_PROJECTION,PARTIALLY_RECONSTRUCTED,,pl_legacy_target_domain_split,RECOVERED_LINEAGE; rationale UNKNOWN,four_target_load_velocity_and_competition_performance_forecast,four_load_velocity_and_competition_performance_targets,four_target_load_velocity_and_competition_performance_forecasting_sampling_design,four_target_weighted_evaluation,Point-in-time histories; temporal features end at the current completed event. No future-plan field in the recovered interface.,Multi-axis: new C21 world/state/population and data; P3 removed; four-target weighted task/evaluation.,docs/benchmarks/four-target-load-velocity-and-competition-performance-forecasting.md; artifacts/registries/benchmark-registry.json; src/powerlifting_state_research/provenance/historical_sources.py
held_out_final_origin_five_target_performance_evaluation@1.0.0,HISTORICAL_PROJECTION,PARTIALLY_RECONSTRUCTED,,pl_legacy_capacity_refined,RECOVERED_LINEAGE,held_out_final_origin_five_target_performance_forecast,seasonal_five_target_performance_outputs,held_out_final_origin_five_target_performance_evaluation_sampling_design,held_out_final_origin_five_target_performance_evaluation,Past/completed observations only. Training origins 200/260/315/340; validation/hidden at 340→365; no declared future-plan input.,"DATASET/TASK/EVALUATION: independent split streams, four earlier origins, final-origin public validation/hidden queries.",docs/benchmarks/held-out-final-origin-five-target-performance-evaluation.md; artifacts/registries/benchmark-registry.json; src/powerlifting_state_research/provenance/historical_sources.py
iid_latent_capacity_change_with_transient_expression_forecasting@1.0.0,PUBLIC_NATIVE,NOT_HISTORICAL,psr:benchmark-spec:iid-latent-capacity-change-with-transient-expression-forecasting@1.0.0~f99463d55ba0,,,latent_capacity_change_forecast,latent_capacity_change,iid_latent_capacity_change_with_transient_expression_forecasting_sampling_design,iid_latent_capacity_change_four_metric_validation,"At origin day 224, expose history through day 223 and the declared future plan; hide future realized outcomes, observations, intervention deviations, latent coordinates, and target fields from participants.",Independent public-native IID dataset and four-metric evaluation; world/task/QOI/representation are shared with the historical capacity-change projection.,docs/benchmarks/iid-latent-capacity-change-with-transient-expression-forecasting.md; artifacts/registries/benchmark-registry.json; src/powerlifting_state_research/provenance/historical_sources.py
latent_capacity_change_with_transient_expression_forecasting@1.0.0,HISTORICAL_PROJECTION,REPRODUCIBLE_SPEC,psr:benchmark-spec:latent-capacity-change-with-transient-expression-forecasting@1.0.0~fbfbe59eb0a8,pl_response_v1_t1_capacity_change,DIRECT_SCIENTIFIC_SUCCESSOR; MULTI_AXIS_CHANGE,latent_capacity_change_forecast,latent_capacity_change,latent_capacity_change_with_transient_expression_forecasting_sampling_design,latent_capacity_change_canonical_sre_evaluation,"Cutoff day 224; 32 weekly observations/lift through day223 plus declared plan/context visible; latent coordinates, targets, future realized outcomes/observations hidden.","New WORLD/system, composed population/intervention, observation, dataset and JSON representation; preserve QOI/TASK family, lifts/units/origin/horizons and SRE family.",docs/benchmarks/latent-capacity-change-with-transient-expression-forecasting.md; artifacts/registries/benchmark-registry.json; src/powerlifting_state_research/provenance/historical_sources.py
latent_origin_capacity_change_forecasting@1.0.0,HISTORICAL_PROJECTION,PARTIALLY_RECONSTRUCTED,,pl_response_v1_t0_public_2048,DIRECT_TARGET_MIGRATION; STRONG_ISOLATION,latent_capacity_change_forecast,latent_capacity_change,latent_origin_capacity_change_forecasting_sampling_design,latent_capacity_change_diagnostic_evaluation,Origin 224; dose-history observations through origin and complete declared future dose/intensity plan; future realized outcomes unavailable.,"One-axis estimand/label migration; same WORLD/observation/2,048 inputs/representation; TASK/QOI, labels, realization, and evaluation identity changed.",docs/benchmarks/latent-origin-capacity-change-forecasting.md; artifacts/registries/benchmark-registry.json; src/powerlifting_state_research/provenance/historical_sources.py
observed_origin_referenced_capacity_change_forecasting@1.0.0,HISTORICAL_PROJECTION,PARTIALLY_RECONSTRUCTED,,pl_c22_schedule_exposure,CANDIDATE_EDGE_ONLY; direct parent and motive UNKNOWN per RES-265,observed_origin_referenced_capacity_change_forecast,observed_origin_referenced_capacity_change,observed_origin_referenced_capacity_change_sampling_design,observed_origin_public_sre_evaluation,Origin 224; use observations through origin and complete declared future dose/intensity plan. Future realized outcomes are unavailable.,"New dose-memory WORLD, observation/export, dataset, T0 target/TASK, and evaluation; direct predecessor/motive unresolved.",docs/benchmarks/observed-origin-referenced-capacity-change-forecasting.md; artifacts/registries/benchmark-registry.json; src/powerlifting_state_research/provenance/historical_sources.py
performance_forecasting_under_schedule_exposure_reporting_heterogeneity@1.0.0,HISTORICAL_PROJECTION,PARTIALLY_RECONSTRUCTED,,pl_c21_stable_slope_tilt,RECOVERED_LINEAGE; one C22.4 specimen only,four_target_load_velocity_and_competition_performance_forecast,four_load_velocity_and_competition_performance_targets,performance_forecasting_under_schedule_exposure_reporting_heterogeneity_sampling_design,four_target_weighted_evaluation,Point-in-time completed histories for 25-day forecast; no declared future-plan input in the recovered interface.,"Add schedule/exposure/population heterogeneity and observation/reporting bias over C21 core; regenerated data, seed 3128.",docs/benchmarks/performance-forecasting-under-schedule-exposure-reporting-heterogeneity.md; artifacts/registries/benchmark-registry.json; src/powerlifting_state_research/provenance/historical_sources.py
seasonal_five_target_load_velocity_performance_forecasting@1.0.0,HISTORICAL_PROJECTION,PARTIALLY_RECONSTRUCTED,,,ROOT_SPECIMEN,seasonal_five_target_performance_forecast,seasonal_five_target_performance_outputs,seasonal_five_target_load_velocity_performance_forecasting_sampling_design,seasonal_five_output_consistency_evaluation,Use past/completed records available at each query time; future meet outcomes and future/in-session records are excluded. No declared future-plan input.,"Root specimen: initial seasonal synthetic capacity/fatigue world, multi-channel observations, five-output task, legacy physical-consistency evaluation.",docs/benchmarks/seasonal-five-target-load-velocity-performance-forecasting.md; artifacts/registries/benchmark-registry.json; src/powerlifting_state_research/provenance/historical_sources.py
