claim_id,claim,evidence_class,evidence_state,scope_and_limit,source_artifacts
C01,The RES-277 profile registry covers nine benchmark versions and keeps each registered axis state separate.,DESCRIPTIVE_COVERAGE,MEASURED,"Coverage is process metadata, not a validity score.",artifacts/registries/version-validity-profiles.json;results/audits/res281-analysis/version-by-axis-evidence.csv
C02,The RES-278 and RES-281 ledgers each preserve one of the six RES-277 states for every attack/version pair.,DESCRIPTIVE_COVERAGE,MEASURED,The two run bundles remain distinct and retain their original result identities.,results/audits/res278/audit-results.json;results/audits/res281/audit-results.json
C03,"The public-native IID comparison contains 22 candidate fitted-instance or ensemble identities over three targets and 3,072 prediction keys.",MEASURED_POINT_ESTIMATES,MEASURED,One DatasetRealization and one canonical RES-271 evaluation; no model was retrained or rescored.,results/audits/res283-analysis/run-manifest.json;results/audits/res283-analysis/frozen-iid-target-wise-rankings.csv
C04,The temporal-expert ensemble leads 11 of 12 target/metric point-estimate comparisons; squat MAE is led by temporal-expert seed 383003.,DESCRIPTIVE_POINT_ESTIMATE_ORDERING,DESCRIPTIVE,Point-estimate ordering only; it does not establish statistical significance or practical superiority.,results/audits/res283-analysis/frozen-iid-target-wise-rankings.csv
C05,"RMSE-versus-MAE model order reverses for 20 squat, 18 bench-press, and 19 deadlift candidate pairs.",DESCRIPTIVE_RANKING_SENSITIVITY,DESCRIPTIVE,Reversal counts describe this frozen candidate panel; they are not an inferential test.,results/audits/res283-analysis/metric-dependent-ranking-summary.csv;results/audits/res283-analysis/pairwise-ranking-reversals.csv
C06,"The saved three-seed panel has no observed pairwise rank reversals, but the RES-281 ranking-stability state remains INCONCLUSIVE.",DESCRIPTIVE_SMALL_SEED_PANEL,INCONCLUSIVE,Three stochastic fits are a small descriptive sample; deterministic repeats are not independent training replications.,results/audits/res283-analysis/fit-seed-rank-stability.csv;results/audits/res283-analysis/fit-seed-pairwise-reversals.csv;results/audits/res281/audit-results.json
C07,"The observed point-estimate Pareto front contains two squat candidates, one bench-press candidate, and one deadlift candidate.",DESCRIPTIVE_POINT_ESTIMATE_FRONTIER,DESCRIPTIVE,The finite frontier is descriptive; RES-281 baseline-domination remains INCONCLUSIVE without a margin or paired uncertainty.,results/audits/res283-analysis/pareto-comparison-summary.csv;results/audits/res281/audit-results.json
C08,Participant-key relabeling produced no prediction mismatch in the registered comparator inference adapter.,BOUNDED_AUDIT_FINDING,PASS,"The audit covers the six registered comparator families and 18 fitted states, not unregistered participant models.",results/audits/res281/audit-results.json
C09,Copied target-canary rows produced no prediction mismatch in the registered comparator inference adapter.,BOUNDED_AUDIT_FINDING,PASS,This verifies the repository inference boundary; it does not establish leakage absence in external code.,results/audits/res281/audit-results.json
C10,"Plan swap, reversed-history, and fresh observation-noise diagnostics report prediction changes under their named synthetic interventions.",NAMED_SYNTHETIC_STRESS_DIAGNOSTICS,INCONCLUSIVE,All three outcomes remain INCONCLUSIVE; the observations do not establish broad OOD or real-athlete robustness.,results/audits/res281/audit-results.json;results/audits/res281-analysis/attack-by-version.csv
C11,Paired IID uncertainty is unidentified because tracked validation target truth and row-to-entity mapping are unavailable.,MISSING_UNCERTAINTY_EVIDENCE,UNSUPPORTED_BY_EVIDENCE,All 264 target/candidate/metric uncertainty cells are unsupported; no bootstrap estimate is reported.,results/audits/res283-analysis/paired-uncertainty-evidence.csv;results/audits/res283-analysis/run-manifest.json
C12,All 36 RES-281 cross-version numerical comparisons remain rejected; no cross-version ranking statistic is admissible.,HISTORICAL_COMPARABILITY_DECISION,UNSUPPORTED_BY_EVIDENCE,Unavailable matched evidence does not demonstrate ranking instability or stability.,results/audits/res281-analysis/cross-version-comparability.csv;results/audits/res283-analysis/cross-version-ranking-admissibility.csv
C13,"Eight historical versions lack a public matched fitted-model/evaluation panel, so their model rankings are not identifiable.",HISTORICAL_EVIDENCE_GAP,UNSUPPORTED_BY_EVIDENCE,The public-native IID panel is not substituted for the missing historical panels.,results/audits/res283-analysis/historical-evidence-gap-report.md;results/audits/res283-analysis/cross-version-ranking-admissibility.csv
C14,Benchmark chronology and design changes do not establish validity improvement or an observed cross-version ranking effect.,HISTORICAL_INTERPRETATION_LIMIT,UNSUPPORTED_BY_EVIDENCE,Design changes are descriptive only; no causal effect or improvement statistic is estimated.,results/audits/res281-analysis/design-change-evidence.csv;results/audits/res283-analysis/cross-version-ranking-admissibility.csv
C15,The temporal-expert source prediction-rights field remains NOASSERTION.,RIGHTS_PROVENANCE,MEASURED_METADATA,Only aggregate evaluation metadata is carried into the publication; raw predictions and checkpoints are not copied.,results/audits/res283-analysis/version-by-model-evidence.csv;provenance/PUBLIC_FILE_ORIGINS.csv
C16,"RES-281 bundle and analysis source identities, RES-278 bundle, and RES-283 analysis outputs reproduce from their recorded checksums.",REPRODUCIBILITY_AND_PROVENANCE,PASS,Reproduction verifies these exact tracked artifacts and source identities only.,results/audits/res278/audit-results.manifest.json;results/audits/res281/audit-results.manifest.json;results/audits/res281-analysis/analysis-results.manifest.json;results/audits/res283-analysis/checksum-index.json
C17,The public-native IID realization reproduced twice with byte-identical train and validation files and matching manifests.,REPRODUCIBILITY_AND_PROVENANCE,PASS,This receipt covers only the public-native IID DatasetRealization and does not recreate historical scrambled-Sobol bytes.,results/audits/res281/reproducibility-execution.json;data/manifests/realizations/latent_capacity_change_with_transient_expression_forecasting/iid-production.json
