model_family,target,metric,fit_seed_count,comparison_panel_family_count,seed_candidate_ids,seed_ranks,rank_min,rank_max,rank_range,rank_sd_ddof0,distinct_ranks,distinct_prediction_artifacts,seed_interpretation,inference_status
compact_neural,squat_delta_capacity_kg,RMSE,3,7,"{""383001"":""compact_neural:383001"",""383002"":""compact_neural:383002"",""383003"":""compact_neural:383003""}","{""383001"":2.0,""383002"":2.0,""383003"":2.0}",2.0,2.0,0.0,0.0,1,3,THREE_DISTINCT_FIT_SEEDS_DESCRIPTIVE_ONLY,INCONCLUSIVE_NO_PREDECLARED_PRACTICAL_THRESHOLD
compact_neural,squat_delta_capacity_kg,MAE,3,7,"{""383001"":""compact_neural:383001"",""383002"":""compact_neural:383002"",""383003"":""compact_neural:383003""}","{""383001"":2.0,""383002"":2.0,""383003"":2.0}",2.0,2.0,0.0,0.0,1,3,THREE_DISTINCT_FIT_SEEDS_DESCRIPTIVE_ONLY,INCONCLUSIVE_NO_PREDECLARED_PRACTICAL_THRESHOLD
compact_neural,squat_delta_capacity_kg,R²,3,7,"{""383001"":""compact_neural:383001"",""383002"":""compact_neural:383002"",""383003"":""compact_neural:383003""}","{""383001"":2.0,""383002"":2.0,""383003"":2.0}",2.0,2.0,0.0,0.0,1,3,THREE_DISTINCT_FIT_SEEDS_DESCRIPTIVE_ONLY,INCONCLUSIVE_NO_PREDECLARED_PRACTICAL_THRESHOLD
compact_neural,squat_delta_capacity_kg,SRE(ddof=0),3,7,"{""383001"":""compact_neural:383001"",""383002"":""compact_neural:383002"",""383003"":""compact_neural:383003""}","{""383001"":2.0,""383002"":2.0,""383003"":2.0}",2.0,2.0,0.0,0.0,1,3,THREE_DISTINCT_FIT_SEEDS_DESCRIPTIVE_ONLY,INCONCLUSIVE_NO_PREDECLARED_PRACTICAL_THRESHOLD
compact_neural,bench_press_delta_capacity_kg,RMSE,3,7,"{""383001"":""compact_neural:383001"",""383002"":""compact_neural:383002"",""383003"":""compact_neural:383003""}","{""383001"":2.0,""383002"":2.0,""383003"":2.0}",2.0,2.0,0.0,0.0,1,3,THREE_DISTINCT_FIT_SEEDS_DESCRIPTIVE_ONLY,INCONCLUSIVE_NO_PREDECLARED_PRACTICAL_THRESHOLD
compact_neural,bench_press_delta_capacity_kg,MAE,3,7,"{""383001"":""compact_neural:383001"",""383002"":""compact_neural:383002"",""383003"":""compact_neural:383003""}","{""383001"":2.0,""383002"":2.0,""383003"":2.0}",2.0,2.0,0.0,0.0,1,3,THREE_DISTINCT_FIT_SEEDS_DESCRIPTIVE_ONLY,INCONCLUSIVE_NO_PREDECLARED_PRACTICAL_THRESHOLD
compact_neural,bench_press_delta_capacity_kg,R²,3,7,"{""383001"":""compact_neural:383001"",""383002"":""compact_neural:383002"",""383003"":""compact_neural:383003""}","{""383001"":2.0,""383002"":2.0,""383003"":2.0}",2.0,2.0,0.0,0.0,1,3,THREE_DISTINCT_FIT_SEEDS_DESCRIPTIVE_ONLY,INCONCLUSIVE_NO_PREDECLARED_PRACTICAL_THRESHOLD
compact_neural,bench_press_delta_capacity_kg,SRE(ddof=0),3,7,"{""383001"":""compact_neural:383001"",""383002"":""compact_neural:383002"",""383003"":""compact_neural:383003""}","{""383001"":2.0,""383002"":2.0,""383003"":2.0}",2.0,2.0,0.0,0.0,1,3,THREE_DISTINCT_FIT_SEEDS_DESCRIPTIVE_ONLY,INCONCLUSIVE_NO_PREDECLARED_PRACTICAL_THRESHOLD
compact_neural,deadlift_delta_capacity_kg,RMSE,3,7,"{""383001"":""compact_neural:383001"",""383002"":""compact_neural:383002"",""383003"":""compact_neural:383003""}","{""383001"":2.0,""383002"":2.0,""383003"":2.0}",2.0,2.0,0.0,0.0,1,3,THREE_DISTINCT_FIT_SEEDS_DESCRIPTIVE_ONLY,INCONCLUSIVE_NO_PREDECLARED_PRACTICAL_THRESHOLD
compact_neural,deadlift_delta_capacity_kg,MAE,3,7,"{""383001"":""compact_neural:383001"",""383002"":""compact_neural:383002"",""383003"":""compact_neural:383003""}","{""383001"":2.0,""383002"":2.0,""383003"":2.0}",2.0,2.0,0.0,0.0,1,3,THREE_DISTINCT_FIT_SEEDS_DESCRIPTIVE_ONLY,INCONCLUSIVE_NO_PREDECLARED_PRACTICAL_THRESHOLD
compact_neural,deadlift_delta_capacity_kg,R²,3,7,"{""383001"":""compact_neural:383001"",""383002"":""compact_neural:383002"",""383003"":""compact_neural:383003""}","{""383001"":2.0,""383002"":2.0,""383003"":2.0}",2.0,2.0,0.0,0.0,1,3,THREE_DISTINCT_FIT_SEEDS_DESCRIPTIVE_ONLY,INCONCLUSIVE_NO_PREDECLARED_PRACTICAL_THRESHOLD
compact_neural,deadlift_delta_capacity_kg,SRE(ddof=0),3,7,"{""383001"":""compact_neural:383001"",""383002"":""compact_neural:383002"",""383003"":""compact_neural:383003""}","{""383001"":2.0,""383002"":2.0,""383003"":2.0}",2.0,2.0,0.0,0.0,1,3,THREE_DISTINCT_FIT_SEEDS_DESCRIPTIVE_ONLY,INCONCLUSIVE_NO_PREDECLARED_PRACTICAL_THRESHOLD
context_mean,squat_delta_capacity_kg,RMSE,3,7,"{""383001"":""context_mean:383001"",""383002"":""context_mean:383002"",""383003"":""context_mean:383003""}","{""383001"":5.0,""383002"":5.0,""383003"":5.0}",5.0,5.0,0.0,0.0,1,1,DETERMINISTIC_REPEATS_NOT_INDEPENDENT_FIT_REPLICATIONS,INCONCLUSIVE_NO_PREDECLARED_PRACTICAL_THRESHOLD
context_mean,squat_delta_capacity_kg,MAE,3,7,"{""383001"":""context_mean:383001"",""383002"":""context_mean:383002"",""383003"":""context_mean:383003""}","{""383001"":5.0,""383002"":5.0,""383003"":5.0}",5.0,5.0,0.0,0.0,1,1,DETERMINISTIC_REPEATS_NOT_INDEPENDENT_FIT_REPLICATIONS,INCONCLUSIVE_NO_PREDECLARED_PRACTICAL_THRESHOLD
context_mean,squat_delta_capacity_kg,R²,3,7,"{""383001"":""context_mean:383001"",""383002"":""context_mean:383002"",""383003"":""context_mean:383003""}","{""383001"":5.0,""383002"":5.0,""383003"":5.0}",5.0,5.0,0.0,0.0,1,1,DETERMINISTIC_REPEATS_NOT_INDEPENDENT_FIT_REPLICATIONS,INCONCLUSIVE_NO_PREDECLARED_PRACTICAL_THRESHOLD
context_mean,squat_delta_capacity_kg,SRE(ddof=0),3,7,"{""383001"":""context_mean:383001"",""383002"":""context_mean:383002"",""383003"":""context_mean:383003""}","{""383001"":5.0,""383002"":5.0,""383003"":5.0}",5.0,5.0,0.0,0.0,1,1,DETERMINISTIC_REPEATS_NOT_INDEPENDENT_FIT_REPLICATIONS,INCONCLUSIVE_NO_PREDECLARED_PRACTICAL_THRESHOLD
context_mean,bench_press_delta_capacity_kg,RMSE,3,7,"{""383001"":""context_mean:383001"",""383002"":""context_mean:383002"",""383003"":""context_mean:383003""}","{""383001"":5.0,""383002"":5.0,""383003"":5.0}",5.0,5.0,0.0,0.0,1,1,DETERMINISTIC_REPEATS_NOT_INDEPENDENT_FIT_REPLICATIONS,INCONCLUSIVE_NO_PREDECLARED_PRACTICAL_THRESHOLD
context_mean,bench_press_delta_capacity_kg,MAE,3,7,"{""383001"":""context_mean:383001"",""383002"":""context_mean:383002"",""383003"":""context_mean:383003""}","{""383001"":5.0,""383002"":5.0,""383003"":5.0}",5.0,5.0,0.0,0.0,1,1,DETERMINISTIC_REPEATS_NOT_INDEPENDENT_FIT_REPLICATIONS,INCONCLUSIVE_NO_PREDECLARED_PRACTICAL_THRESHOLD
context_mean,bench_press_delta_capacity_kg,R²,3,7,"{""383001"":""context_mean:383001"",""383002"":""context_mean:383002"",""383003"":""context_mean:383003""}","{""383001"":5.0,""383002"":5.0,""383003"":5.0}",5.0,5.0,0.0,0.0,1,1,DETERMINISTIC_REPEATS_NOT_INDEPENDENT_FIT_REPLICATIONS,INCONCLUSIVE_NO_PREDECLARED_PRACTICAL_THRESHOLD
context_mean,bench_press_delta_capacity_kg,SRE(ddof=0),3,7,"{""383001"":""context_mean:383001"",""383002"":""context_mean:383002"",""383003"":""context_mean:383003""}","{""383001"":5.0,""383002"":5.0,""383003"":5.0}",5.0,5.0,0.0,0.0,1,1,DETERMINISTIC_REPEATS_NOT_INDEPENDENT_FIT_REPLICATIONS,INCONCLUSIVE_NO_PREDECLARED_PRACTICAL_THRESHOLD
context_mean,deadlift_delta_capacity_kg,RMSE,3,7,"{""383001"":""context_mean:383001"",""383002"":""context_mean:383002"",""383003"":""context_mean:383003""}","{""383001"":5.0,""383002"":5.0,""383003"":5.0}",5.0,5.0,0.0,0.0,1,1,DETERMINISTIC_REPEATS_NOT_INDEPENDENT_FIT_REPLICATIONS,INCONCLUSIVE_NO_PREDECLARED_PRACTICAL_THRESHOLD
context_mean,deadlift_delta_capacity_kg,MAE,3,7,"{""383001"":""context_mean:383001"",""383002"":""context_mean:383002"",""383003"":""context_mean:383003""}","{""383001"":5.0,""383002"":5.0,""383003"":5.0}",5.0,5.0,0.0,0.0,1,1,DETERMINISTIC_REPEATS_NOT_INDEPENDENT_FIT_REPLICATIONS,INCONCLUSIVE_NO_PREDECLARED_PRACTICAL_THRESHOLD
context_mean,deadlift_delta_capacity_kg,R²,3,7,"{""383001"":""context_mean:383001"",""383002"":""context_mean:383002"",""383003"":""context_mean:383003""}","{""383001"":5.0,""383002"":5.0,""383003"":5.0}",5.0,5.0,0.0,0.0,1,1,DETERMINISTIC_REPEATS_NOT_INDEPENDENT_FIT_REPLICATIONS,INCONCLUSIVE_NO_PREDECLARED_PRACTICAL_THRESHOLD
context_mean,deadlift_delta_capacity_kg,SRE(ddof=0),3,7,"{""383001"":""context_mean:383001"",""383002"":""context_mean:383002"",""383003"":""context_mean:383003""}","{""383001"":5.0,""383002"":5.0,""383003"":5.0}",5.0,5.0,0.0,0.0,1,1,DETERMINISTIC_REPEATS_NOT_INDEPENDENT_FIT_REPLICATIONS,INCONCLUSIVE_NO_PREDECLARED_PRACTICAL_THRESHOLD
histogram_boosted_stumps,squat_delta_capacity_kg,RMSE,3,7,"{""383001"":""histogram_boosted_stumps:383001"",""383002"":""histogram_boosted_stumps:383002"",""383003"":""histogram_boosted_stumps:383003""}","{""383001"":7.0,""383002"":7.0,""383003"":7.0}",7.0,7.0,0.0,0.0,1,1,DETERMINISTIC_REPEATS_NOT_INDEPENDENT_FIT_REPLICATIONS,INCONCLUSIVE_NO_PREDECLARED_PRACTICAL_THRESHOLD
histogram_boosted_stumps,squat_delta_capacity_kg,MAE,3,7,"{""383001"":""histogram_boosted_stumps:383001"",""383002"":""histogram_boosted_stumps:383002"",""383003"":""histogram_boosted_stumps:383003""}","{""383001"":6.0,""383002"":6.0,""383003"":6.0}",6.0,6.0,0.0,0.0,1,1,DETERMINISTIC_REPEATS_NOT_INDEPENDENT_FIT_REPLICATIONS,INCONCLUSIVE_NO_PREDECLARED_PRACTICAL_THRESHOLD
histogram_boosted_stumps,squat_delta_capacity_kg,R²,3,7,"{""383001"":""histogram_boosted_stumps:383001"",""383002"":""histogram_boosted_stumps:383002"",""383003"":""histogram_boosted_stumps:383003""}","{""383001"":7.0,""383002"":7.0,""383003"":7.0}",7.0,7.0,0.0,0.0,1,1,DETERMINISTIC_REPEATS_NOT_INDEPENDENT_FIT_REPLICATIONS,INCONCLUSIVE_NO_PREDECLARED_PRACTICAL_THRESHOLD
histogram_boosted_stumps,squat_delta_capacity_kg,SRE(ddof=0),3,7,"{""383001"":""histogram_boosted_stumps:383001"",""383002"":""histogram_boosted_stumps:383002"",""383003"":""histogram_boosted_stumps:383003""}","{""383001"":7.0,""383002"":7.0,""383003"":7.0}",7.0,7.0,0.0,0.0,1,1,DETERMINISTIC_REPEATS_NOT_INDEPENDENT_FIT_REPLICATIONS,INCONCLUSIVE_NO_PREDECLARED_PRACTICAL_THRESHOLD
histogram_boosted_stumps,bench_press_delta_capacity_kg,RMSE,3,7,"{""383001"":""histogram_boosted_stumps:383001"",""383002"":""histogram_boosted_stumps:383002"",""383003"":""histogram_boosted_stumps:383003""}","{""383001"":7.0,""383002"":7.0,""383003"":7.0}",7.0,7.0,0.0,0.0,1,1,DETERMINISTIC_REPEATS_NOT_INDEPENDENT_FIT_REPLICATIONS,INCONCLUSIVE_NO_PREDECLARED_PRACTICAL_THRESHOLD
histogram_boosted_stumps,bench_press_delta_capacity_kg,MAE,3,7,"{""383001"":""histogram_boosted_stumps:383001"",""383002"":""histogram_boosted_stumps:383002"",""383003"":""histogram_boosted_stumps:383003""}","{""383001"":6.0,""383002"":6.0,""383003"":6.0}",6.0,6.0,0.0,0.0,1,1,DETERMINISTIC_REPEATS_NOT_INDEPENDENT_FIT_REPLICATIONS,INCONCLUSIVE_NO_PREDECLARED_PRACTICAL_THRESHOLD
histogram_boosted_stumps,bench_press_delta_capacity_kg,R²,3,7,"{""383001"":""histogram_boosted_stumps:383001"",""383002"":""histogram_boosted_stumps:383002"",""383003"":""histogram_boosted_stumps:383003""}","{""383001"":7.0,""383002"":7.0,""383003"":7.0}",7.0,7.0,0.0,0.0,1,1,DETERMINISTIC_REPEATS_NOT_INDEPENDENT_FIT_REPLICATIONS,INCONCLUSIVE_NO_PREDECLARED_PRACTICAL_THRESHOLD
histogram_boosted_stumps,bench_press_delta_capacity_kg,SRE(ddof=0),3,7,"{""383001"":""histogram_boosted_stumps:383001"",""383002"":""histogram_boosted_stumps:383002"",""383003"":""histogram_boosted_stumps:383003""}","{""383001"":7.0,""383002"":7.0,""383003"":7.0}",7.0,7.0,0.0,0.0,1,1,DETERMINISTIC_REPEATS_NOT_INDEPENDENT_FIT_REPLICATIONS,INCONCLUSIVE_NO_PREDECLARED_PRACTICAL_THRESHOLD
histogram_boosted_stumps,deadlift_delta_capacity_kg,RMSE,3,7,"{""383001"":""histogram_boosted_stumps:383001"",""383002"":""histogram_boosted_stumps:383002"",""383003"":""histogram_boosted_stumps:383003""}","{""383001"":7.0,""383002"":7.0,""383003"":7.0}",7.0,7.0,0.0,0.0,1,1,DETERMINISTIC_REPEATS_NOT_INDEPENDENT_FIT_REPLICATIONS,INCONCLUSIVE_NO_PREDECLARED_PRACTICAL_THRESHOLD
histogram_boosted_stumps,deadlift_delta_capacity_kg,MAE,3,7,"{""383001"":""histogram_boosted_stumps:383001"",""383002"":""histogram_boosted_stumps:383002"",""383003"":""histogram_boosted_stumps:383003""}","{""383001"":6.0,""383002"":6.0,""383003"":6.0}",6.0,6.0,0.0,0.0,1,1,DETERMINISTIC_REPEATS_NOT_INDEPENDENT_FIT_REPLICATIONS,INCONCLUSIVE_NO_PREDECLARED_PRACTICAL_THRESHOLD
histogram_boosted_stumps,deadlift_delta_capacity_kg,R²,3,7,"{""383001"":""histogram_boosted_stumps:383001"",""383002"":""histogram_boosted_stumps:383002"",""383003"":""histogram_boosted_stumps:383003""}","{""383001"":7.0,""383002"":7.0,""383003"":7.0}",7.0,7.0,0.0,0.0,1,1,DETERMINISTIC_REPEATS_NOT_INDEPENDENT_FIT_REPLICATIONS,INCONCLUSIVE_NO_PREDECLARED_PRACTICAL_THRESHOLD
histogram_boosted_stumps,deadlift_delta_capacity_kg,SRE(ddof=0),3,7,"{""383001"":""histogram_boosted_stumps:383001"",""383002"":""histogram_boosted_stumps:383002"",""383003"":""histogram_boosted_stumps:383003""}","{""383001"":7.0,""383002"":7.0,""383003"":7.0}",7.0,7.0,0.0,0.0,1,1,DETERMINISTIC_REPEATS_NOT_INDEPENDENT_FIT_REPLICATIONS,INCONCLUSIVE_NO_PREDECLARED_PRACTICAL_THRESHOLD
mechanistic_midpoint,squat_delta_capacity_kg,RMSE,3,7,"{""383001"":""mechanistic_midpoint:383001"",""383002"":""mechanistic_midpoint:383002"",""383003"":""mechanistic_midpoint:383003""}","{""383001"":4.0,""383002"":4.0,""383003"":4.0}",4.0,4.0,0.0,0.0,1,1,DETERMINISTIC_REPEATS_NOT_INDEPENDENT_FIT_REPLICATIONS,INCONCLUSIVE_NO_PREDECLARED_PRACTICAL_THRESHOLD
mechanistic_midpoint,squat_delta_capacity_kg,MAE,3,7,"{""383001"":""mechanistic_midpoint:383001"",""383002"":""mechanistic_midpoint:383002"",""383003"":""mechanistic_midpoint:383003""}","{""383001"":3.0,""383002"":3.0,""383003"":3.0}",3.0,3.0,0.0,0.0,1,1,DETERMINISTIC_REPEATS_NOT_INDEPENDENT_FIT_REPLICATIONS,INCONCLUSIVE_NO_PREDECLARED_PRACTICAL_THRESHOLD
mechanistic_midpoint,squat_delta_capacity_kg,R²,3,7,"{""383001"":""mechanistic_midpoint:383001"",""383002"":""mechanistic_midpoint:383002"",""383003"":""mechanistic_midpoint:383003""}","{""383001"":4.0,""383002"":4.0,""383003"":4.0}",4.0,4.0,0.0,0.0,1,1,DETERMINISTIC_REPEATS_NOT_INDEPENDENT_FIT_REPLICATIONS,INCONCLUSIVE_NO_PREDECLARED_PRACTICAL_THRESHOLD
mechanistic_midpoint,squat_delta_capacity_kg,SRE(ddof=0),3,7,"{""383001"":""mechanistic_midpoint:383001"",""383002"":""mechanistic_midpoint:383002"",""383003"":""mechanistic_midpoint:383003""}","{""383001"":4.0,""383002"":4.0,""383003"":4.0}",4.0,4.0,0.0,0.0,1,1,DETERMINISTIC_REPEATS_NOT_INDEPENDENT_FIT_REPLICATIONS,INCONCLUSIVE_NO_PREDECLARED_PRACTICAL_THRESHOLD
mechanistic_midpoint,bench_press_delta_capacity_kg,RMSE,3,7,"{""383001"":""mechanistic_midpoint:383001"",""383002"":""mechanistic_midpoint:383002"",""383003"":""mechanistic_midpoint:383003""}","{""383001"":4.0,""383002"":4.0,""383003"":4.0}",4.0,4.0,0.0,0.0,1,1,DETERMINISTIC_REPEATS_NOT_INDEPENDENT_FIT_REPLICATIONS,INCONCLUSIVE_NO_PREDECLARED_PRACTICAL_THRESHOLD
mechanistic_midpoint,bench_press_delta_capacity_kg,MAE,3,7,"{""383001"":""mechanistic_midpoint:383001"",""383002"":""mechanistic_midpoint:383002"",""383003"":""mechanistic_midpoint:383003""}","{""383001"":3.0,""383002"":3.0,""383003"":3.0}",3.0,3.0,0.0,0.0,1,1,DETERMINISTIC_REPEATS_NOT_INDEPENDENT_FIT_REPLICATIONS,INCONCLUSIVE_NO_PREDECLARED_PRACTICAL_THRESHOLD
mechanistic_midpoint,bench_press_delta_capacity_kg,R²,3,7,"{""383001"":""mechanistic_midpoint:383001"",""383002"":""mechanistic_midpoint:383002"",""383003"":""mechanistic_midpoint:383003""}","{""383001"":4.0,""383002"":4.0,""383003"":4.0}",4.0,4.0,0.0,0.0,1,1,DETERMINISTIC_REPEATS_NOT_INDEPENDENT_FIT_REPLICATIONS,INCONCLUSIVE_NO_PREDECLARED_PRACTICAL_THRESHOLD
mechanistic_midpoint,bench_press_delta_capacity_kg,SRE(ddof=0),3,7,"{""383001"":""mechanistic_midpoint:383001"",""383002"":""mechanistic_midpoint:383002"",""383003"":""mechanistic_midpoint:383003""}","{""383001"":4.0,""383002"":4.0,""383003"":4.0}",4.0,4.0,0.0,0.0,1,1,DETERMINISTIC_REPEATS_NOT_INDEPENDENT_FIT_REPLICATIONS,INCONCLUSIVE_NO_PREDECLARED_PRACTICAL_THRESHOLD
mechanistic_midpoint,deadlift_delta_capacity_kg,RMSE,3,7,"{""383001"":""mechanistic_midpoint:383001"",""383002"":""mechanistic_midpoint:383002"",""383003"":""mechanistic_midpoint:383003""}","{""383001"":4.0,""383002"":4.0,""383003"":4.0}",4.0,4.0,0.0,0.0,1,1,DETERMINISTIC_REPEATS_NOT_INDEPENDENT_FIT_REPLICATIONS,INCONCLUSIVE_NO_PREDECLARED_PRACTICAL_THRESHOLD
mechanistic_midpoint,deadlift_delta_capacity_kg,MAE,3,7,"{""383001"":""mechanistic_midpoint:383001"",""383002"":""mechanistic_midpoint:383002"",""383003"":""mechanistic_midpoint:383003""}","{""383001"":3.0,""383002"":3.0,""383003"":3.0}",3.0,3.0,0.0,0.0,1,1,DETERMINISTIC_REPEATS_NOT_INDEPENDENT_FIT_REPLICATIONS,INCONCLUSIVE_NO_PREDECLARED_PRACTICAL_THRESHOLD
mechanistic_midpoint,deadlift_delta_capacity_kg,R²,3,7,"{""383001"":""mechanistic_midpoint:383001"",""383002"":""mechanistic_midpoint:383002"",""383003"":""mechanistic_midpoint:383003""}","{""383001"":4.0,""383002"":4.0,""383003"":4.0}",4.0,4.0,0.0,0.0,1,1,DETERMINISTIC_REPEATS_NOT_INDEPENDENT_FIT_REPLICATIONS,INCONCLUSIVE_NO_PREDECLARED_PRACTICAL_THRESHOLD
mechanistic_midpoint,deadlift_delta_capacity_kg,SRE(ddof=0),3,7,"{""383001"":""mechanistic_midpoint:383001"",""383002"":""mechanistic_midpoint:383002"",""383003"":""mechanistic_midpoint:383003""}","{""383001"":4.0,""383002"":4.0,""383003"":4.0}",4.0,4.0,0.0,0.0,1,1,DETERMINISTIC_REPEATS_NOT_INDEPENDENT_FIT_REPLICATIONS,INCONCLUSIVE_NO_PREDECLARED_PRACTICAL_THRESHOLD
mechanistic_ridge_residual,squat_delta_capacity_kg,RMSE,3,7,"{""383001"":""mechanistic_ridge_residual:383001"",""383002"":""mechanistic_ridge_residual:383002"",""383003"":""mechanistic_ridge_residual:383003""}","{""383001"":3.0,""383002"":3.0,""383003"":3.0}",3.0,3.0,0.0,0.0,1,1,DETERMINISTIC_REPEATS_NOT_INDEPENDENT_FIT_REPLICATIONS,INCONCLUSIVE_NO_PREDECLARED_PRACTICAL_THRESHOLD
mechanistic_ridge_residual,squat_delta_capacity_kg,MAE,3,7,"{""383001"":""mechanistic_ridge_residual:383001"",""383002"":""mechanistic_ridge_residual:383002"",""383003"":""mechanistic_ridge_residual:383003""}","{""383001"":4.0,""383002"":4.0,""383003"":4.0}",4.0,4.0,0.0,0.0,1,1,DETERMINISTIC_REPEATS_NOT_INDEPENDENT_FIT_REPLICATIONS,INCONCLUSIVE_NO_PREDECLARED_PRACTICAL_THRESHOLD
mechanistic_ridge_residual,squat_delta_capacity_kg,R²,3,7,"{""383001"":""mechanistic_ridge_residual:383001"",""383002"":""mechanistic_ridge_residual:383002"",""383003"":""mechanistic_ridge_residual:383003""}","{""383001"":3.0,""383002"":3.0,""383003"":3.0}",3.0,3.0,0.0,0.0,1,1,DETERMINISTIC_REPEATS_NOT_INDEPENDENT_FIT_REPLICATIONS,INCONCLUSIVE_NO_PREDECLARED_PRACTICAL_THRESHOLD
mechanistic_ridge_residual,squat_delta_capacity_kg,SRE(ddof=0),3,7,"{""383001"":""mechanistic_ridge_residual:383001"",""383002"":""mechanistic_ridge_residual:383002"",""383003"":""mechanistic_ridge_residual:383003""}","{""383001"":3.0,""383002"":3.0,""383003"":3.0}",3.0,3.0,0.0,0.0,1,1,DETERMINISTIC_REPEATS_NOT_INDEPENDENT_FIT_REPLICATIONS,INCONCLUSIVE_NO_PREDECLARED_PRACTICAL_THRESHOLD
mechanistic_ridge_residual,bench_press_delta_capacity_kg,RMSE,3,7,"{""383001"":""mechanistic_ridge_residual:383001"",""383002"":""mechanistic_ridge_residual:383002"",""383003"":""mechanistic_ridge_residual:383003""}","{""383001"":3.0,""383002"":3.0,""383003"":3.0}",3.0,3.0,0.0,0.0,1,1,DETERMINISTIC_REPEATS_NOT_INDEPENDENT_FIT_REPLICATIONS,INCONCLUSIVE_NO_PREDECLARED_PRACTICAL_THRESHOLD
mechanistic_ridge_residual,bench_press_delta_capacity_kg,MAE,3,7,"{""383001"":""mechanistic_ridge_residual:383001"",""383002"":""mechanistic_ridge_residual:383002"",""383003"":""mechanistic_ridge_residual:383003""}","{""383001"":4.0,""383002"":4.0,""383003"":4.0}",4.0,4.0,0.0,0.0,1,1,DETERMINISTIC_REPEATS_NOT_INDEPENDENT_FIT_REPLICATIONS,INCONCLUSIVE_NO_PREDECLARED_PRACTICAL_THRESHOLD
mechanistic_ridge_residual,bench_press_delta_capacity_kg,R²,3,7,"{""383001"":""mechanistic_ridge_residual:383001"",""383002"":""mechanistic_ridge_residual:383002"",""383003"":""mechanistic_ridge_residual:383003""}","{""383001"":3.0,""383002"":3.0,""383003"":3.0}",3.0,3.0,0.0,0.0,1,1,DETERMINISTIC_REPEATS_NOT_INDEPENDENT_FIT_REPLICATIONS,INCONCLUSIVE_NO_PREDECLARED_PRACTICAL_THRESHOLD
mechanistic_ridge_residual,bench_press_delta_capacity_kg,SRE(ddof=0),3,7,"{""383001"":""mechanistic_ridge_residual:383001"",""383002"":""mechanistic_ridge_residual:383002"",""383003"":""mechanistic_ridge_residual:383003""}","{""383001"":3.0,""383002"":3.0,""383003"":3.0}",3.0,3.0,0.0,0.0,1,1,DETERMINISTIC_REPEATS_NOT_INDEPENDENT_FIT_REPLICATIONS,INCONCLUSIVE_NO_PREDECLARED_PRACTICAL_THRESHOLD
mechanistic_ridge_residual,deadlift_delta_capacity_kg,RMSE,3,7,"{""383001"":""mechanistic_ridge_residual:383001"",""383002"":""mechanistic_ridge_residual:383002"",""383003"":""mechanistic_ridge_residual:383003""}","{""383001"":3.0,""383002"":3.0,""383003"":3.0}",3.0,3.0,0.0,0.0,1,1,DETERMINISTIC_REPEATS_NOT_INDEPENDENT_FIT_REPLICATIONS,INCONCLUSIVE_NO_PREDECLARED_PRACTICAL_THRESHOLD
mechanistic_ridge_residual,deadlift_delta_capacity_kg,MAE,3,7,"{""383001"":""mechanistic_ridge_residual:383001"",""383002"":""mechanistic_ridge_residual:383002"",""383003"":""mechanistic_ridge_residual:383003""}","{""383001"":4.0,""383002"":4.0,""383003"":4.0}",4.0,4.0,0.0,0.0,1,1,DETERMINISTIC_REPEATS_NOT_INDEPENDENT_FIT_REPLICATIONS,INCONCLUSIVE_NO_PREDECLARED_PRACTICAL_THRESHOLD
mechanistic_ridge_residual,deadlift_delta_capacity_kg,R²,3,7,"{""383001"":""mechanistic_ridge_residual:383001"",""383002"":""mechanistic_ridge_residual:383002"",""383003"":""mechanistic_ridge_residual:383003""}","{""383001"":3.0,""383002"":3.0,""383003"":3.0}",3.0,3.0,0.0,0.0,1,1,DETERMINISTIC_REPEATS_NOT_INDEPENDENT_FIT_REPLICATIONS,INCONCLUSIVE_NO_PREDECLARED_PRACTICAL_THRESHOLD
mechanistic_ridge_residual,deadlift_delta_capacity_kg,SRE(ddof=0),3,7,"{""383001"":""mechanistic_ridge_residual:383001"",""383002"":""mechanistic_ridge_residual:383002"",""383003"":""mechanistic_ridge_residual:383003""}","{""383001"":3.0,""383002"":3.0,""383003"":3.0}",3.0,3.0,0.0,0.0,1,1,DETERMINISTIC_REPEATS_NOT_INDEPENDENT_FIT_REPLICATIONS,INCONCLUSIVE_NO_PREDECLARED_PRACTICAL_THRESHOLD
public-native-temporal-expert,squat_delta_capacity_kg,RMSE,3,7,"{""383001"":""public-native-temporal-expert:383001"",""383002"":""public-native-temporal-expert:383002"",""383003"":""public-native-temporal-expert:383003""}","{""383001"":1.0,""383002"":1.0,""383003"":1.0}",1.0,1.0,0.0,0.0,1,3,THREE_DISTINCT_FIT_SEEDS_DESCRIPTIVE_ONLY,INCONCLUSIVE_NO_PREDECLARED_PRACTICAL_THRESHOLD
public-native-temporal-expert,squat_delta_capacity_kg,MAE,3,7,"{""383001"":""public-native-temporal-expert:383001"",""383002"":""public-native-temporal-expert:383002"",""383003"":""public-native-temporal-expert:383003""}","{""383001"":1.0,""383002"":1.0,""383003"":1.0}",1.0,1.0,0.0,0.0,1,3,THREE_DISTINCT_FIT_SEEDS_DESCRIPTIVE_ONLY,INCONCLUSIVE_NO_PREDECLARED_PRACTICAL_THRESHOLD
public-native-temporal-expert,squat_delta_capacity_kg,R²,3,7,"{""383001"":""public-native-temporal-expert:383001"",""383002"":""public-native-temporal-expert:383002"",""383003"":""public-native-temporal-expert:383003""}","{""383001"":1.0,""383002"":1.0,""383003"":1.0}",1.0,1.0,0.0,0.0,1,3,THREE_DISTINCT_FIT_SEEDS_DESCRIPTIVE_ONLY,INCONCLUSIVE_NO_PREDECLARED_PRACTICAL_THRESHOLD
public-native-temporal-expert,squat_delta_capacity_kg,SRE(ddof=0),3,7,"{""383001"":""public-native-temporal-expert:383001"",""383002"":""public-native-temporal-expert:383002"",""383003"":""public-native-temporal-expert:383003""}","{""383001"":1.0,""383002"":1.0,""383003"":1.0}",1.0,1.0,0.0,0.0,1,3,THREE_DISTINCT_FIT_SEEDS_DESCRIPTIVE_ONLY,INCONCLUSIVE_NO_PREDECLARED_PRACTICAL_THRESHOLD
public-native-temporal-expert,bench_press_delta_capacity_kg,RMSE,3,7,"{""383001"":""public-native-temporal-expert:383001"",""383002"":""public-native-temporal-expert:383002"",""383003"":""public-native-temporal-expert:383003""}","{""383001"":1.0,""383002"":1.0,""383003"":1.0}",1.0,1.0,0.0,0.0,1,3,THREE_DISTINCT_FIT_SEEDS_DESCRIPTIVE_ONLY,INCONCLUSIVE_NO_PREDECLARED_PRACTICAL_THRESHOLD
public-native-temporal-expert,bench_press_delta_capacity_kg,MAE,3,7,"{""383001"":""public-native-temporal-expert:383001"",""383002"":""public-native-temporal-expert:383002"",""383003"":""public-native-temporal-expert:383003""}","{""383001"":1.0,""383002"":1.0,""383003"":1.0}",1.0,1.0,0.0,0.0,1,3,THREE_DISTINCT_FIT_SEEDS_DESCRIPTIVE_ONLY,INCONCLUSIVE_NO_PREDECLARED_PRACTICAL_THRESHOLD
public-native-temporal-expert,bench_press_delta_capacity_kg,R²,3,7,"{""383001"":""public-native-temporal-expert:383001"",""383002"":""public-native-temporal-expert:383002"",""383003"":""public-native-temporal-expert:383003""}","{""383001"":1.0,""383002"":1.0,""383003"":1.0}",1.0,1.0,0.0,0.0,1,3,THREE_DISTINCT_FIT_SEEDS_DESCRIPTIVE_ONLY,INCONCLUSIVE_NO_PREDECLARED_PRACTICAL_THRESHOLD
public-native-temporal-expert,bench_press_delta_capacity_kg,SRE(ddof=0),3,7,"{""383001"":""public-native-temporal-expert:383001"",""383002"":""public-native-temporal-expert:383002"",""383003"":""public-native-temporal-expert:383003""}","{""383001"":1.0,""383002"":1.0,""383003"":1.0}",1.0,1.0,0.0,0.0,1,3,THREE_DISTINCT_FIT_SEEDS_DESCRIPTIVE_ONLY,INCONCLUSIVE_NO_PREDECLARED_PRACTICAL_THRESHOLD
public-native-temporal-expert,deadlift_delta_capacity_kg,RMSE,3,7,"{""383001"":""public-native-temporal-expert:383001"",""383002"":""public-native-temporal-expert:383002"",""383003"":""public-native-temporal-expert:383003""}","{""383001"":1.0,""383002"":1.0,""383003"":1.0}",1.0,1.0,0.0,0.0,1,3,THREE_DISTINCT_FIT_SEEDS_DESCRIPTIVE_ONLY,INCONCLUSIVE_NO_PREDECLARED_PRACTICAL_THRESHOLD
public-native-temporal-expert,deadlift_delta_capacity_kg,MAE,3,7,"{""383001"":""public-native-temporal-expert:383001"",""383002"":""public-native-temporal-expert:383002"",""383003"":""public-native-temporal-expert:383003""}","{""383001"":1.0,""383002"":1.0,""383003"":1.0}",1.0,1.0,0.0,0.0,1,3,THREE_DISTINCT_FIT_SEEDS_DESCRIPTIVE_ONLY,INCONCLUSIVE_NO_PREDECLARED_PRACTICAL_THRESHOLD
public-native-temporal-expert,deadlift_delta_capacity_kg,R²,3,7,"{""383001"":""public-native-temporal-expert:383001"",""383002"":""public-native-temporal-expert:383002"",""383003"":""public-native-temporal-expert:383003""}","{""383001"":1.0,""383002"":1.0,""383003"":1.0}",1.0,1.0,0.0,0.0,1,3,THREE_DISTINCT_FIT_SEEDS_DESCRIPTIVE_ONLY,INCONCLUSIVE_NO_PREDECLARED_PRACTICAL_THRESHOLD
public-native-temporal-expert,deadlift_delta_capacity_kg,SRE(ddof=0),3,7,"{""383001"":""public-native-temporal-expert:383001"",""383002"":""public-native-temporal-expert:383002"",""383003"":""public-native-temporal-expert:383003""}","{""383001"":1.0,""383002"":1.0,""383003"":1.0}",1.0,1.0,0.0,0.0,1,3,THREE_DISTINCT_FIT_SEEDS_DESCRIPTIVE_ONLY,INCONCLUSIVE_NO_PREDECLARED_PRACTICAL_THRESHOLD
ridge,squat_delta_capacity_kg,RMSE,3,7,"{""383001"":""ridge:383001"",""383002"":""ridge:383002"",""383003"":""ridge:383003""}","{""383001"":6.0,""383002"":6.0,""383003"":6.0}",6.0,6.0,0.0,0.0,1,1,DETERMINISTIC_REPEATS_NOT_INDEPENDENT_FIT_REPLICATIONS,INCONCLUSIVE_NO_PREDECLARED_PRACTICAL_THRESHOLD
ridge,squat_delta_capacity_kg,MAE,3,7,"{""383001"":""ridge:383001"",""383002"":""ridge:383002"",""383003"":""ridge:383003""}","{""383001"":7.0,""383002"":7.0,""383003"":7.0}",7.0,7.0,0.0,0.0,1,1,DETERMINISTIC_REPEATS_NOT_INDEPENDENT_FIT_REPLICATIONS,INCONCLUSIVE_NO_PREDECLARED_PRACTICAL_THRESHOLD
ridge,squat_delta_capacity_kg,R²,3,7,"{""383001"":""ridge:383001"",""383002"":""ridge:383002"",""383003"":""ridge:383003""}","{""383001"":6.0,""383002"":6.0,""383003"":6.0}",6.0,6.0,0.0,0.0,1,1,DETERMINISTIC_REPEATS_NOT_INDEPENDENT_FIT_REPLICATIONS,INCONCLUSIVE_NO_PREDECLARED_PRACTICAL_THRESHOLD
ridge,squat_delta_capacity_kg,SRE(ddof=0),3,7,"{""383001"":""ridge:383001"",""383002"":""ridge:383002"",""383003"":""ridge:383003""}","{""383001"":6.0,""383002"":6.0,""383003"":6.0}",6.0,6.0,0.0,0.0,1,1,DETERMINISTIC_REPEATS_NOT_INDEPENDENT_FIT_REPLICATIONS,INCONCLUSIVE_NO_PREDECLARED_PRACTICAL_THRESHOLD
ridge,bench_press_delta_capacity_kg,RMSE,3,7,"{""383001"":""ridge:383001"",""383002"":""ridge:383002"",""383003"":""ridge:383003""}","{""383001"":6.0,""383002"":6.0,""383003"":6.0}",6.0,6.0,0.0,0.0,1,1,DETERMINISTIC_REPEATS_NOT_INDEPENDENT_FIT_REPLICATIONS,INCONCLUSIVE_NO_PREDECLARED_PRACTICAL_THRESHOLD
ridge,bench_press_delta_capacity_kg,MAE,3,7,"{""383001"":""ridge:383001"",""383002"":""ridge:383002"",""383003"":""ridge:383003""}","{""383001"":7.0,""383002"":7.0,""383003"":7.0}",7.0,7.0,0.0,0.0,1,1,DETERMINISTIC_REPEATS_NOT_INDEPENDENT_FIT_REPLICATIONS,INCONCLUSIVE_NO_PREDECLARED_PRACTICAL_THRESHOLD
ridge,bench_press_delta_capacity_kg,R²,3,7,"{""383001"":""ridge:383001"",""383002"":""ridge:383002"",""383003"":""ridge:383003""}","{""383001"":6.0,""383002"":6.0,""383003"":6.0}",6.0,6.0,0.0,0.0,1,1,DETERMINISTIC_REPEATS_NOT_INDEPENDENT_FIT_REPLICATIONS,INCONCLUSIVE_NO_PREDECLARED_PRACTICAL_THRESHOLD
ridge,bench_press_delta_capacity_kg,SRE(ddof=0),3,7,"{""383001"":""ridge:383001"",""383002"":""ridge:383002"",""383003"":""ridge:383003""}","{""383001"":6.0,""383002"":6.0,""383003"":6.0}",6.0,6.0,0.0,0.0,1,1,DETERMINISTIC_REPEATS_NOT_INDEPENDENT_FIT_REPLICATIONS,INCONCLUSIVE_NO_PREDECLARED_PRACTICAL_THRESHOLD
ridge,deadlift_delta_capacity_kg,RMSE,3,7,"{""383001"":""ridge:383001"",""383002"":""ridge:383002"",""383003"":""ridge:383003""}","{""383001"":6.0,""383002"":6.0,""383003"":6.0}",6.0,6.0,0.0,0.0,1,1,DETERMINISTIC_REPEATS_NOT_INDEPENDENT_FIT_REPLICATIONS,INCONCLUSIVE_NO_PREDECLARED_PRACTICAL_THRESHOLD
ridge,deadlift_delta_capacity_kg,MAE,3,7,"{""383001"":""ridge:383001"",""383002"":""ridge:383002"",""383003"":""ridge:383003""}","{""383001"":7.0,""383002"":7.0,""383003"":7.0}",7.0,7.0,0.0,0.0,1,1,DETERMINISTIC_REPEATS_NOT_INDEPENDENT_FIT_REPLICATIONS,INCONCLUSIVE_NO_PREDECLARED_PRACTICAL_THRESHOLD
ridge,deadlift_delta_capacity_kg,R²,3,7,"{""383001"":""ridge:383001"",""383002"":""ridge:383002"",""383003"":""ridge:383003""}","{""383001"":6.0,""383002"":6.0,""383003"":6.0}",6.0,6.0,0.0,0.0,1,1,DETERMINISTIC_REPEATS_NOT_INDEPENDENT_FIT_REPLICATIONS,INCONCLUSIVE_NO_PREDECLARED_PRACTICAL_THRESHOLD
ridge,deadlift_delta_capacity_kg,SRE(ddof=0),3,7,"{""383001"":""ridge:383001"",""383002"":""ridge:383002"",""383003"":""ridge:383003""}","{""383001"":6.0,""383002"":6.0,""383003"":6.0}",6.0,6.0,0.0,0.0,1,1,DETERMINISTIC_REPEATS_NOT_INDEPENDENT_FIT_REPLICATIONS,INCONCLUSIVE_NO_PREDECLARED_PRACTICAL_THRESHOLD
