target,candidate_id,model_family,pareto_front,dominated_by_count,dominated_by_candidate_ids,rmse_kg,mae_kg,r2,sre_ddof0
squat_delta_capacity_kg,compact_neural:383001,compact_neural,False,5,"[""compact_neural:383002"",""public-native-temporal-expert:383001"",""public-native-temporal-expert:383002"",""public-native-temporal-expert:383003"",""public-native-temporal-expert:ensemble""]",3.3153916741716367,2.2377466917409814,0.7921611929260504,0.4558934163529341
squat_delta_capacity_kg,compact_neural:383002,compact_neural,False,4,"[""public-native-temporal-expert:383001"",""public-native-temporal-expert:383002"",""public-native-temporal-expert:383003"",""public-native-temporal-expert:ensemble""]",3.2997173022099666,2.179619419647699,0.7941217708478325,0.45373806226959557
squat_delta_capacity_kg,compact_neural:383003,compact_neural,False,6,"[""compact_neural:383001"",""compact_neural:383002"",""public-native-temporal-expert:383001"",""public-native-temporal-expert:383002"",""public-native-temporal-expert:383003"",""public-native-temporal-expert:ensemble""]",3.334765981820312,2.2423749266958493,0.7897249808646272,0.458557541793146
squat_delta_capacity_kg,context_mean:383001,context_mean,False,13,"[""compact_neural:383001"",""compact_neural:383002"",""compact_neural:383003"",""mechanistic_midpoint:383001"",""mechanistic_midpoint:383002"",""mechanistic_midpoint:383003"",""mechanistic_ridge_residual:383001"",""mechanistic_ridge_residual:383002"",""mechanistic_ridge_residual:383003"",""public-native-temporal-expert:383001"",""public-native-temporal-expert:383002"",""public-native-temporal-expert:383003"",""public-native-temporal-expert:ensemble""]",4.095616352278172,2.63220668839074,0.6828275239221944,0.5631806780046753
squat_delta_capacity_kg,context_mean:383002,context_mean,False,13,"[""compact_neural:383001"",""compact_neural:383002"",""compact_neural:383003"",""mechanistic_midpoint:383001"",""mechanistic_midpoint:383002"",""mechanistic_midpoint:383003"",""mechanistic_ridge_residual:383001"",""mechanistic_ridge_residual:383002"",""mechanistic_ridge_residual:383003"",""public-native-temporal-expert:383001"",""public-native-temporal-expert:383002"",""public-native-temporal-expert:383003"",""public-native-temporal-expert:ensemble""]",4.095616352278172,2.63220668839074,0.6828275239221944,0.5631806780046753
squat_delta_capacity_kg,context_mean:383003,context_mean,False,13,"[""compact_neural:383001"",""compact_neural:383002"",""compact_neural:383003"",""mechanistic_midpoint:383001"",""mechanistic_midpoint:383002"",""mechanistic_midpoint:383003"",""mechanistic_ridge_residual:383001"",""mechanistic_ridge_residual:383002"",""mechanistic_ridge_residual:383003"",""public-native-temporal-expert:383001"",""public-native-temporal-expert:383002"",""public-native-temporal-expert:383003"",""public-native-temporal-expert:ensemble""]",4.095616352278172,2.63220668839074,0.6828275239221944,0.5631806780046753
squat_delta_capacity_kg,histogram_boosted_stumps:383001,histogram_boosted_stumps,False,16,"[""compact_neural:383001"",""compact_neural:383002"",""compact_neural:383003"",""context_mean:383001"",""context_mean:383002"",""context_mean:383003"",""mechanistic_midpoint:383001"",""mechanistic_midpoint:383002"",""mechanistic_midpoint:383003"",""mechanistic_ridge_residual:383001"",""mechanistic_ridge_residual:383002"",""mechanistic_ridge_residual:383003"",""public-native-temporal-expert:383001"",""public-native-temporal-expert:383002"",""public-native-temporal-expert:383003"",""public-native-temporal-expert:ensemble""]",4.661338798396084,2.791983301050701,0.5891547260881418,0.6409721319307558
squat_delta_capacity_kg,histogram_boosted_stumps:383002,histogram_boosted_stumps,False,16,"[""compact_neural:383001"",""compact_neural:383002"",""compact_neural:383003"",""context_mean:383001"",""context_mean:383002"",""context_mean:383003"",""mechanistic_midpoint:383001"",""mechanistic_midpoint:383002"",""mechanistic_midpoint:383003"",""mechanistic_ridge_residual:383001"",""mechanistic_ridge_residual:383002"",""mechanistic_ridge_residual:383003"",""public-native-temporal-expert:383001"",""public-native-temporal-expert:383002"",""public-native-temporal-expert:383003"",""public-native-temporal-expert:ensemble""]",4.661338798396084,2.791983301050701,0.5891547260881418,0.6409721319307558
squat_delta_capacity_kg,histogram_boosted_stumps:383003,histogram_boosted_stumps,False,16,"[""compact_neural:383001"",""compact_neural:383002"",""compact_neural:383003"",""context_mean:383001"",""context_mean:383002"",""context_mean:383003"",""mechanistic_midpoint:383001"",""mechanistic_midpoint:383002"",""mechanistic_midpoint:383003"",""mechanistic_ridge_residual:383001"",""mechanistic_ridge_residual:383002"",""mechanistic_ridge_residual:383003"",""public-native-temporal-expert:383001"",""public-native-temporal-expert:383002"",""public-native-temporal-expert:383003"",""public-native-temporal-expert:ensemble""]",4.661338798396084,2.791983301050701,0.5891547260881418,0.6409721319307558
squat_delta_capacity_kg,mechanistic_midpoint:383001,mechanistic_midpoint,False,7,"[""compact_neural:383001"",""compact_neural:383002"",""compact_neural:383003"",""public-native-temporal-expert:383001"",""public-native-temporal-expert:383002"",""public-native-temporal-expert:383003"",""public-native-temporal-expert:ensemble""]",3.6234291586969145,2.319976689500767,0.7517458565322119,0.4982510847632828
squat_delta_capacity_kg,mechanistic_midpoint:383002,mechanistic_midpoint,False,7,"[""compact_neural:383001"",""compact_neural:383002"",""compact_neural:383003"",""public-native-temporal-expert:383001"",""public-native-temporal-expert:383002"",""public-native-temporal-expert:383003"",""public-native-temporal-expert:ensemble""]",3.6234291586969145,2.319976689500767,0.7517458565322119,0.4982510847632828
squat_delta_capacity_kg,mechanistic_midpoint:383003,mechanistic_midpoint,False,7,"[""compact_neural:383001"",""compact_neural:383002"",""compact_neural:383003"",""public-native-temporal-expert:383001"",""public-native-temporal-expert:383002"",""public-native-temporal-expert:383003"",""public-native-temporal-expert:ensemble""]",3.6234291586969145,2.319976689500767,0.7517458565322119,0.4982510847632828
squat_delta_capacity_kg,mechanistic_ridge_residual:383001,mechanistic_ridge_residual,False,7,"[""compact_neural:383001"",""compact_neural:383002"",""compact_neural:383003"",""public-native-temporal-expert:383001"",""public-native-temporal-expert:383002"",""public-native-temporal-expert:383003"",""public-native-temporal-expert:ensemble""]",3.587939886451021,2.339115442381639,0.7565850364701251,0.4933710201561041
squat_delta_capacity_kg,mechanistic_ridge_residual:383002,mechanistic_ridge_residual,False,7,"[""compact_neural:383001"",""compact_neural:383002"",""compact_neural:383003"",""public-native-temporal-expert:383001"",""public-native-temporal-expert:383002"",""public-native-temporal-expert:383003"",""public-native-temporal-expert:ensemble""]",3.587939886451021,2.339115442381639,0.7565850364701251,0.4933710201561041
squat_delta_capacity_kg,mechanistic_ridge_residual:383003,mechanistic_ridge_residual,False,7,"[""compact_neural:383001"",""compact_neural:383002"",""compact_neural:383003"",""public-native-temporal-expert:383001"",""public-native-temporal-expert:383002"",""public-native-temporal-expert:383003"",""public-native-temporal-expert:ensemble""]",3.587939886451021,2.339115442381639,0.7565850364701251,0.4933710201561041
squat_delta_capacity_kg,public-native-temporal-expert:383001,public-native-temporal-expert,False,3,"[""public-native-temporal-expert:383002"",""public-native-temporal-expert:383003"",""public-native-temporal-expert:ensemble""]",3.018465882001808,1.942294152710178,0.8277221279820695,0.4150636963382012
squat_delta_capacity_kg,public-native-temporal-expert:383002,public-native-temporal-expert,False,1,"[""public-native-temporal-expert:ensemble""]",2.943496532734479,1.8569143879480923,0.8361735527729722,0.40475479889314186
squat_delta_capacity_kg,public-native-temporal-expert:383003,public-native-temporal-expert,True,0,[],2.94658517833719,1.8338806628876931,0.8358295623472658,0.40517951287390414
squat_delta_capacity_kg,public-native-temporal-expert:ensemble,public-native-temporal-expert,True,0,[],2.9009557745782533,1.8344337258276735,0.8408747232546605,0.3989050974170919
squat_delta_capacity_kg,ridge:383001,ridge,False,16,"[""compact_neural:383001"",""compact_neural:383002"",""compact_neural:383003"",""context_mean:383001"",""context_mean:383002"",""context_mean:383003"",""mechanistic_midpoint:383001"",""mechanistic_midpoint:383002"",""mechanistic_midpoint:383003"",""mechanistic_ridge_residual:383001"",""mechanistic_ridge_residual:383002"",""mechanistic_ridge_residual:383003"",""public-native-temporal-expert:383001"",""public-native-temporal-expert:383002"",""public-native-temporal-expert:383003"",""public-native-temporal-expert:ensemble""]",4.43799289350538,2.941466408735241,0.6275824309357382,0.6102602469965267
squat_delta_capacity_kg,ridge:383002,ridge,False,16,"[""compact_neural:383001"",""compact_neural:383002"",""compact_neural:383003"",""context_mean:383001"",""context_mean:383002"",""context_mean:383003"",""mechanistic_midpoint:383001"",""mechanistic_midpoint:383002"",""mechanistic_midpoint:383003"",""mechanistic_ridge_residual:383001"",""mechanistic_ridge_residual:383002"",""mechanistic_ridge_residual:383003"",""public-native-temporal-expert:383001"",""public-native-temporal-expert:383002"",""public-native-temporal-expert:383003"",""public-native-temporal-expert:ensemble""]",4.43799289350538,2.941466408735241,0.6275824309357382,0.6102602469965267
squat_delta_capacity_kg,ridge:383003,ridge,False,16,"[""compact_neural:383001"",""compact_neural:383002"",""compact_neural:383003"",""context_mean:383001"",""context_mean:383002"",""context_mean:383003"",""mechanistic_midpoint:383001"",""mechanistic_midpoint:383002"",""mechanistic_midpoint:383003"",""mechanistic_ridge_residual:383001"",""mechanistic_ridge_residual:383002"",""mechanistic_ridge_residual:383003"",""public-native-temporal-expert:383001"",""public-native-temporal-expert:383002"",""public-native-temporal-expert:383003"",""public-native-temporal-expert:ensemble""]",4.43799289350538,2.941466408735241,0.6275824309357382,0.6102602469965267
bench_press_delta_capacity_kg,compact_neural:383001,compact_neural,False,6,"[""compact_neural:383002"",""compact_neural:383003"",""public-native-temporal-expert:383001"",""public-native-temporal-expert:383002"",""public-native-temporal-expert:383003"",""public-native-temporal-expert:ensemble""]",2.321534647276151,1.5534471392283347,0.7951547431568705,0.45259833941711436
bench_press_delta_capacity_kg,compact_neural:383002,compact_neural,False,5,"[""compact_neural:383003"",""public-native-temporal-expert:383001"",""public-native-temporal-expert:383002"",""public-native-temporal-expert:383003"",""public-native-temporal-expert:ensemble""]",2.3184580585845054,1.549676189268827,0.7956973213193895,0.45199853836114384
bench_press_delta_capacity_kg,compact_neural:383003,compact_neural,False,4,"[""public-native-temporal-expert:383001"",""public-native-temporal-expert:383002"",""public-native-temporal-expert:383003"",""public-native-temporal-expert:ensemble""]",2.317303745696161,1.5398823417846785,0.7959007069333563,0.45177349752574414
bench_press_delta_capacity_kg,context_mean:383001,context_mean,False,13,"[""compact_neural:383001"",""compact_neural:383002"",""compact_neural:383003"",""mechanistic_midpoint:383001"",""mechanistic_midpoint:383002"",""mechanistic_midpoint:383003"",""mechanistic_ridge_residual:383001"",""mechanistic_ridge_residual:383002"",""mechanistic_ridge_residual:383003"",""public-native-temporal-expert:383001"",""public-native-temporal-expert:383002"",""public-native-temporal-expert:383003"",""public-native-temporal-expert:ensemble""]",2.927670649113868,1.9019110985826337,0.6742233067090107,0.5707685111242466
bench_press_delta_capacity_kg,context_mean:383002,context_mean,False,13,"[""compact_neural:383001"",""compact_neural:383002"",""compact_neural:383003"",""mechanistic_midpoint:383001"",""mechanistic_midpoint:383002"",""mechanistic_midpoint:383003"",""mechanistic_ridge_residual:383001"",""mechanistic_ridge_residual:383002"",""mechanistic_ridge_residual:383003"",""public-native-temporal-expert:383001"",""public-native-temporal-expert:383002"",""public-native-temporal-expert:383003"",""public-native-temporal-expert:ensemble""]",2.927670649113868,1.9019110985826337,0.6742233067090107,0.5707685111242466
bench_press_delta_capacity_kg,context_mean:383003,context_mean,False,13,"[""compact_neural:383001"",""compact_neural:383002"",""compact_neural:383003"",""mechanistic_midpoint:383001"",""mechanistic_midpoint:383002"",""mechanistic_midpoint:383003"",""mechanistic_ridge_residual:383001"",""mechanistic_ridge_residual:383002"",""mechanistic_ridge_residual:383003"",""public-native-temporal-expert:383001"",""public-native-temporal-expert:383002"",""public-native-temporal-expert:383003"",""public-native-temporal-expert:ensemble""]",2.927670649113868,1.9019110985826337,0.6742233067090107,0.5707685111242466
bench_press_delta_capacity_kg,histogram_boosted_stumps:383001,histogram_boosted_stumps,False,16,"[""compact_neural:383001"",""compact_neural:383002"",""compact_neural:383003"",""context_mean:383001"",""context_mean:383002"",""context_mean:383003"",""mechanistic_midpoint:383001"",""mechanistic_midpoint:383002"",""mechanistic_midpoint:383003"",""mechanistic_ridge_residual:383001"",""mechanistic_ridge_residual:383002"",""mechanistic_ridge_residual:383003"",""public-native-temporal-expert:383001"",""public-native-temporal-expert:383002"",""public-native-temporal-expert:383003"",""public-native-temporal-expert:ensemble""]",3.30762484208253,1.9940485776849537,0.5841774251389722,0.6448430621950024
bench_press_delta_capacity_kg,histogram_boosted_stumps:383002,histogram_boosted_stumps,False,16,"[""compact_neural:383001"",""compact_neural:383002"",""compact_neural:383003"",""context_mean:383001"",""context_mean:383002"",""context_mean:383003"",""mechanistic_midpoint:383001"",""mechanistic_midpoint:383002"",""mechanistic_midpoint:383003"",""mechanistic_ridge_residual:383001"",""mechanistic_ridge_residual:383002"",""mechanistic_ridge_residual:383003"",""public-native-temporal-expert:383001"",""public-native-temporal-expert:383002"",""public-native-temporal-expert:383003"",""public-native-temporal-expert:ensemble""]",3.30762484208253,1.9940485776849537,0.5841774251389722,0.6448430621950024
bench_press_delta_capacity_kg,histogram_boosted_stumps:383003,histogram_boosted_stumps,False,16,"[""compact_neural:383001"",""compact_neural:383002"",""compact_neural:383003"",""context_mean:383001"",""context_mean:383002"",""context_mean:383003"",""mechanistic_midpoint:383001"",""mechanistic_midpoint:383002"",""mechanistic_midpoint:383003"",""mechanistic_ridge_residual:383001"",""mechanistic_ridge_residual:383002"",""mechanistic_ridge_residual:383003"",""public-native-temporal-expert:383001"",""public-native-temporal-expert:383002"",""public-native-temporal-expert:383003"",""public-native-temporal-expert:ensemble""]",3.30762484208253,1.9940485776849537,0.5841774251389722,0.6448430621950024
bench_press_delta_capacity_kg,mechanistic_midpoint:383001,mechanistic_midpoint,False,7,"[""compact_neural:383001"",""compact_neural:383002"",""compact_neural:383003"",""public-native-temporal-expert:383001"",""public-native-temporal-expert:383002"",""public-native-temporal-expert:383003"",""public-native-temporal-expert:ensemble""]",2.5371769577475454,1.6303077906626868,0.7553320459785448,0.4946392160165379
bench_press_delta_capacity_kg,mechanistic_midpoint:383002,mechanistic_midpoint,False,7,"[""compact_neural:383001"",""compact_neural:383002"",""compact_neural:383003"",""public-native-temporal-expert:383001"",""public-native-temporal-expert:383002"",""public-native-temporal-expert:383003"",""public-native-temporal-expert:ensemble""]",2.5371769577475454,1.6303077906626868,0.7553320459785448,0.4946392160165379
bench_press_delta_capacity_kg,mechanistic_midpoint:383003,mechanistic_midpoint,False,7,"[""compact_neural:383001"",""compact_neural:383002"",""compact_neural:383003"",""public-native-temporal-expert:383001"",""public-native-temporal-expert:383002"",""public-native-temporal-expert:383003"",""public-native-temporal-expert:ensemble""]",2.5371769577475454,1.6303077906626868,0.7553320459785448,0.4946392160165379
bench_press_delta_capacity_kg,mechanistic_ridge_residual:383001,mechanistic_ridge_residual,False,7,"[""compact_neural:383001"",""compact_neural:383002"",""compact_neural:383003"",""public-native-temporal-expert:383001"",""public-native-temporal-expert:383002"",""public-native-temporal-expert:383003"",""public-native-temporal-expert:ensemble""]",2.510873435789603,1.6571177383079567,0.7603788118553907,0.4895111726453333
bench_press_delta_capacity_kg,mechanistic_ridge_residual:383002,mechanistic_ridge_residual,False,7,"[""compact_neural:383001"",""compact_neural:383002"",""compact_neural:383003"",""public-native-temporal-expert:383001"",""public-native-temporal-expert:383002"",""public-native-temporal-expert:383003"",""public-native-temporal-expert:ensemble""]",2.510873435789603,1.6571177383079567,0.7603788118553907,0.4895111726453333
bench_press_delta_capacity_kg,mechanistic_ridge_residual:383003,mechanistic_ridge_residual,False,7,"[""compact_neural:383001"",""compact_neural:383002"",""compact_neural:383003"",""public-native-temporal-expert:383001"",""public-native-temporal-expert:383002"",""public-native-temporal-expert:383003"",""public-native-temporal-expert:ensemble""]",2.510873435789603,1.6571177383079567,0.7603788118553907,0.4895111726453333
bench_press_delta_capacity_kg,public-native-temporal-expert:383001,public-native-temporal-expert,False,3,"[""public-native-temporal-expert:383002"",""public-native-temporal-expert:383003"",""public-native-temporal-expert:ensemble""]",1.9346295228029706,1.231048248949233,0.8577438027744704,0.37716865885904366
bench_press_delta_capacity_kg,public-native-temporal-expert:383002,public-native-temporal-expert,False,2,"[""public-native-temporal-expert:383003"",""public-native-temporal-expert:ensemble""]",1.9094222855872036,1.217430547903808,0.8614267038516912,0.3722543433572116
bench_press_delta_capacity_kg,public-native-temporal-expert:383003,public-native-temporal-expert,False,1,"[""public-native-temporal-expert:ensemble""]",1.9025142533601664,1.2000626941379118,0.8624275690538351,0.3709075773641796
bench_press_delta_capacity_kg,public-native-temporal-expert:ensemble,public-native-temporal-expert,True,0,[],1.8702871931828533,1.187341252597957,0.8670488270300638,0.3646247015356147
bench_press_delta_capacity_kg,ridge:383001,ridge,False,16,"[""compact_neural:383001"",""compact_neural:383002"",""compact_neural:383003"",""context_mean:383001"",""context_mean:383002"",""context_mean:383003"",""mechanistic_midpoint:383001"",""mechanistic_midpoint:383002"",""mechanistic_midpoint:383003"",""mechanistic_ridge_residual:383001"",""mechanistic_ridge_residual:383002"",""mechanistic_ridge_residual:383003"",""public-native-temporal-expert:383001"",""public-native-temporal-expert:383002"",""public-native-temporal-expert:383003"",""public-native-temporal-expert:ensemble""]",3.1854126482028042,2.121075803407092,0.6143378895162976,0.6210169969362371
bench_press_delta_capacity_kg,ridge:383002,ridge,False,16,"[""compact_neural:383001"",""compact_neural:383002"",""compact_neural:383003"",""context_mean:383001"",""context_mean:383002"",""context_mean:383003"",""mechanistic_midpoint:383001"",""mechanistic_midpoint:383002"",""mechanistic_midpoint:383003"",""mechanistic_ridge_residual:383001"",""mechanistic_ridge_residual:383002"",""mechanistic_ridge_residual:383003"",""public-native-temporal-expert:383001"",""public-native-temporal-expert:383002"",""public-native-temporal-expert:383003"",""public-native-temporal-expert:ensemble""]",3.1854126482028042,2.121075803407092,0.6143378895162976,0.6210169969362371
bench_press_delta_capacity_kg,ridge:383003,ridge,False,16,"[""compact_neural:383001"",""compact_neural:383002"",""compact_neural:383003"",""context_mean:383001"",""context_mean:383002"",""context_mean:383003"",""mechanistic_midpoint:383001"",""mechanistic_midpoint:383002"",""mechanistic_midpoint:383003"",""mechanistic_ridge_residual:383001"",""mechanistic_ridge_residual:383002"",""mechanistic_ridge_residual:383003"",""public-native-temporal-expert:383001"",""public-native-temporal-expert:383002"",""public-native-temporal-expert:383003"",""public-native-temporal-expert:ensemble""]",3.1854126482028042,2.121075803407092,0.6143378895162976,0.6210169969362371
deadlift_delta_capacity_kg,compact_neural:383001,compact_neural,False,4,"[""public-native-temporal-expert:383001"",""public-native-temporal-expert:383002"",""public-native-temporal-expert:383003"",""public-native-temporal-expert:ensemble""]",4.080623080540313,2.68260460871325,0.7880627782186861,0.46036639949209357
deadlift_delta_capacity_kg,compact_neural:383002,compact_neural,False,6,"[""compact_neural:383001"",""compact_neural:383003"",""public-native-temporal-expert:383001"",""public-native-temporal-expert:383002"",""public-native-temporal-expert:383003"",""public-native-temporal-expert:ensemble""]",4.0887594803868685,2.7073463244175002,0.7872167676458577,0.4612843291876955
deadlift_delta_capacity_kg,compact_neural:383003,compact_neural,False,4,"[""public-native-temporal-expert:383001"",""public-native-temporal-expert:383002"",""public-native-temporal-expert:383003"",""public-native-temporal-expert:ensemble""]",4.083496306484488,2.6704055151407267,0.7877642169964792,0.4606905501565239
deadlift_delta_capacity_kg,context_mean:383001,context_mean,False,13,"[""compact_neural:383001"",""compact_neural:383002"",""compact_neural:383003"",""mechanistic_midpoint:383001"",""mechanistic_midpoint:383002"",""mechanistic_midpoint:383003"",""mechanistic_ridge_residual:383001"",""mechanistic_ridge_residual:383002"",""mechanistic_ridge_residual:383003"",""public-native-temporal-expert:383001"",""public-native-temporal-expert:383002"",""public-native-temporal-expert:383003"",""public-native-temporal-expert:ensemble""]",5.106666811923306,3.275177735457406,0.6680831352520658,0.5761222654506022
deadlift_delta_capacity_kg,context_mean:383002,context_mean,False,13,"[""compact_neural:383001"",""compact_neural:383002"",""compact_neural:383003"",""mechanistic_midpoint:383001"",""mechanistic_midpoint:383002"",""mechanistic_midpoint:383003"",""mechanistic_ridge_residual:383001"",""mechanistic_ridge_residual:383002"",""mechanistic_ridge_residual:383003"",""public-native-temporal-expert:383001"",""public-native-temporal-expert:383002"",""public-native-temporal-expert:383003"",""public-native-temporal-expert:ensemble""]",5.106666811923306,3.275177735457406,0.6680831352520658,0.5761222654506022
deadlift_delta_capacity_kg,context_mean:383003,context_mean,False,13,"[""compact_neural:383001"",""compact_neural:383002"",""compact_neural:383003"",""mechanistic_midpoint:383001"",""mechanistic_midpoint:383002"",""mechanistic_midpoint:383003"",""mechanistic_ridge_residual:383001"",""mechanistic_ridge_residual:383002"",""mechanistic_ridge_residual:383003"",""public-native-temporal-expert:383001"",""public-native-temporal-expert:383002"",""public-native-temporal-expert:383003"",""public-native-temporal-expert:ensemble""]",5.106666811923306,3.275177735457406,0.6680831352520658,0.5761222654506022
deadlift_delta_capacity_kg,histogram_boosted_stumps:383001,histogram_boosted_stumps,False,16,"[""compact_neural:383001"",""compact_neural:383002"",""compact_neural:383003"",""context_mean:383001"",""context_mean:383002"",""context_mean:383003"",""mechanistic_midpoint:383001"",""mechanistic_midpoint:383002"",""mechanistic_midpoint:383003"",""mechanistic_ridge_residual:383001"",""mechanistic_ridge_residual:383002"",""mechanistic_ridge_residual:383003"",""public-native-temporal-expert:383001"",""public-native-temporal-expert:383002"",""public-native-temporal-expert:383003"",""public-native-temporal-expert:ensemble""]",5.776725661240854,3.405303814977161,0.5752652836805274,0.6517167454649853
deadlift_delta_capacity_kg,histogram_boosted_stumps:383002,histogram_boosted_stumps,False,16,"[""compact_neural:383001"",""compact_neural:383002"",""compact_neural:383003"",""context_mean:383001"",""context_mean:383002"",""context_mean:383003"",""mechanistic_midpoint:383001"",""mechanistic_midpoint:383002"",""mechanistic_midpoint:383003"",""mechanistic_ridge_residual:383001"",""mechanistic_ridge_residual:383002"",""mechanistic_ridge_residual:383003"",""public-native-temporal-expert:383001"",""public-native-temporal-expert:383002"",""public-native-temporal-expert:383003"",""public-native-temporal-expert:ensemble""]",5.776725661240854,3.405303814977161,0.5752652836805274,0.6517167454649853
deadlift_delta_capacity_kg,histogram_boosted_stumps:383003,histogram_boosted_stumps,False,16,"[""compact_neural:383001"",""compact_neural:383002"",""compact_neural:383003"",""context_mean:383001"",""context_mean:383002"",""context_mean:383003"",""mechanistic_midpoint:383001"",""mechanistic_midpoint:383002"",""mechanistic_midpoint:383003"",""mechanistic_ridge_residual:383001"",""mechanistic_ridge_residual:383002"",""mechanistic_ridge_residual:383003"",""public-native-temporal-expert:383001"",""public-native-temporal-expert:383002"",""public-native-temporal-expert:383003"",""public-native-temporal-expert:ensemble""]",5.776725661240854,3.405303814977161,0.5752652836805274,0.6517167454649853
deadlift_delta_capacity_kg,mechanistic_midpoint:383001,mechanistic_midpoint,False,7,"[""compact_neural:383001"",""compact_neural:383002"",""compact_neural:383003"",""public-native-temporal-expert:383001"",""public-native-temporal-expert:383002"",""public-native-temporal-expert:383003"",""public-native-temporal-expert:ensemble""]",4.324416014114713,2.760073636969072,0.7619823255632193,0.48787055090134374
deadlift_delta_capacity_kg,mechanistic_midpoint:383002,mechanistic_midpoint,False,7,"[""compact_neural:383001"",""compact_neural:383002"",""compact_neural:383003"",""public-native-temporal-expert:383001"",""public-native-temporal-expert:383002"",""public-native-temporal-expert:383003"",""public-native-temporal-expert:ensemble""]",4.324416014114713,2.760073636969072,0.7619823255632193,0.48787055090134374
deadlift_delta_capacity_kg,mechanistic_midpoint:383003,mechanistic_midpoint,False,7,"[""compact_neural:383001"",""compact_neural:383002"",""compact_neural:383003"",""public-native-temporal-expert:383001"",""public-native-temporal-expert:383002"",""public-native-temporal-expert:383003"",""public-native-temporal-expert:ensemble""]",4.324416014114713,2.760073636969072,0.7619823255632193,0.48787055090134374
deadlift_delta_capacity_kg,mechanistic_ridge_residual:383001,mechanistic_ridge_residual,False,7,"[""compact_neural:383001"",""compact_neural:383002"",""compact_neural:383003"",""public-native-temporal-expert:383001"",""public-native-temporal-expert:383002"",""public-native-temporal-expert:383003"",""public-native-temporal-expert:ensemble""]",4.277962113710714,2.768964549242876,0.7670685437533269,0.48262972996560527
deadlift_delta_capacity_kg,mechanistic_ridge_residual:383002,mechanistic_ridge_residual,False,7,"[""compact_neural:383001"",""compact_neural:383002"",""compact_neural:383003"",""public-native-temporal-expert:383001"",""public-native-temporal-expert:383002"",""public-native-temporal-expert:383003"",""public-native-temporal-expert:ensemble""]",4.277962113710714,2.768964549242876,0.7670685437533269,0.48262972996560527
deadlift_delta_capacity_kg,mechanistic_ridge_residual:383003,mechanistic_ridge_residual,False,7,"[""compact_neural:383001"",""compact_neural:383002"",""compact_neural:383003"",""public-native-temporal-expert:383001"",""public-native-temporal-expert:383002"",""public-native-temporal-expert:383003"",""public-native-temporal-expert:ensemble""]",4.277962113710714,2.768964549242876,0.7670685437533269,0.48262972996560527
deadlift_delta_capacity_kg,public-native-temporal-expert:383001,public-native-temporal-expert,False,3,"[""public-native-temporal-expert:383002"",""public-native-temporal-expert:383003"",""public-native-temporal-expert:ensemble""]",3.755466586500602,2.385558635167758,0.8204927150525819,0.4236830005409918
deadlift_delta_capacity_kg,public-native-temporal-expert:383002,public-native-temporal-expert,False,1,"[""public-native-temporal-expert:ensemble""]",3.7090540265327014,2.327382573165171,0.8249022391338827,0.4184468435370462
deadlift_delta_capacity_kg,public-native-temporal-expert:383003,public-native-temporal-expert,False,2,"[""public-native-temporal-expert:383002"",""public-native-temporal-expert:ensemble""]",3.7494162360428676,2.3613792309198582,0.8210706496858069,0.4230004140827679
deadlift_delta_capacity_kg,public-native-temporal-expert:ensemble,public-native-temporal-expert,True,0,[],3.6681919557104026,2.31680470523922,0.8287390369162662,0.41383687980137035
deadlift_delta_capacity_kg,ridge:383001,ridge,False,16,"[""compact_neural:383001"",""compact_neural:383002"",""compact_neural:383003"",""context_mean:383001"",""context_mean:383002"",""context_mean:383003"",""mechanistic_midpoint:383001"",""mechanistic_midpoint:383002"",""mechanistic_midpoint:383003"",""mechanistic_ridge_residual:383001"",""mechanistic_ridge_residual:383002"",""mechanistic_ridge_residual:383003"",""public-native-temporal-expert:383001"",""public-native-temporal-expert:383002"",""public-native-temporal-expert:383003"",""public-native-temporal-expert:ensemble""]",5.527782364315873,3.6582552540266025,0.6110836997622298,0.6236315420484839
deadlift_delta_capacity_kg,ridge:383002,ridge,False,16,"[""compact_neural:383001"",""compact_neural:383002"",""compact_neural:383003"",""context_mean:383001"",""context_mean:383002"",""context_mean:383003"",""mechanistic_midpoint:383001"",""mechanistic_midpoint:383002"",""mechanistic_midpoint:383003"",""mechanistic_ridge_residual:383001"",""mechanistic_ridge_residual:383002"",""mechanistic_ridge_residual:383003"",""public-native-temporal-expert:383001"",""public-native-temporal-expert:383002"",""public-native-temporal-expert:383003"",""public-native-temporal-expert:ensemble""]",5.527782364315873,3.6582552540266025,0.6110836997622298,0.6236315420484839
deadlift_delta_capacity_kg,ridge:383003,ridge,False,16,"[""compact_neural:383001"",""compact_neural:383002"",""compact_neural:383003"",""context_mean:383001"",""context_mean:383002"",""context_mean:383003"",""mechanistic_midpoint:383001"",""mechanistic_midpoint:383002"",""mechanistic_midpoint:383003"",""mechanistic_ridge_residual:383001"",""mechanistic_ridge_residual:383002"",""mechanistic_ridge_residual:383003"",""public-native-temporal-expert:383001"",""public-native-temporal-expert:383002"",""public-native-temporal-expert:383003"",""public-native-temporal-expert:ensemble""]",5.527782364315873,3.6582552540266025,0.6110836997622298,0.6236315420484839
