left_benchmark_version,right_benchmark_version,original_res281_decision,admissibility_classification,declared_semantic_checks,failed_semantic_conditions,matched_support_and_paired_scores_verified,missing_matched_evidence,rankings_scientifically_identifiable,rejection_reasons
class_normalized_cross_lift_five_target_performance_forecasting@1.0.0,four_target_load_velocity_and_competition_performance_forecasting@1.0.0,REJECTED_FOR_NUMERICAL_COMPARISON,REJECTED_FOR_NUMERICAL_COMPARISON,"{""dataset_spec_match"":false,""evaluation_match"":false,""information_boundary_match"":false,""metric_set_match"":true,""qoi_match"":false,""representation_match"":false,""task_match"":false,""world_match"":false}",dataset_spec_match;evaluation_match;information_boundary_match;qoi_match;representation_match;task_match;world_match,false,"no matched cross-version prediction/evaluation rows establish common support; no paired scores exist for a shared evaluation population; no public fitted-model/prediction/evaluation panel for: class_normalized_cross_lift_five_target_performance_forecasting@1.0.0, four_target_load_velocity_and_competition_performance_forecasting@1.0.0",False,task differs; qoi differs; world differs; representation differs; dataset_spec differs; evaluation differs; information_boundary differs; No public cross-version paired predictions and evaluation results establish matched support/distribution.
class_normalized_cross_lift_five_target_performance_forecasting@1.0.0,held_out_final_origin_five_target_performance_evaluation@1.0.0,REJECTED_FOR_NUMERICAL_COMPARISON,REJECTED_FOR_NUMERICAL_COMPARISON,"{""dataset_spec_match"":false,""evaluation_match"":false,""information_boundary_match"":false,""metric_set_match"":true,""qoi_match"":true,""representation_match"":true,""task_match"":false,""world_match"":true}",dataset_spec_match;evaluation_match;information_boundary_match;task_match,false,"no matched cross-version prediction/evaluation rows establish common support; no paired scores exist for a shared evaluation population; no public fitted-model/prediction/evaluation panel for: class_normalized_cross_lift_five_target_performance_forecasting@1.0.0, held_out_final_origin_five_target_performance_evaluation@1.0.0",False,task differs; dataset_spec differs; evaluation differs; information_boundary differs; No public cross-version paired predictions and evaluation results establish matched support/distribution.
class_normalized_cross_lift_five_target_performance_forecasting@1.0.0,iid_latent_capacity_change_with_transient_expression_forecasting@1.0.0,REJECTED_FOR_NUMERICAL_COMPARISON,REJECTED_FOR_NUMERICAL_COMPARISON,"{""dataset_spec_match"":false,""evaluation_match"":false,""information_boundary_match"":false,""metric_set_match"":false,""qoi_match"":false,""representation_match"":false,""task_match"":false,""world_match"":false}",dataset_spec_match;evaluation_match;information_boundary_match;metric_set_match;qoi_match;representation_match;task_match;world_match,false,no matched cross-version prediction/evaluation rows establish common support; no paired scores exist for a shared evaluation population; no public fitted-model/prediction/evaluation panel for: class_normalized_cross_lift_five_target_performance_forecasting@1.0.0,False,task differs; qoi differs; world differs; representation differs; dataset_spec differs; evaluation differs; metric_set differs; information_boundary differs; No public cross-version paired predictions and evaluation results establish matched support/distribution.
class_normalized_cross_lift_five_target_performance_forecasting@1.0.0,latent_capacity_change_with_transient_expression_forecasting@1.0.0,REJECTED_FOR_NUMERICAL_COMPARISON,REJECTED_FOR_NUMERICAL_COMPARISON,"{""dataset_spec_match"":false,""evaluation_match"":false,""information_boundary_match"":false,""metric_set_match"":true,""qoi_match"":false,""representation_match"":false,""task_match"":false,""world_match"":false}",dataset_spec_match;evaluation_match;information_boundary_match;qoi_match;representation_match;task_match;world_match,false,"no matched cross-version prediction/evaluation rows establish common support; no paired scores exist for a shared evaluation population; no public fitted-model/prediction/evaluation panel for: class_normalized_cross_lift_five_target_performance_forecasting@1.0.0, latent_capacity_change_with_transient_expression_forecasting@1.0.0",False,task differs; qoi differs; world differs; representation differs; dataset_spec differs; evaluation differs; information_boundary differs; No public cross-version paired predictions and evaluation results establish matched support/distribution.
class_normalized_cross_lift_five_target_performance_forecasting@1.0.0,latent_origin_capacity_change_forecasting@1.0.0,REJECTED_FOR_NUMERICAL_COMPARISON,REJECTED_FOR_NUMERICAL_COMPARISON,"{""dataset_spec_match"":false,""evaluation_match"":false,""information_boundary_match"":false,""metric_set_match"":true,""qoi_match"":false,""representation_match"":false,""task_match"":false,""world_match"":false}",dataset_spec_match;evaluation_match;information_boundary_match;qoi_match;representation_match;task_match;world_match,false,"no matched cross-version prediction/evaluation rows establish common support; no paired scores exist for a shared evaluation population; no public fitted-model/prediction/evaluation panel for: class_normalized_cross_lift_five_target_performance_forecasting@1.0.0, latent_origin_capacity_change_forecasting@1.0.0",False,task differs; qoi differs; world differs; representation differs; dataset_spec differs; evaluation differs; information_boundary differs; No public cross-version paired predictions and evaluation results establish matched support/distribution.
class_normalized_cross_lift_five_target_performance_forecasting@1.0.0,observed_origin_referenced_capacity_change_forecasting@1.0.0,REJECTED_FOR_NUMERICAL_COMPARISON,REJECTED_FOR_NUMERICAL_COMPARISON,"{""dataset_spec_match"":false,""evaluation_match"":false,""information_boundary_match"":false,""metric_set_match"":true,""qoi_match"":false,""representation_match"":false,""task_match"":false,""world_match"":false}",dataset_spec_match;evaluation_match;information_boundary_match;qoi_match;representation_match;task_match;world_match,false,"no matched cross-version prediction/evaluation rows establish common support; no paired scores exist for a shared evaluation population; no public fitted-model/prediction/evaluation panel for: class_normalized_cross_lift_five_target_performance_forecasting@1.0.0, observed_origin_referenced_capacity_change_forecasting@1.0.0",False,task differs; qoi differs; world differs; representation differs; dataset_spec differs; evaluation differs; information_boundary differs; No public cross-version paired predictions and evaluation results establish matched support/distribution.
class_normalized_cross_lift_five_target_performance_forecasting@1.0.0,performance_forecasting_under_schedule_exposure_reporting_heterogeneity@1.0.0,REJECTED_FOR_NUMERICAL_COMPARISON,REJECTED_FOR_NUMERICAL_COMPARISON,"{""dataset_spec_match"":false,""evaluation_match"":false,""information_boundary_match"":false,""metric_set_match"":true,""qoi_match"":false,""representation_match"":false,""task_match"":false,""world_match"":false}",dataset_spec_match;evaluation_match;information_boundary_match;qoi_match;representation_match;task_match;world_match,false,"no matched cross-version prediction/evaluation rows establish common support; no paired scores exist for a shared evaluation population; no public fitted-model/prediction/evaluation panel for: class_normalized_cross_lift_five_target_performance_forecasting@1.0.0, performance_forecasting_under_schedule_exposure_reporting_heterogeneity@1.0.0",False,task differs; qoi differs; world differs; representation differs; dataset_spec differs; evaluation differs; information_boundary differs; No public cross-version paired predictions and evaluation results establish matched support/distribution.
class_normalized_cross_lift_five_target_performance_forecasting@1.0.0,seasonal_five_target_load_velocity_performance_forecasting@1.0.0,REJECTED_FOR_NUMERICAL_COMPARISON,REJECTED_FOR_NUMERICAL_COMPARISON,"{""dataset_spec_match"":false,""evaluation_match"":false,""information_boundary_match"":false,""metric_set_match"":true,""qoi_match"":true,""representation_match"":false,""task_match"":true,""world_match"":false}",dataset_spec_match;evaluation_match;information_boundary_match;representation_match;world_match,false,"no matched cross-version prediction/evaluation rows establish common support; no paired scores exist for a shared evaluation population; no public fitted-model/prediction/evaluation panel for: class_normalized_cross_lift_five_target_performance_forecasting@1.0.0, seasonal_five_target_load_velocity_performance_forecasting@1.0.0",False,world differs; representation differs; dataset_spec differs; evaluation differs; information_boundary differs; No public cross-version paired predictions and evaluation results establish matched support/distribution.
four_target_load_velocity_and_competition_performance_forecasting@1.0.0,held_out_final_origin_five_target_performance_evaluation@1.0.0,REJECTED_FOR_NUMERICAL_COMPARISON,REJECTED_FOR_NUMERICAL_COMPARISON,"{""dataset_spec_match"":false,""evaluation_match"":false,""information_boundary_match"":false,""metric_set_match"":true,""qoi_match"":false,""representation_match"":false,""task_match"":false,""world_match"":false}",dataset_spec_match;evaluation_match;information_boundary_match;qoi_match;representation_match;task_match;world_match,false,"no matched cross-version prediction/evaluation rows establish common support; no paired scores exist for a shared evaluation population; no public fitted-model/prediction/evaluation panel for: four_target_load_velocity_and_competition_performance_forecasting@1.0.0, held_out_final_origin_five_target_performance_evaluation@1.0.0",False,task differs; qoi differs; world differs; representation differs; dataset_spec differs; evaluation differs; information_boundary differs; No public cross-version paired predictions and evaluation results establish matched support/distribution.
four_target_load_velocity_and_competition_performance_forecasting@1.0.0,iid_latent_capacity_change_with_transient_expression_forecasting@1.0.0,REJECTED_FOR_NUMERICAL_COMPARISON,REJECTED_FOR_NUMERICAL_COMPARISON,"{""dataset_spec_match"":false,""evaluation_match"":false,""information_boundary_match"":false,""metric_set_match"":false,""qoi_match"":false,""representation_match"":false,""task_match"":false,""world_match"":false}",dataset_spec_match;evaluation_match;information_boundary_match;metric_set_match;qoi_match;representation_match;task_match;world_match,false,no matched cross-version prediction/evaluation rows establish common support; no paired scores exist for a shared evaluation population; no public fitted-model/prediction/evaluation panel for: four_target_load_velocity_and_competition_performance_forecasting@1.0.0,False,task differs; qoi differs; world differs; representation differs; dataset_spec differs; evaluation differs; metric_set differs; information_boundary differs; No public cross-version paired predictions and evaluation results establish matched support/distribution.
four_target_load_velocity_and_competition_performance_forecasting@1.0.0,latent_capacity_change_with_transient_expression_forecasting@1.0.0,REJECTED_FOR_NUMERICAL_COMPARISON,REJECTED_FOR_NUMERICAL_COMPARISON,"{""dataset_spec_match"":false,""evaluation_match"":false,""information_boundary_match"":false,""metric_set_match"":true,""qoi_match"":false,""representation_match"":false,""task_match"":false,""world_match"":false}",dataset_spec_match;evaluation_match;information_boundary_match;qoi_match;representation_match;task_match;world_match,false,"no matched cross-version prediction/evaluation rows establish common support; no paired scores exist for a shared evaluation population; no public fitted-model/prediction/evaluation panel for: four_target_load_velocity_and_competition_performance_forecasting@1.0.0, latent_capacity_change_with_transient_expression_forecasting@1.0.0",False,task differs; qoi differs; world differs; representation differs; dataset_spec differs; evaluation differs; information_boundary differs; No public cross-version paired predictions and evaluation results establish matched support/distribution.
four_target_load_velocity_and_competition_performance_forecasting@1.0.0,latent_origin_capacity_change_forecasting@1.0.0,REJECTED_FOR_NUMERICAL_COMPARISON,REJECTED_FOR_NUMERICAL_COMPARISON,"{""dataset_spec_match"":false,""evaluation_match"":false,""information_boundary_match"":false,""metric_set_match"":true,""qoi_match"":false,""representation_match"":false,""task_match"":false,""world_match"":false}",dataset_spec_match;evaluation_match;information_boundary_match;qoi_match;representation_match;task_match;world_match,false,"no matched cross-version prediction/evaluation rows establish common support; no paired scores exist for a shared evaluation population; no public fitted-model/prediction/evaluation panel for: four_target_load_velocity_and_competition_performance_forecasting@1.0.0, latent_origin_capacity_change_forecasting@1.0.0",False,task differs; qoi differs; world differs; representation differs; dataset_spec differs; evaluation differs; information_boundary differs; No public cross-version paired predictions and evaluation results establish matched support/distribution.
four_target_load_velocity_and_competition_performance_forecasting@1.0.0,observed_origin_referenced_capacity_change_forecasting@1.0.0,REJECTED_FOR_NUMERICAL_COMPARISON,REJECTED_FOR_NUMERICAL_COMPARISON,"{""dataset_spec_match"":false,""evaluation_match"":false,""information_boundary_match"":false,""metric_set_match"":true,""qoi_match"":false,""representation_match"":false,""task_match"":false,""world_match"":false}",dataset_spec_match;evaluation_match;information_boundary_match;qoi_match;representation_match;task_match;world_match,false,"no matched cross-version prediction/evaluation rows establish common support; no paired scores exist for a shared evaluation population; no public fitted-model/prediction/evaluation panel for: four_target_load_velocity_and_competition_performance_forecasting@1.0.0, observed_origin_referenced_capacity_change_forecasting@1.0.0",False,task differs; qoi differs; world differs; representation differs; dataset_spec differs; evaluation differs; information_boundary differs; No public cross-version paired predictions and evaluation results establish matched support/distribution.
four_target_load_velocity_and_competition_performance_forecasting@1.0.0,performance_forecasting_under_schedule_exposure_reporting_heterogeneity@1.0.0,REJECTED_FOR_NUMERICAL_COMPARISON,REJECTED_FOR_NUMERICAL_COMPARISON,"{""dataset_spec_match"":false,""evaluation_match"":true,""information_boundary_match"":false,""metric_set_match"":true,""qoi_match"":true,""representation_match"":true,""task_match"":true,""world_match"":false}",dataset_spec_match;information_boundary_match;world_match,false,"no matched cross-version prediction/evaluation rows establish common support; no paired scores exist for a shared evaluation population; no public fitted-model/prediction/evaluation panel for: four_target_load_velocity_and_competition_performance_forecasting@1.0.0, performance_forecasting_under_schedule_exposure_reporting_heterogeneity@1.0.0",False,world differs; dataset_spec differs; information_boundary differs; No public cross-version paired predictions and evaluation results establish matched support/distribution.
four_target_load_velocity_and_competition_performance_forecasting@1.0.0,seasonal_five_target_load_velocity_performance_forecasting@1.0.0,REJECTED_FOR_NUMERICAL_COMPARISON,REJECTED_FOR_NUMERICAL_COMPARISON,"{""dataset_spec_match"":false,""evaluation_match"":false,""information_boundary_match"":false,""metric_set_match"":true,""qoi_match"":false,""representation_match"":false,""task_match"":false,""world_match"":false}",dataset_spec_match;evaluation_match;information_boundary_match;qoi_match;representation_match;task_match;world_match,false,"no matched cross-version prediction/evaluation rows establish common support; no paired scores exist for a shared evaluation population; no public fitted-model/prediction/evaluation panel for: four_target_load_velocity_and_competition_performance_forecasting@1.0.0, seasonal_five_target_load_velocity_performance_forecasting@1.0.0",False,task differs; qoi differs; world differs; representation differs; dataset_spec differs; evaluation differs; information_boundary differs; No public cross-version paired predictions and evaluation results establish matched support/distribution.
held_out_final_origin_five_target_performance_evaluation@1.0.0,iid_latent_capacity_change_with_transient_expression_forecasting@1.0.0,REJECTED_FOR_NUMERICAL_COMPARISON,REJECTED_FOR_NUMERICAL_COMPARISON,"{""dataset_spec_match"":false,""evaluation_match"":false,""information_boundary_match"":false,""metric_set_match"":false,""qoi_match"":false,""representation_match"":false,""task_match"":false,""world_match"":false}",dataset_spec_match;evaluation_match;information_boundary_match;metric_set_match;qoi_match;representation_match;task_match;world_match,false,no matched cross-version prediction/evaluation rows establish common support; no paired scores exist for a shared evaluation population; no public fitted-model/prediction/evaluation panel for: held_out_final_origin_five_target_performance_evaluation@1.0.0,False,task differs; qoi differs; world differs; representation differs; dataset_spec differs; evaluation differs; metric_set differs; information_boundary differs; No public cross-version paired predictions and evaluation results establish matched support/distribution.
held_out_final_origin_five_target_performance_evaluation@1.0.0,latent_capacity_change_with_transient_expression_forecasting@1.0.0,REJECTED_FOR_NUMERICAL_COMPARISON,REJECTED_FOR_NUMERICAL_COMPARISON,"{""dataset_spec_match"":false,""evaluation_match"":false,""information_boundary_match"":false,""metric_set_match"":true,""qoi_match"":false,""representation_match"":false,""task_match"":false,""world_match"":false}",dataset_spec_match;evaluation_match;information_boundary_match;qoi_match;representation_match;task_match;world_match,false,"no matched cross-version prediction/evaluation rows establish common support; no paired scores exist for a shared evaluation population; no public fitted-model/prediction/evaluation panel for: held_out_final_origin_five_target_performance_evaluation@1.0.0, latent_capacity_change_with_transient_expression_forecasting@1.0.0",False,task differs; qoi differs; world differs; representation differs; dataset_spec differs; evaluation differs; information_boundary differs; No public cross-version paired predictions and evaluation results establish matched support/distribution.
held_out_final_origin_five_target_performance_evaluation@1.0.0,latent_origin_capacity_change_forecasting@1.0.0,REJECTED_FOR_NUMERICAL_COMPARISON,REJECTED_FOR_NUMERICAL_COMPARISON,"{""dataset_spec_match"":false,""evaluation_match"":false,""information_boundary_match"":false,""metric_set_match"":true,""qoi_match"":false,""representation_match"":false,""task_match"":false,""world_match"":false}",dataset_spec_match;evaluation_match;information_boundary_match;qoi_match;representation_match;task_match;world_match,false,"no matched cross-version prediction/evaluation rows establish common support; no paired scores exist for a shared evaluation population; no public fitted-model/prediction/evaluation panel for: held_out_final_origin_five_target_performance_evaluation@1.0.0, latent_origin_capacity_change_forecasting@1.0.0",False,task differs; qoi differs; world differs; representation differs; dataset_spec differs; evaluation differs; information_boundary differs; No public cross-version paired predictions and evaluation results establish matched support/distribution.
held_out_final_origin_five_target_performance_evaluation@1.0.0,observed_origin_referenced_capacity_change_forecasting@1.0.0,REJECTED_FOR_NUMERICAL_COMPARISON,REJECTED_FOR_NUMERICAL_COMPARISON,"{""dataset_spec_match"":false,""evaluation_match"":false,""information_boundary_match"":false,""metric_set_match"":true,""qoi_match"":false,""representation_match"":false,""task_match"":false,""world_match"":false}",dataset_spec_match;evaluation_match;information_boundary_match;qoi_match;representation_match;task_match;world_match,false,"no matched cross-version prediction/evaluation rows establish common support; no paired scores exist for a shared evaluation population; no public fitted-model/prediction/evaluation panel for: held_out_final_origin_five_target_performance_evaluation@1.0.0, observed_origin_referenced_capacity_change_forecasting@1.0.0",False,task differs; qoi differs; world differs; representation differs; dataset_spec differs; evaluation differs; information_boundary differs; No public cross-version paired predictions and evaluation results establish matched support/distribution.
held_out_final_origin_five_target_performance_evaluation@1.0.0,performance_forecasting_under_schedule_exposure_reporting_heterogeneity@1.0.0,REJECTED_FOR_NUMERICAL_COMPARISON,REJECTED_FOR_NUMERICAL_COMPARISON,"{""dataset_spec_match"":false,""evaluation_match"":false,""information_boundary_match"":false,""metric_set_match"":true,""qoi_match"":false,""representation_match"":false,""task_match"":false,""world_match"":false}",dataset_spec_match;evaluation_match;information_boundary_match;qoi_match;representation_match;task_match;world_match,false,"no matched cross-version prediction/evaluation rows establish common support; no paired scores exist for a shared evaluation population; no public fitted-model/prediction/evaluation panel for: held_out_final_origin_five_target_performance_evaluation@1.0.0, performance_forecasting_under_schedule_exposure_reporting_heterogeneity@1.0.0",False,task differs; qoi differs; world differs; representation differs; dataset_spec differs; evaluation differs; information_boundary differs; No public cross-version paired predictions and evaluation results establish matched support/distribution.
held_out_final_origin_five_target_performance_evaluation@1.0.0,seasonal_five_target_load_velocity_performance_forecasting@1.0.0,REJECTED_FOR_NUMERICAL_COMPARISON,REJECTED_FOR_NUMERICAL_COMPARISON,"{""dataset_spec_match"":false,""evaluation_match"":false,""information_boundary_match"":false,""metric_set_match"":true,""qoi_match"":true,""representation_match"":false,""task_match"":false,""world_match"":false}",dataset_spec_match;evaluation_match;information_boundary_match;representation_match;task_match;world_match,false,"no matched cross-version prediction/evaluation rows establish common support; no paired scores exist for a shared evaluation population; no public fitted-model/prediction/evaluation panel for: held_out_final_origin_five_target_performance_evaluation@1.0.0, seasonal_five_target_load_velocity_performance_forecasting@1.0.0",False,task differs; world differs; representation differs; dataset_spec differs; evaluation differs; information_boundary differs; No public cross-version paired predictions and evaluation results establish matched support/distribution.
iid_latent_capacity_change_with_transient_expression_forecasting@1.0.0,latent_capacity_change_with_transient_expression_forecasting@1.0.0,REJECTED_FOR_NUMERICAL_COMPARISON,REJECTED_FOR_NUMERICAL_COMPARISON,"{""dataset_spec_match"":false,""evaluation_match"":false,""information_boundary_match"":false,""metric_set_match"":false,""qoi_match"":true,""representation_match"":true,""task_match"":true,""world_match"":true}",dataset_spec_match;evaluation_match;information_boundary_match;metric_set_match,false,no matched cross-version prediction/evaluation rows establish common support; no paired scores exist for a shared evaluation population; no public fitted-model/prediction/evaluation panel for: latent_capacity_change_with_transient_expression_forecasting@1.0.0,False,dataset_spec differs; evaluation differs; metric_set differs; information_boundary differs; No public cross-version paired predictions and evaluation results establish matched support/distribution.
iid_latent_capacity_change_with_transient_expression_forecasting@1.0.0,latent_origin_capacity_change_forecasting@1.0.0,REJECTED_FOR_NUMERICAL_COMPARISON,REJECTED_FOR_NUMERICAL_COMPARISON,"{""dataset_spec_match"":false,""evaluation_match"":false,""information_boundary_match"":false,""metric_set_match"":false,""qoi_match"":true,""representation_match"":false,""task_match"":true,""world_match"":false}",dataset_spec_match;evaluation_match;information_boundary_match;metric_set_match;representation_match;world_match,false,no matched cross-version prediction/evaluation rows establish common support; no paired scores exist for a shared evaluation population; no public fitted-model/prediction/evaluation panel for: latent_origin_capacity_change_forecasting@1.0.0,False,world differs; representation differs; dataset_spec differs; evaluation differs; metric_set differs; information_boundary differs; No public cross-version paired predictions and evaluation results establish matched support/distribution.
iid_latent_capacity_change_with_transient_expression_forecasting@1.0.0,observed_origin_referenced_capacity_change_forecasting@1.0.0,REJECTED_FOR_NUMERICAL_COMPARISON,REJECTED_FOR_NUMERICAL_COMPARISON,"{""dataset_spec_match"":false,""evaluation_match"":false,""information_boundary_match"":false,""metric_set_match"":false,""qoi_match"":false,""representation_match"":false,""task_match"":false,""world_match"":false}",dataset_spec_match;evaluation_match;information_boundary_match;metric_set_match;qoi_match;representation_match;task_match;world_match,false,no matched cross-version prediction/evaluation rows establish common support; no paired scores exist for a shared evaluation population; no public fitted-model/prediction/evaluation panel for: observed_origin_referenced_capacity_change_forecasting@1.0.0,False,task differs; qoi differs; world differs; representation differs; dataset_spec differs; evaluation differs; metric_set differs; information_boundary differs; No public cross-version paired predictions and evaluation results establish matched support/distribution.
iid_latent_capacity_change_with_transient_expression_forecasting@1.0.0,performance_forecasting_under_schedule_exposure_reporting_heterogeneity@1.0.0,REJECTED_FOR_NUMERICAL_COMPARISON,REJECTED_FOR_NUMERICAL_COMPARISON,"{""dataset_spec_match"":false,""evaluation_match"":false,""information_boundary_match"":false,""metric_set_match"":false,""qoi_match"":false,""representation_match"":false,""task_match"":false,""world_match"":false}",dataset_spec_match;evaluation_match;information_boundary_match;metric_set_match;qoi_match;representation_match;task_match;world_match,false,no matched cross-version prediction/evaluation rows establish common support; no paired scores exist for a shared evaluation population; no public fitted-model/prediction/evaluation panel for: performance_forecasting_under_schedule_exposure_reporting_heterogeneity@1.0.0,False,task differs; qoi differs; world differs; representation differs; dataset_spec differs; evaluation differs; metric_set differs; information_boundary differs; No public cross-version paired predictions and evaluation results establish matched support/distribution.
iid_latent_capacity_change_with_transient_expression_forecasting@1.0.0,seasonal_five_target_load_velocity_performance_forecasting@1.0.0,REJECTED_FOR_NUMERICAL_COMPARISON,REJECTED_FOR_NUMERICAL_COMPARISON,"{""dataset_spec_match"":false,""evaluation_match"":false,""information_boundary_match"":false,""metric_set_match"":false,""qoi_match"":false,""representation_match"":false,""task_match"":false,""world_match"":false}",dataset_spec_match;evaluation_match;information_boundary_match;metric_set_match;qoi_match;representation_match;task_match;world_match,false,no matched cross-version prediction/evaluation rows establish common support; no paired scores exist for a shared evaluation population; no public fitted-model/prediction/evaluation panel for: seasonal_five_target_load_velocity_performance_forecasting@1.0.0,False,task differs; qoi differs; world differs; representation differs; dataset_spec differs; evaluation differs; metric_set differs; information_boundary differs; No public cross-version paired predictions and evaluation results establish matched support/distribution.
latent_capacity_change_with_transient_expression_forecasting@1.0.0,latent_origin_capacity_change_forecasting@1.0.0,REJECTED_FOR_NUMERICAL_COMPARISON,REJECTED_FOR_NUMERICAL_COMPARISON,"{""dataset_spec_match"":false,""evaluation_match"":false,""information_boundary_match"":false,""metric_set_match"":true,""qoi_match"":true,""representation_match"":false,""task_match"":true,""world_match"":false}",dataset_spec_match;evaluation_match;information_boundary_match;representation_match;world_match,false,"no matched cross-version prediction/evaluation rows establish common support; no paired scores exist for a shared evaluation population; no public fitted-model/prediction/evaluation panel for: latent_capacity_change_with_transient_expression_forecasting@1.0.0, latent_origin_capacity_change_forecasting@1.0.0",False,world differs; representation differs; dataset_spec differs; evaluation differs; information_boundary differs; No public cross-version paired predictions and evaluation results establish matched support/distribution.
latent_capacity_change_with_transient_expression_forecasting@1.0.0,observed_origin_referenced_capacity_change_forecasting@1.0.0,REJECTED_FOR_NUMERICAL_COMPARISON,REJECTED_FOR_NUMERICAL_COMPARISON,"{""dataset_spec_match"":false,""evaluation_match"":false,""information_boundary_match"":false,""metric_set_match"":true,""qoi_match"":false,""representation_match"":false,""task_match"":false,""world_match"":false}",dataset_spec_match;evaluation_match;information_boundary_match;qoi_match;representation_match;task_match;world_match,false,"no matched cross-version prediction/evaluation rows establish common support; no paired scores exist for a shared evaluation population; no public fitted-model/prediction/evaluation panel for: latent_capacity_change_with_transient_expression_forecasting@1.0.0, observed_origin_referenced_capacity_change_forecasting@1.0.0",False,task differs; qoi differs; world differs; representation differs; dataset_spec differs; evaluation differs; information_boundary differs; No public cross-version paired predictions and evaluation results establish matched support/distribution.
latent_capacity_change_with_transient_expression_forecasting@1.0.0,performance_forecasting_under_schedule_exposure_reporting_heterogeneity@1.0.0,REJECTED_FOR_NUMERICAL_COMPARISON,REJECTED_FOR_NUMERICAL_COMPARISON,"{""dataset_spec_match"":false,""evaluation_match"":false,""information_boundary_match"":false,""metric_set_match"":true,""qoi_match"":false,""representation_match"":false,""task_match"":false,""world_match"":false}",dataset_spec_match;evaluation_match;information_boundary_match;qoi_match;representation_match;task_match;world_match,false,"no matched cross-version prediction/evaluation rows establish common support; no paired scores exist for a shared evaluation population; no public fitted-model/prediction/evaluation panel for: latent_capacity_change_with_transient_expression_forecasting@1.0.0, performance_forecasting_under_schedule_exposure_reporting_heterogeneity@1.0.0",False,task differs; qoi differs; world differs; representation differs; dataset_spec differs; evaluation differs; information_boundary differs; No public cross-version paired predictions and evaluation results establish matched support/distribution.
latent_capacity_change_with_transient_expression_forecasting@1.0.0,seasonal_five_target_load_velocity_performance_forecasting@1.0.0,REJECTED_FOR_NUMERICAL_COMPARISON,REJECTED_FOR_NUMERICAL_COMPARISON,"{""dataset_spec_match"":false,""evaluation_match"":false,""information_boundary_match"":false,""metric_set_match"":true,""qoi_match"":false,""representation_match"":false,""task_match"":false,""world_match"":false}",dataset_spec_match;evaluation_match;information_boundary_match;qoi_match;representation_match;task_match;world_match,false,"no matched cross-version prediction/evaluation rows establish common support; no paired scores exist for a shared evaluation population; no public fitted-model/prediction/evaluation panel for: latent_capacity_change_with_transient_expression_forecasting@1.0.0, seasonal_five_target_load_velocity_performance_forecasting@1.0.0",False,task differs; qoi differs; world differs; representation differs; dataset_spec differs; evaluation differs; information_boundary differs; No public cross-version paired predictions and evaluation results establish matched support/distribution.
latent_origin_capacity_change_forecasting@1.0.0,observed_origin_referenced_capacity_change_forecasting@1.0.0,REJECTED_FOR_NUMERICAL_COMPARISON,REJECTED_FOR_NUMERICAL_COMPARISON,"{""dataset_spec_match"":false,""evaluation_match"":false,""information_boundary_match"":false,""metric_set_match"":true,""qoi_match"":false,""representation_match"":true,""task_match"":false,""world_match"":true}",dataset_spec_match;evaluation_match;information_boundary_match;qoi_match;task_match,false,"no matched cross-version prediction/evaluation rows establish common support; no paired scores exist for a shared evaluation population; no public fitted-model/prediction/evaluation panel for: latent_origin_capacity_change_forecasting@1.0.0, observed_origin_referenced_capacity_change_forecasting@1.0.0",False,task differs; qoi differs; dataset_spec differs; evaluation differs; information_boundary differs; No public cross-version paired predictions and evaluation results establish matched support/distribution.
latent_origin_capacity_change_forecasting@1.0.0,performance_forecasting_under_schedule_exposure_reporting_heterogeneity@1.0.0,REJECTED_FOR_NUMERICAL_COMPARISON,REJECTED_FOR_NUMERICAL_COMPARISON,"{""dataset_spec_match"":false,""evaluation_match"":false,""information_boundary_match"":false,""metric_set_match"":true,""qoi_match"":false,""representation_match"":false,""task_match"":false,""world_match"":false}",dataset_spec_match;evaluation_match;information_boundary_match;qoi_match;representation_match;task_match;world_match,false,"no matched cross-version prediction/evaluation rows establish common support; no paired scores exist for a shared evaluation population; no public fitted-model/prediction/evaluation panel for: latent_origin_capacity_change_forecasting@1.0.0, performance_forecasting_under_schedule_exposure_reporting_heterogeneity@1.0.0",False,task differs; qoi differs; world differs; representation differs; dataset_spec differs; evaluation differs; information_boundary differs; No public cross-version paired predictions and evaluation results establish matched support/distribution.
latent_origin_capacity_change_forecasting@1.0.0,seasonal_five_target_load_velocity_performance_forecasting@1.0.0,REJECTED_FOR_NUMERICAL_COMPARISON,REJECTED_FOR_NUMERICAL_COMPARISON,"{""dataset_spec_match"":false,""evaluation_match"":false,""information_boundary_match"":false,""metric_set_match"":true,""qoi_match"":false,""representation_match"":false,""task_match"":false,""world_match"":false}",dataset_spec_match;evaluation_match;information_boundary_match;qoi_match;representation_match;task_match;world_match,false,"no matched cross-version prediction/evaluation rows establish common support; no paired scores exist for a shared evaluation population; no public fitted-model/prediction/evaluation panel for: latent_origin_capacity_change_forecasting@1.0.0, seasonal_five_target_load_velocity_performance_forecasting@1.0.0",False,task differs; qoi differs; world differs; representation differs; dataset_spec differs; evaluation differs; information_boundary differs; No public cross-version paired predictions and evaluation results establish matched support/distribution.
observed_origin_referenced_capacity_change_forecasting@1.0.0,performance_forecasting_under_schedule_exposure_reporting_heterogeneity@1.0.0,REJECTED_FOR_NUMERICAL_COMPARISON,REJECTED_FOR_NUMERICAL_COMPARISON,"{""dataset_spec_match"":false,""evaluation_match"":false,""information_boundary_match"":false,""metric_set_match"":true,""qoi_match"":false,""representation_match"":false,""task_match"":false,""world_match"":false}",dataset_spec_match;evaluation_match;information_boundary_match;qoi_match;representation_match;task_match;world_match,false,"no matched cross-version prediction/evaluation rows establish common support; no paired scores exist for a shared evaluation population; no public fitted-model/prediction/evaluation panel for: observed_origin_referenced_capacity_change_forecasting@1.0.0, performance_forecasting_under_schedule_exposure_reporting_heterogeneity@1.0.0",False,task differs; qoi differs; world differs; representation differs; dataset_spec differs; evaluation differs; information_boundary differs; No public cross-version paired predictions and evaluation results establish matched support/distribution.
observed_origin_referenced_capacity_change_forecasting@1.0.0,seasonal_five_target_load_velocity_performance_forecasting@1.0.0,REJECTED_FOR_NUMERICAL_COMPARISON,REJECTED_FOR_NUMERICAL_COMPARISON,"{""dataset_spec_match"":false,""evaluation_match"":false,""information_boundary_match"":false,""metric_set_match"":true,""qoi_match"":false,""representation_match"":false,""task_match"":false,""world_match"":false}",dataset_spec_match;evaluation_match;information_boundary_match;qoi_match;representation_match;task_match;world_match,false,"no matched cross-version prediction/evaluation rows establish common support; no paired scores exist for a shared evaluation population; no public fitted-model/prediction/evaluation panel for: observed_origin_referenced_capacity_change_forecasting@1.0.0, seasonal_five_target_load_velocity_performance_forecasting@1.0.0",False,task differs; qoi differs; world differs; representation differs; dataset_spec differs; evaluation differs; information_boundary differs; No public cross-version paired predictions and evaluation results establish matched support/distribution.
performance_forecasting_under_schedule_exposure_reporting_heterogeneity@1.0.0,seasonal_five_target_load_velocity_performance_forecasting@1.0.0,REJECTED_FOR_NUMERICAL_COMPARISON,REJECTED_FOR_NUMERICAL_COMPARISON,"{""dataset_spec_match"":false,""evaluation_match"":false,""information_boundary_match"":false,""metric_set_match"":true,""qoi_match"":false,""representation_match"":false,""task_match"":false,""world_match"":false}",dataset_spec_match;evaluation_match;information_boundary_match;qoi_match;representation_match;task_match;world_match,false,"no matched cross-version prediction/evaluation rows establish common support; no paired scores exist for a shared evaluation population; no public fitted-model/prediction/evaluation panel for: performance_forecasting_under_schedule_exposure_reporting_heterogeneity@1.0.0, seasonal_five_target_load_velocity_performance_forecasting@1.0.0",False,task differs; qoi differs; world differs; representation differs; dataset_spec differs; evaluation differs; information_boundary differs; No public cross-version paired predictions and evaluation results establish matched support/distribution.
