target,prediction_row_keys,canonical_evaluation_sample_count,candidate_id,model_family,candidate_role,fit_seed,model_id,fitted_instance_id,evaluation_result_id,prediction_artifact_identity,evaluation_result_sha256,prediction_artifact_sha256,fitted_identity_artifact_sha256,within_version_comparison_status,RMSE,MAE,R²,SRE(ddof=0),RMSE_rank,MAE_rank,R²_rank,SRE(ddof=0)_rank
squat_delta_capacity_kg,3072,3072,public-native-temporal-expert:ensemble,public-native-temporal-expert,ensemble,ensemble,psr:model:public-native-lift-shared-temporal-gru-capacity-change@1.0.0~34d23123138f,psr:fitted-instance:public-native-temporal-expert-three-seed-ensemble@sha256:ff4e475ffeef1c03976c92c5868e75d0afd72672cb2848f0250e707dbd4c7fad,psr:evaluation-result@sha256:84ccca3c7c53322e1271d07e2578257f8dfcebe14517a1b736898aacc6e93778,psr:prediction-artifact:prediction-jsonl-f6fb260feac8@sha256:41d24e7312ce08ab69018b5193c881a15ae577ec93f666e4e1385d8c86aa1c90,sha256:03609a9897981331f8862e4fcc07739c79a769f23177006926196fca2946e69d,sha256:f6fb260feac851845f584bcd96a290ec046234f78a7596221aba5453aecc006d,sha256:9281eedeecafe893fbad32fc60a11e79527be345d60de7aaf371c2d4250d3413,ADMISSIBLE,2.9009557745782533,1.8344337258276735,0.8408747232546605,0.3989050974170919,1.0,2.0,1.0,1.0
squat_delta_capacity_kg,3072,3072,public-native-temporal-expert:383002,public-native-temporal-expert,fit_seed,383002,psr:model:public-native-lift-shared-temporal-gru-capacity-change@1.0.0~34d23123138f,psr:fitted-instance:public-native-temporal-expert-seed-383002@sha256:7f4caedb37631f4aab38fa7cc1156b9625a5e71825b31b05b1385e4790c5763b,psr:evaluation-result@sha256:cb614f4c68075544a0521e9a5cc393ba2761e5a47e714818c2fe31175e3dc4b6,psr:prediction-artifact:prediction-jsonl-2373889b2664@sha256:47c74c688dc10c4f39ac5050e1c947817350b98d0425f2112b21ef078b424a06,sha256:ba2cdd57bfd521ce9cf3d845cd7b5a1a876bb10d84dc7dc6d24c435beffc4fe4,sha256:2373889b26646731eafc88907fada38aaf2982d0cfb464b7cfb4f728fb854e89,sha256:22955c9b8cc70d83bb37ffa240277b3949323ae3f402855a89f179e0edd70a4b,ADMISSIBLE,2.943496532734479,1.8569143879480923,0.8361735527729722,0.40475479889314186,2.0,3.0,2.0,2.0
squat_delta_capacity_kg,3072,3072,public-native-temporal-expert:383003,public-native-temporal-expert,fit_seed,383003,psr:model:public-native-lift-shared-temporal-gru-capacity-change@1.0.0~34d23123138f,psr:fitted-instance:public-native-temporal-expert-seed-383003@sha256:e77b5b66e868fcb9345717d913d5bd6bcc17237c0d27ae46bf9cf994b5e5d59f,psr:evaluation-result@sha256:ea4519bc80bcb8b83b3a257937b6d95452e6e9cf901b62585c4326680b7dad1c,psr:prediction-artifact:prediction-jsonl-472fe8e81648@sha256:87be20d42ea5d3589e140c8a65620ab9f328de760a5b3b6596561139fe219c0e,sha256:bc8de2622e05f1a130cdec78f263c789e07d0125b38958d17d95ff7019f9e8aa,sha256:472fe8e81648672af3d93e17caaabe433026ab0d1725e384c370eb35f6d45944,sha256:8b5306e462aedd7639a3fb696abf61f353be60f845068954aefacc31908ad554,ADMISSIBLE,2.94658517833719,1.8338806628876931,0.8358295623472658,0.40517951287390414,3.0,1.0,3.0,3.0
squat_delta_capacity_kg,3072,3072,public-native-temporal-expert:383001,public-native-temporal-expert,fit_seed,383001,psr:model:public-native-lift-shared-temporal-gru-capacity-change@1.0.0~34d23123138f,psr:fitted-instance:public-native-temporal-expert-seed-383001@sha256:8097eb52fabd88d36992b2af5e363baab3b5e2333d5701798430b20882ce31b9,psr:evaluation-result@sha256:39615cfdbe3e54cb2f0f69b567eee8f1bad49b12eb5d772753ba58553b3303f1,psr:prediction-artifact:prediction-jsonl-eb1bf322ba17@sha256:cac5014e1515786ea9e55d04d8aaf393743f48d2e8ba1a2738ccb25f5dde6d38,sha256:50d9377522cc05795eccb9572fe58ed4363f60535789d13a78399830d6cb292d,sha256:eb1bf322ba1783d0c70f59d13016421736fd6447c2f6827079f713d31332f50c,sha256:6da523c6bb608bac653b44b4ab6343afb55dca46f766d913fadb6e3386960c87,ADMISSIBLE,3.018465882001808,1.942294152710178,0.8277221279820695,0.4150636963382012,4.0,4.0,4.0,4.0
squat_delta_capacity_kg,3072,3072,compact_neural:383002,compact_neural,fit_seed,383002,psr:model:public-native-compact-neural@1.0.0~e0317f3b36a1,psr:fitted-instance:public-native-compact-neural-seed-383002@sha256:bf62012aaa82eb7a9bfd581969d97ecaa8072736ea39ac4fe230145561964442,psr:evaluation-result@sha256:bd8bc4865d7843cfdd58c28183c5afba2c364d20b0ead5287efbfbfeeb9f0618,psr:prediction-artifact:prediction-jsonl-d7e37679920f@sha256:d8953f4278dc86952d4ac68c87d2b005ac782fb8ec61be887c35af9ffa852d28,sha256:1cf1d50f525c065f968a0b6c562587d83a5af18b9bb751ac70fdae03385f41f3,sha256:d7e37679920fbe96c7412c2080a5cc24296d3ca01ac28e592ff1ee716cda176e,sha256:bf62012aaa82eb7a9bfd581969d97ecaa8072736ea39ac4fe230145561964442,ADMISSIBLE,3.2997173022099666,2.179619419647699,0.7941217708478325,0.45373806226959557,5.0,5.0,5.0,5.0
squat_delta_capacity_kg,3072,3072,compact_neural:383001,compact_neural,fit_seed,383001,psr:model:public-native-compact-neural@1.0.0~e0317f3b36a1,psr:fitted-instance:public-native-compact-neural-seed-383001@sha256:f83064fa9580fd8ac5103c8ddbb865b68d62adc0e106c226c8c555c16e4ef256,psr:evaluation-result@sha256:d6acae8acf6281957585a4299d7387c33cbda7c16ffbf2a7894af697d22b2d4e,psr:prediction-artifact:prediction-jsonl-7ca5b58f251f@sha256:20964c19c43ab3d88b2e607bd8e9a9529b141dd26c591a6f513730bf3415a75c,sha256:b084132f54c6e52898900804ed7e49dbf4ad8217ba6736e77909c8a8611f2e99,sha256:7ca5b58f251f0d176353b0b8dc25d763b6ed8787ee6a22cd0012dd0b5568af56,sha256:f83064fa9580fd8ac5103c8ddbb865b68d62adc0e106c226c8c555c16e4ef256,ADMISSIBLE,3.3153916741716367,2.2377466917409814,0.7921611929260504,0.4558934163529341,6.0,6.0,6.0,6.0
squat_delta_capacity_kg,3072,3072,compact_neural:383003,compact_neural,fit_seed,383003,psr:model:public-native-compact-neural@1.0.0~e0317f3b36a1,psr:fitted-instance:public-native-compact-neural-seed-383003@sha256:b84e4b2d1d64c8701968f0db1a2f1a45cabe960619aa641c7811367633dd4401,psr:evaluation-result@sha256:eb54fa2513c765733fbf4b1a3fb8e387f8c914229f956adedf725b11f6cb7fb9,psr:prediction-artifact:prediction-jsonl-515da002595a@sha256:da2637f962f3d842e84a1c18fc54768cca11261360638d01f404d9e36d723909,sha256:9d90fdb3ead91e2fe128d5a03e996612b7200f2cf102563e9398c222920097e6,sha256:515da002595a3a13bd179bf31c7f8db833a5bae00b2c32f35c3002b80623fae0,sha256:b84e4b2d1d64c8701968f0db1a2f1a45cabe960619aa641c7811367633dd4401,ADMISSIBLE,3.334765981820312,2.2423749266958493,0.7897249808646272,0.458557541793146,7.0,7.0,7.0,7.0
squat_delta_capacity_kg,3072,3072,mechanistic_ridge_residual:383001,mechanistic_ridge_residual,fit_seed,383001,psr:model:public-native-mechanistic-ridge-residual@1.0.0~e153e20558e2,psr:fitted-instance:public-native-mechanistic-ridge-residual-seed-383001@sha256:db416b1d9d643f91ed2da0223730c63922e90aaf52dc26cee1cfaa579de93e7b,psr:evaluation-result@sha256:839187d8f8e9e62d3b61b4a1cff71569314d280b629b26b6b260679b25409d6c,psr:prediction-artifact:prediction-jsonl-b889191ea30b@sha256:3c448d39ba399e2ca20707240fe1f83903685496cd12d5d5892316925988d417,sha256:287cd8f00a64a102913ba76baa2f60e15ad13b124c0518a6458ca0194416fbc8,sha256:b889191ea30b5a9aee89913650699e48e11e580ab85997cc6b3484e6e755404c,sha256:db416b1d9d643f91ed2da0223730c63922e90aaf52dc26cee1cfaa579de93e7b,ADMISSIBLE,3.587939886451021,2.339115442381639,0.7565850364701251,0.4933710201561041,9.0,12.0,9.0,9.0
squat_delta_capacity_kg,3072,3072,mechanistic_ridge_residual:383002,mechanistic_ridge_residual,fit_seed,383002,psr:model:public-native-mechanistic-ridge-residual@1.0.0~e153e20558e2,psr:fitted-instance:public-native-mechanistic-ridge-residual-seed-383002@sha256:6bb30296ce93dd2f47fd7199a730ba5782e2e70b51d8b3fde5aecd3572364185,psr:evaluation-result@sha256:d6dd605fcbff268e94a89862dd90f2ee3b6b60dff9ea059d78408b996a14c369,psr:prediction-artifact:prediction-jsonl-b889191ea30b@sha256:3c448d39ba399e2ca20707240fe1f83903685496cd12d5d5892316925988d417,sha256:9a97afa01d1fbd5d19f12dd488097d45cc2b7f234c4b3b67dd93a4ee44379347,sha256:b889191ea30b5a9aee89913650699e48e11e580ab85997cc6b3484e6e755404c,sha256:6bb30296ce93dd2f47fd7199a730ba5782e2e70b51d8b3fde5aecd3572364185,ADMISSIBLE,3.587939886451021,2.339115442381639,0.7565850364701251,0.4933710201561041,9.0,12.0,9.0,9.0
squat_delta_capacity_kg,3072,3072,mechanistic_ridge_residual:383003,mechanistic_ridge_residual,fit_seed,383003,psr:model:public-native-mechanistic-ridge-residual@1.0.0~e153e20558e2,psr:fitted-instance:public-native-mechanistic-ridge-residual-seed-383003@sha256:8d92b5a0bcc75f5476fe9bd51ebb8a6d789ddb403bb6bf0f7eb9b41cc4ffadb8,psr:evaluation-result@sha256:e4cc4e1beded8ac0ad6083d39a3abe0412b96f0e1ef94f75866eab1068a6a3c6,psr:prediction-artifact:prediction-jsonl-b889191ea30b@sha256:3c448d39ba399e2ca20707240fe1f83903685496cd12d5d5892316925988d417,sha256:ce707447ca6ffad9c85edebaec5850a19355676e50cd04f5bc2aec7970249462,sha256:b889191ea30b5a9aee89913650699e48e11e580ab85997cc6b3484e6e755404c,sha256:8d92b5a0bcc75f5476fe9bd51ebb8a6d789ddb403bb6bf0f7eb9b41cc4ffadb8,ADMISSIBLE,3.587939886451021,2.339115442381639,0.7565850364701251,0.4933710201561041,9.0,12.0,9.0,9.0
squat_delta_capacity_kg,3072,3072,mechanistic_midpoint:383001,mechanistic_midpoint,fit_seed,383001,psr:model:public-native-mechanistic-midpoint@1.0.0~9b52973798f4,psr:fitted-instance:public-native-mechanistic-midpoint-seed-383001@sha256:b0dd9239f24b02cc8e3a93d591f0ce1edc70e391beec1c1b9964023254ac8390,psr:evaluation-result@sha256:85c9bb4a86f2cfeaad71497457db12f6f012d32f065186b5e4b10e4d9c3a4fac,psr:prediction-artifact:prediction-jsonl-bad41b609c8f@sha256:40d7658d90a8c27a72985f7f64455dbfc85a33c15967673f6de6b6f84988cfef,sha256:5087070f4eee5b6c808ad99d16f05aedc81e28e5835cb2f4ff9c87dd33340f41,sha256:bad41b609c8f7dccd235898c07c239a3b30e2ae279373284a762fd68a4017ab9,sha256:b0dd9239f24b02cc8e3a93d591f0ce1edc70e391beec1c1b9964023254ac8390,ADMISSIBLE,3.6234291586969145,2.319976689500767,0.7517458565322119,0.4982510847632828,12.0,9.0,12.0,12.0
squat_delta_capacity_kg,3072,3072,mechanistic_midpoint:383002,mechanistic_midpoint,fit_seed,383002,psr:model:public-native-mechanistic-midpoint@1.0.0~9b52973798f4,psr:fitted-instance:public-native-mechanistic-midpoint-seed-383002@sha256:27297eaa4df87e889b6514bc5b6abc0b6d65d1b7dbcc2d606034a86e9a7ecfb3,psr:evaluation-result@sha256:43a95972223bd9a67a3ecaba609218ea1b015b7ddac1aa2cbb65f40ce5c425d8,psr:prediction-artifact:prediction-jsonl-bad41b609c8f@sha256:40d7658d90a8c27a72985f7f64455dbfc85a33c15967673f6de6b6f84988cfef,sha256:3941daeb60a61fbf055b6607aa58e211baa1c2325de81c9294717e0b8226cbaa,sha256:bad41b609c8f7dccd235898c07c239a3b30e2ae279373284a762fd68a4017ab9,sha256:27297eaa4df87e889b6514bc5b6abc0b6d65d1b7dbcc2d606034a86e9a7ecfb3,ADMISSIBLE,3.6234291586969145,2.319976689500767,0.7517458565322119,0.4982510847632828,12.0,9.0,12.0,12.0
squat_delta_capacity_kg,3072,3072,mechanistic_midpoint:383003,mechanistic_midpoint,fit_seed,383003,psr:model:public-native-mechanistic-midpoint@1.0.0~9b52973798f4,psr:fitted-instance:public-native-mechanistic-midpoint-seed-383003@sha256:6b7ec1326780ab1f688b570fc7cb5e5357be50cb582ef46954fc401647abc5ac,psr:evaluation-result@sha256:a5c34ec217f484305222a621a8766d5366d13fd67c82e0db27a2ee7def200eb4,psr:prediction-artifact:prediction-jsonl-bad41b609c8f@sha256:40d7658d90a8c27a72985f7f64455dbfc85a33c15967673f6de6b6f84988cfef,sha256:86b994541527893a41620b738bfd28a54c8b947ac59c5f7c840f31efbf5885f7,sha256:bad41b609c8f7dccd235898c07c239a3b30e2ae279373284a762fd68a4017ab9,sha256:6b7ec1326780ab1f688b570fc7cb5e5357be50cb582ef46954fc401647abc5ac,ADMISSIBLE,3.6234291586969145,2.319976689500767,0.7517458565322119,0.4982510847632828,12.0,9.0,12.0,12.0
squat_delta_capacity_kg,3072,3072,context_mean:383001,context_mean,fit_seed,383001,psr:model:public-native-context-mean@1.0.0~0b76d1c62dae,psr:fitted-instance:public-native-context-mean-seed-383001@sha256:61b8453c508e93a84fa9ee4f188b475d853ce6fd19627e8c826706fb9f38ec63,psr:evaluation-result@sha256:1bff8487bcdaa0354e8aee82d3f8726e82f29b834e3ee761da84b538f4a8a861,psr:prediction-artifact:prediction-jsonl-aab4aaf852f4@sha256:2ebd09c90016b93ca4494966ee1dea5e439f813c12de9312d1d03e4b863778a2,sha256:1e2f54d5f9418f77dfe4e974c8e9be48f6a4f50dce6a07cb6e1cde4145e6da4e,sha256:aab4aaf852f446528bd7c760f8921a1897c72d11ea5f35ebba9b207bd573dbc4,sha256:61b8453c508e93a84fa9ee4f188b475d853ce6fd19627e8c826706fb9f38ec63,ADMISSIBLE,4.095616352278172,2.63220668839074,0.6828275239221944,0.5631806780046753,15.0,15.0,15.0,15.0
squat_delta_capacity_kg,3072,3072,context_mean:383002,context_mean,fit_seed,383002,psr:model:public-native-context-mean@1.0.0~0b76d1c62dae,psr:fitted-instance:public-native-context-mean-seed-383002@sha256:a1fb9089447382135cf7365a44eaa554d291aac43059de7f45420d0941d58dba,psr:evaluation-result@sha256:c249b8f54d42b01ee5953a84994d8baf1d473ae4e3dcf0326cbe79db7369508c,psr:prediction-artifact:prediction-jsonl-aab4aaf852f4@sha256:2ebd09c90016b93ca4494966ee1dea5e439f813c12de9312d1d03e4b863778a2,sha256:7afac489e185773a4c7c0b8f8e5795af2317a8b5dfe1a955c3af761a74acedee,sha256:aab4aaf852f446528bd7c760f8921a1897c72d11ea5f35ebba9b207bd573dbc4,sha256:a1fb9089447382135cf7365a44eaa554d291aac43059de7f45420d0941d58dba,ADMISSIBLE,4.095616352278172,2.63220668839074,0.6828275239221944,0.5631806780046753,15.0,15.0,15.0,15.0
squat_delta_capacity_kg,3072,3072,context_mean:383003,context_mean,fit_seed,383003,psr:model:public-native-context-mean@1.0.0~0b76d1c62dae,psr:fitted-instance:public-native-context-mean-seed-383003@sha256:5845dd0a73a43880664bc253bf1406bcb5cb3ec84a93cc66e33b9b36295187c1,psr:evaluation-result@sha256:64ae5d10fe181da69d712b0a86d3beee5be66e05af084b8d1ef983dcf8985bad,psr:prediction-artifact:prediction-jsonl-aab4aaf852f4@sha256:2ebd09c90016b93ca4494966ee1dea5e439f813c12de9312d1d03e4b863778a2,sha256:9fa9f122333fb635f3f508cd156244c4f813681ff16d1824a464c2fc718bcaaf,sha256:aab4aaf852f446528bd7c760f8921a1897c72d11ea5f35ebba9b207bd573dbc4,sha256:5845dd0a73a43880664bc253bf1406bcb5cb3ec84a93cc66e33b9b36295187c1,ADMISSIBLE,4.095616352278172,2.63220668839074,0.6828275239221944,0.5631806780046753,15.0,15.0,15.0,15.0
squat_delta_capacity_kg,3072,3072,ridge:383001,ridge,fit_seed,383001,psr:model:public-native-ridge@1.0.0~35f69cbae323,psr:fitted-instance:public-native-ridge-seed-383001@sha256:e0e37f64f07399b58fca76c0aa7359b6f23f7c8dd3583af4d44448fcbcb2bc48,psr:evaluation-result@sha256:91835821f22ef09f72b11d24dee2241b16828899324177f715b7cc0697db345a,psr:prediction-artifact:prediction-jsonl-c243aaee0874@sha256:93233ab6e760c75ac3cc13d1d0d1b8433525b303378ba8b4192bd49ad01260f6,sha256:2171a69215d1630726c72f850c81ae96a5f2e6450402afaddd14e5adc66b90ca,sha256:c243aaee0874303607b9ae5660fa3ccbf75ddf6a7a58721d962edf89c2dddcb3,sha256:e0e37f64f07399b58fca76c0aa7359b6f23f7c8dd3583af4d44448fcbcb2bc48,ADMISSIBLE,4.43799289350538,2.941466408735241,0.6275824309357382,0.6102602469965267,18.0,21.0,18.0,18.0
squat_delta_capacity_kg,3072,3072,ridge:383002,ridge,fit_seed,383002,psr:model:public-native-ridge@1.0.0~35f69cbae323,psr:fitted-instance:public-native-ridge-seed-383002@sha256:e16220f0db2288cf344d82a061a006ffac08ac32a370f298dde02aabe197a755,psr:evaluation-result@sha256:88e89d1c6fb9009b3a1aba0c04cc5edcaa6a1688864090e5b273f4d9d938e6c5,psr:prediction-artifact:prediction-jsonl-c243aaee0874@sha256:93233ab6e760c75ac3cc13d1d0d1b8433525b303378ba8b4192bd49ad01260f6,sha256:8983357c9fa4d21f1e326571c4332e720176fa1b519770f718cd3ad5095a19da,sha256:c243aaee0874303607b9ae5660fa3ccbf75ddf6a7a58721d962edf89c2dddcb3,sha256:e16220f0db2288cf344d82a061a006ffac08ac32a370f298dde02aabe197a755,ADMISSIBLE,4.43799289350538,2.941466408735241,0.6275824309357382,0.6102602469965267,18.0,21.0,18.0,18.0
squat_delta_capacity_kg,3072,3072,ridge:383003,ridge,fit_seed,383003,psr:model:public-native-ridge@1.0.0~35f69cbae323,psr:fitted-instance:public-native-ridge-seed-383003@sha256:86f71ea0d7c73098dd543a3b5674f6e7f3effcbecd2b93bb9e9c081e0f2bb6ae,psr:evaluation-result@sha256:5abadc070081d5ae857ada8f8fbc57862a19b59a341028004beb68c22b291cf9,psr:prediction-artifact:prediction-jsonl-c243aaee0874@sha256:93233ab6e760c75ac3cc13d1d0d1b8433525b303378ba8b4192bd49ad01260f6,sha256:a6a8925085c6690feef5f92a41a30bb61e271b96ab94073a620f36dd3085552d,sha256:c243aaee0874303607b9ae5660fa3ccbf75ddf6a7a58721d962edf89c2dddcb3,sha256:86f71ea0d7c73098dd543a3b5674f6e7f3effcbecd2b93bb9e9c081e0f2bb6ae,ADMISSIBLE,4.43799289350538,2.941466408735241,0.6275824309357382,0.6102602469965267,18.0,21.0,18.0,18.0
squat_delta_capacity_kg,3072,3072,histogram_boosted_stumps:383001,histogram_boosted_stumps,fit_seed,383001,psr:model:public-native-histogram-boosted-stumps@1.0.0~dbec1ea66506,psr:fitted-instance:public-native-histogram-boosted-stumps-seed-383001@sha256:2ac65f5ac5bf01af1f9ed9979f544efc8a4a2f15ea0dfc5f6832e327cdf2a377,psr:evaluation-result@sha256:e13a7a9ad5e65fbdd0318459407e806d9869a079ada5ec0e20be25eefcb92bf8,psr:prediction-artifact:prediction-jsonl-9828ff75ec9e@sha256:ede2355586a256bb282bf7d47dc238c608f7993894b55b8a420550adb4c02806,sha256:814be273d6992052a86f2ee155b7b0caaa9db8ad6493afdb89ab4c66fc4a27a6,sha256:9828ff75ec9e4ae18488abd3c828dcef57afda07c504cb88896088df6c9323b5,sha256:2ac65f5ac5bf01af1f9ed9979f544efc8a4a2f15ea0dfc5f6832e327cdf2a377,ADMISSIBLE,4.661338798396084,2.791983301050701,0.5891547260881418,0.6409721319307558,21.0,18.0,21.0,21.0
squat_delta_capacity_kg,3072,3072,histogram_boosted_stumps:383002,histogram_boosted_stumps,fit_seed,383002,psr:model:public-native-histogram-boosted-stumps@1.0.0~dbec1ea66506,psr:fitted-instance:public-native-histogram-boosted-stumps-seed-383002@sha256:b2891fa36ca460f15994084b86fac59101ff83ae572b73d0e2093d6eb9ddeb75,psr:evaluation-result@sha256:653b408b7fbe89d771012e8217b57507e11630d8db573441a62c90a0d96b4969,psr:prediction-artifact:prediction-jsonl-9828ff75ec9e@sha256:ede2355586a256bb282bf7d47dc238c608f7993894b55b8a420550adb4c02806,sha256:6f6fe7d52574927aec780e89187a1e135aa1cce765284954302d65ddbef1f20d,sha256:9828ff75ec9e4ae18488abd3c828dcef57afda07c504cb88896088df6c9323b5,sha256:b2891fa36ca460f15994084b86fac59101ff83ae572b73d0e2093d6eb9ddeb75,ADMISSIBLE,4.661338798396084,2.791983301050701,0.5891547260881418,0.6409721319307558,21.0,18.0,21.0,21.0
squat_delta_capacity_kg,3072,3072,histogram_boosted_stumps:383003,histogram_boosted_stumps,fit_seed,383003,psr:model:public-native-histogram-boosted-stumps@1.0.0~dbec1ea66506,psr:fitted-instance:public-native-histogram-boosted-stumps-seed-383003@sha256:ebc78ff2a18236d8e38e9a84684699d02c9f7651b15bc40756968f786d49c1f6,psr:evaluation-result@sha256:32058c81404e87f25d81c8a407ec7e7e6411aae19dc69d26186254b40c1af2b4,psr:prediction-artifact:prediction-jsonl-9828ff75ec9e@sha256:ede2355586a256bb282bf7d47dc238c608f7993894b55b8a420550adb4c02806,sha256:2c84d96ef9525e1dd290a7e2a1a7f08b7a99766c8793d1f661074550b34c0d66,sha256:9828ff75ec9e4ae18488abd3c828dcef57afda07c504cb88896088df6c9323b5,sha256:ebc78ff2a18236d8e38e9a84684699d02c9f7651b15bc40756968f786d49c1f6,ADMISSIBLE,4.661338798396084,2.791983301050701,0.5891547260881418,0.6409721319307558,21.0,18.0,21.0,21.0
bench_press_delta_capacity_kg,3072,3072,public-native-temporal-expert:ensemble,public-native-temporal-expert,ensemble,ensemble,psr:model:public-native-lift-shared-temporal-gru-capacity-change@1.0.0~34d23123138f,psr:fitted-instance:public-native-temporal-expert-three-seed-ensemble@sha256:ff4e475ffeef1c03976c92c5868e75d0afd72672cb2848f0250e707dbd4c7fad,psr:evaluation-result@sha256:84ccca3c7c53322e1271d07e2578257f8dfcebe14517a1b736898aacc6e93778,psr:prediction-artifact:prediction-jsonl-f6fb260feac8@sha256:41d24e7312ce08ab69018b5193c881a15ae577ec93f666e4e1385d8c86aa1c90,sha256:03609a9897981331f8862e4fcc07739c79a769f23177006926196fca2946e69d,sha256:f6fb260feac851845f584bcd96a290ec046234f78a7596221aba5453aecc006d,sha256:9281eedeecafe893fbad32fc60a11e79527be345d60de7aaf371c2d4250d3413,ADMISSIBLE,1.8702871931828533,1.187341252597957,0.8670488270300638,0.3646247015356147,1.0,1.0,1.0,1.0
bench_press_delta_capacity_kg,3072,3072,public-native-temporal-expert:383003,public-native-temporal-expert,fit_seed,383003,psr:model:public-native-lift-shared-temporal-gru-capacity-change@1.0.0~34d23123138f,psr:fitted-instance:public-native-temporal-expert-seed-383003@sha256:e77b5b66e868fcb9345717d913d5bd6bcc17237c0d27ae46bf9cf994b5e5d59f,psr:evaluation-result@sha256:ea4519bc80bcb8b83b3a257937b6d95452e6e9cf901b62585c4326680b7dad1c,psr:prediction-artifact:prediction-jsonl-472fe8e81648@sha256:87be20d42ea5d3589e140c8a65620ab9f328de760a5b3b6596561139fe219c0e,sha256:bc8de2622e05f1a130cdec78f263c789e07d0125b38958d17d95ff7019f9e8aa,sha256:472fe8e81648672af3d93e17caaabe433026ab0d1725e384c370eb35f6d45944,sha256:8b5306e462aedd7639a3fb696abf61f353be60f845068954aefacc31908ad554,ADMISSIBLE,1.9025142533601664,1.2000626941379118,0.8624275690538351,0.3709075773641796,2.0,2.0,2.0,2.0
bench_press_delta_capacity_kg,3072,3072,public-native-temporal-expert:383002,public-native-temporal-expert,fit_seed,383002,psr:model:public-native-lift-shared-temporal-gru-capacity-change@1.0.0~34d23123138f,psr:fitted-instance:public-native-temporal-expert-seed-383002@sha256:7f4caedb37631f4aab38fa7cc1156b9625a5e71825b31b05b1385e4790c5763b,psr:evaluation-result@sha256:cb614f4c68075544a0521e9a5cc393ba2761e5a47e714818c2fe31175e3dc4b6,psr:prediction-artifact:prediction-jsonl-2373889b2664@sha256:47c74c688dc10c4f39ac5050e1c947817350b98d0425f2112b21ef078b424a06,sha256:ba2cdd57bfd521ce9cf3d845cd7b5a1a876bb10d84dc7dc6d24c435beffc4fe4,sha256:2373889b26646731eafc88907fada38aaf2982d0cfb464b7cfb4f728fb854e89,sha256:22955c9b8cc70d83bb37ffa240277b3949323ae3f402855a89f179e0edd70a4b,ADMISSIBLE,1.9094222855872036,1.217430547903808,0.8614267038516912,0.3722543433572116,3.0,3.0,3.0,3.0
bench_press_delta_capacity_kg,3072,3072,public-native-temporal-expert:383001,public-native-temporal-expert,fit_seed,383001,psr:model:public-native-lift-shared-temporal-gru-capacity-change@1.0.0~34d23123138f,psr:fitted-instance:public-native-temporal-expert-seed-383001@sha256:8097eb52fabd88d36992b2af5e363baab3b5e2333d5701798430b20882ce31b9,psr:evaluation-result@sha256:39615cfdbe3e54cb2f0f69b567eee8f1bad49b12eb5d772753ba58553b3303f1,psr:prediction-artifact:prediction-jsonl-eb1bf322ba17@sha256:cac5014e1515786ea9e55d04d8aaf393743f48d2e8ba1a2738ccb25f5dde6d38,sha256:50d9377522cc05795eccb9572fe58ed4363f60535789d13a78399830d6cb292d,sha256:eb1bf322ba1783d0c70f59d13016421736fd6447c2f6827079f713d31332f50c,sha256:6da523c6bb608bac653b44b4ab6343afb55dca46f766d913fadb6e3386960c87,ADMISSIBLE,1.9346295228029706,1.231048248949233,0.8577438027744704,0.37716865885904366,4.0,4.0,4.0,4.0
bench_press_delta_capacity_kg,3072,3072,compact_neural:383003,compact_neural,fit_seed,383003,psr:model:public-native-compact-neural@1.0.0~e0317f3b36a1,psr:fitted-instance:public-native-compact-neural-seed-383003@sha256:b84e4b2d1d64c8701968f0db1a2f1a45cabe960619aa641c7811367633dd4401,psr:evaluation-result@sha256:eb54fa2513c765733fbf4b1a3fb8e387f8c914229f956adedf725b11f6cb7fb9,psr:prediction-artifact:prediction-jsonl-515da002595a@sha256:da2637f962f3d842e84a1c18fc54768cca11261360638d01f404d9e36d723909,sha256:9d90fdb3ead91e2fe128d5a03e996612b7200f2cf102563e9398c222920097e6,sha256:515da002595a3a13bd179bf31c7f8db833a5bae00b2c32f35c3002b80623fae0,sha256:b84e4b2d1d64c8701968f0db1a2f1a45cabe960619aa641c7811367633dd4401,ADMISSIBLE,2.317303745696161,1.5398823417846785,0.7959007069333563,0.45177349752574414,5.0,5.0,5.0,5.0
bench_press_delta_capacity_kg,3072,3072,compact_neural:383002,compact_neural,fit_seed,383002,psr:model:public-native-compact-neural@1.0.0~e0317f3b36a1,psr:fitted-instance:public-native-compact-neural-seed-383002@sha256:bf62012aaa82eb7a9bfd581969d97ecaa8072736ea39ac4fe230145561964442,psr:evaluation-result@sha256:bd8bc4865d7843cfdd58c28183c5afba2c364d20b0ead5287efbfbfeeb9f0618,psr:prediction-artifact:prediction-jsonl-d7e37679920f@sha256:d8953f4278dc86952d4ac68c87d2b005ac782fb8ec61be887c35af9ffa852d28,sha256:1cf1d50f525c065f968a0b6c562587d83a5af18b9bb751ac70fdae03385f41f3,sha256:d7e37679920fbe96c7412c2080a5cc24296d3ca01ac28e592ff1ee716cda176e,sha256:bf62012aaa82eb7a9bfd581969d97ecaa8072736ea39ac4fe230145561964442,ADMISSIBLE,2.3184580585845054,1.549676189268827,0.7956973213193895,0.45199853836114384,6.0,6.0,6.0,6.0
bench_press_delta_capacity_kg,3072,3072,compact_neural:383001,compact_neural,fit_seed,383001,psr:model:public-native-compact-neural@1.0.0~e0317f3b36a1,psr:fitted-instance:public-native-compact-neural-seed-383001@sha256:f83064fa9580fd8ac5103c8ddbb865b68d62adc0e106c226c8c555c16e4ef256,psr:evaluation-result@sha256:d6acae8acf6281957585a4299d7387c33cbda7c16ffbf2a7894af697d22b2d4e,psr:prediction-artifact:prediction-jsonl-7ca5b58f251f@sha256:20964c19c43ab3d88b2e607bd8e9a9529b141dd26c591a6f513730bf3415a75c,sha256:b084132f54c6e52898900804ed7e49dbf4ad8217ba6736e77909c8a8611f2e99,sha256:7ca5b58f251f0d176353b0b8dc25d763b6ed8787ee6a22cd0012dd0b5568af56,sha256:f83064fa9580fd8ac5103c8ddbb865b68d62adc0e106c226c8c555c16e4ef256,ADMISSIBLE,2.321534647276151,1.5534471392283347,0.7951547431568705,0.45259833941711436,7.0,7.0,7.0,7.0
bench_press_delta_capacity_kg,3072,3072,mechanistic_ridge_residual:383001,mechanistic_ridge_residual,fit_seed,383001,psr:model:public-native-mechanistic-ridge-residual@1.0.0~e153e20558e2,psr:fitted-instance:public-native-mechanistic-ridge-residual-seed-383001@sha256:db416b1d9d643f91ed2da0223730c63922e90aaf52dc26cee1cfaa579de93e7b,psr:evaluation-result@sha256:839187d8f8e9e62d3b61b4a1cff71569314d280b629b26b6b260679b25409d6c,psr:prediction-artifact:prediction-jsonl-b889191ea30b@sha256:3c448d39ba399e2ca20707240fe1f83903685496cd12d5d5892316925988d417,sha256:287cd8f00a64a102913ba76baa2f60e15ad13b124c0518a6458ca0194416fbc8,sha256:b889191ea30b5a9aee89913650699e48e11e580ab85997cc6b3484e6e755404c,sha256:db416b1d9d643f91ed2da0223730c63922e90aaf52dc26cee1cfaa579de93e7b,ADMISSIBLE,2.510873435789603,1.6571177383079567,0.7603788118553907,0.4895111726453333,9.0,12.0,9.0,9.0
bench_press_delta_capacity_kg,3072,3072,mechanistic_ridge_residual:383002,mechanistic_ridge_residual,fit_seed,383002,psr:model:public-native-mechanistic-ridge-residual@1.0.0~e153e20558e2,psr:fitted-instance:public-native-mechanistic-ridge-residual-seed-383002@sha256:6bb30296ce93dd2f47fd7199a730ba5782e2e70b51d8b3fde5aecd3572364185,psr:evaluation-result@sha256:d6dd605fcbff268e94a89862dd90f2ee3b6b60dff9ea059d78408b996a14c369,psr:prediction-artifact:prediction-jsonl-b889191ea30b@sha256:3c448d39ba399e2ca20707240fe1f83903685496cd12d5d5892316925988d417,sha256:9a97afa01d1fbd5d19f12dd488097d45cc2b7f234c4b3b67dd93a4ee44379347,sha256:b889191ea30b5a9aee89913650699e48e11e580ab85997cc6b3484e6e755404c,sha256:6bb30296ce93dd2f47fd7199a730ba5782e2e70b51d8b3fde5aecd3572364185,ADMISSIBLE,2.510873435789603,1.6571177383079567,0.7603788118553907,0.4895111726453333,9.0,12.0,9.0,9.0
bench_press_delta_capacity_kg,3072,3072,mechanistic_ridge_residual:383003,mechanistic_ridge_residual,fit_seed,383003,psr:model:public-native-mechanistic-ridge-residual@1.0.0~e153e20558e2,psr:fitted-instance:public-native-mechanistic-ridge-residual-seed-383003@sha256:8d92b5a0bcc75f5476fe9bd51ebb8a6d789ddb403bb6bf0f7eb9b41cc4ffadb8,psr:evaluation-result@sha256:e4cc4e1beded8ac0ad6083d39a3abe0412b96f0e1ef94f75866eab1068a6a3c6,psr:prediction-artifact:prediction-jsonl-b889191ea30b@sha256:3c448d39ba399e2ca20707240fe1f83903685496cd12d5d5892316925988d417,sha256:ce707447ca6ffad9c85edebaec5850a19355676e50cd04f5bc2aec7970249462,sha256:b889191ea30b5a9aee89913650699e48e11e580ab85997cc6b3484e6e755404c,sha256:8d92b5a0bcc75f5476fe9bd51ebb8a6d789ddb403bb6bf0f7eb9b41cc4ffadb8,ADMISSIBLE,2.510873435789603,1.6571177383079567,0.7603788118553907,0.4895111726453333,9.0,12.0,9.0,9.0
bench_press_delta_capacity_kg,3072,3072,mechanistic_midpoint:383001,mechanistic_midpoint,fit_seed,383001,psr:model:public-native-mechanistic-midpoint@1.0.0~9b52973798f4,psr:fitted-instance:public-native-mechanistic-midpoint-seed-383001@sha256:b0dd9239f24b02cc8e3a93d591f0ce1edc70e391beec1c1b9964023254ac8390,psr:evaluation-result@sha256:85c9bb4a86f2cfeaad71497457db12f6f012d32f065186b5e4b10e4d9c3a4fac,psr:prediction-artifact:prediction-jsonl-bad41b609c8f@sha256:40d7658d90a8c27a72985f7f64455dbfc85a33c15967673f6de6b6f84988cfef,sha256:5087070f4eee5b6c808ad99d16f05aedc81e28e5835cb2f4ff9c87dd33340f41,sha256:bad41b609c8f7dccd235898c07c239a3b30e2ae279373284a762fd68a4017ab9,sha256:b0dd9239f24b02cc8e3a93d591f0ce1edc70e391beec1c1b9964023254ac8390,ADMISSIBLE,2.5371769577475454,1.6303077906626868,0.7553320459785448,0.4946392160165379,12.0,9.0,12.0,12.0
bench_press_delta_capacity_kg,3072,3072,mechanistic_midpoint:383002,mechanistic_midpoint,fit_seed,383002,psr:model:public-native-mechanistic-midpoint@1.0.0~9b52973798f4,psr:fitted-instance:public-native-mechanistic-midpoint-seed-383002@sha256:27297eaa4df87e889b6514bc5b6abc0b6d65d1b7dbcc2d606034a86e9a7ecfb3,psr:evaluation-result@sha256:43a95972223bd9a67a3ecaba609218ea1b015b7ddac1aa2cbb65f40ce5c425d8,psr:prediction-artifact:prediction-jsonl-bad41b609c8f@sha256:40d7658d90a8c27a72985f7f64455dbfc85a33c15967673f6de6b6f84988cfef,sha256:3941daeb60a61fbf055b6607aa58e211baa1c2325de81c9294717e0b8226cbaa,sha256:bad41b609c8f7dccd235898c07c239a3b30e2ae279373284a762fd68a4017ab9,sha256:27297eaa4df87e889b6514bc5b6abc0b6d65d1b7dbcc2d606034a86e9a7ecfb3,ADMISSIBLE,2.5371769577475454,1.6303077906626868,0.7553320459785448,0.4946392160165379,12.0,9.0,12.0,12.0
bench_press_delta_capacity_kg,3072,3072,mechanistic_midpoint:383003,mechanistic_midpoint,fit_seed,383003,psr:model:public-native-mechanistic-midpoint@1.0.0~9b52973798f4,psr:fitted-instance:public-native-mechanistic-midpoint-seed-383003@sha256:6b7ec1326780ab1f688b570fc7cb5e5357be50cb582ef46954fc401647abc5ac,psr:evaluation-result@sha256:a5c34ec217f484305222a621a8766d5366d13fd67c82e0db27a2ee7def200eb4,psr:prediction-artifact:prediction-jsonl-bad41b609c8f@sha256:40d7658d90a8c27a72985f7f64455dbfc85a33c15967673f6de6b6f84988cfef,sha256:86b994541527893a41620b738bfd28a54c8b947ac59c5f7c840f31efbf5885f7,sha256:bad41b609c8f7dccd235898c07c239a3b30e2ae279373284a762fd68a4017ab9,sha256:6b7ec1326780ab1f688b570fc7cb5e5357be50cb582ef46954fc401647abc5ac,ADMISSIBLE,2.5371769577475454,1.6303077906626868,0.7553320459785448,0.4946392160165379,12.0,9.0,12.0,12.0
bench_press_delta_capacity_kg,3072,3072,context_mean:383001,context_mean,fit_seed,383001,psr:model:public-native-context-mean@1.0.0~0b76d1c62dae,psr:fitted-instance:public-native-context-mean-seed-383001@sha256:61b8453c508e93a84fa9ee4f188b475d853ce6fd19627e8c826706fb9f38ec63,psr:evaluation-result@sha256:1bff8487bcdaa0354e8aee82d3f8726e82f29b834e3ee761da84b538f4a8a861,psr:prediction-artifact:prediction-jsonl-aab4aaf852f4@sha256:2ebd09c90016b93ca4494966ee1dea5e439f813c12de9312d1d03e4b863778a2,sha256:1e2f54d5f9418f77dfe4e974c8e9be48f6a4f50dce6a07cb6e1cde4145e6da4e,sha256:aab4aaf852f446528bd7c760f8921a1897c72d11ea5f35ebba9b207bd573dbc4,sha256:61b8453c508e93a84fa9ee4f188b475d853ce6fd19627e8c826706fb9f38ec63,ADMISSIBLE,2.927670649113868,1.9019110985826337,0.6742233067090107,0.5707685111242466,15.0,15.0,15.0,15.0
bench_press_delta_capacity_kg,3072,3072,context_mean:383002,context_mean,fit_seed,383002,psr:model:public-native-context-mean@1.0.0~0b76d1c62dae,psr:fitted-instance:public-native-context-mean-seed-383002@sha256:a1fb9089447382135cf7365a44eaa554d291aac43059de7f45420d0941d58dba,psr:evaluation-result@sha256:c249b8f54d42b01ee5953a84994d8baf1d473ae4e3dcf0326cbe79db7369508c,psr:prediction-artifact:prediction-jsonl-aab4aaf852f4@sha256:2ebd09c90016b93ca4494966ee1dea5e439f813c12de9312d1d03e4b863778a2,sha256:7afac489e185773a4c7c0b8f8e5795af2317a8b5dfe1a955c3af761a74acedee,sha256:aab4aaf852f446528bd7c760f8921a1897c72d11ea5f35ebba9b207bd573dbc4,sha256:a1fb9089447382135cf7365a44eaa554d291aac43059de7f45420d0941d58dba,ADMISSIBLE,2.927670649113868,1.9019110985826337,0.6742233067090107,0.5707685111242466,15.0,15.0,15.0,15.0
bench_press_delta_capacity_kg,3072,3072,context_mean:383003,context_mean,fit_seed,383003,psr:model:public-native-context-mean@1.0.0~0b76d1c62dae,psr:fitted-instance:public-native-context-mean-seed-383003@sha256:5845dd0a73a43880664bc253bf1406bcb5cb3ec84a93cc66e33b9b36295187c1,psr:evaluation-result@sha256:64ae5d10fe181da69d712b0a86d3beee5be66e05af084b8d1ef983dcf8985bad,psr:prediction-artifact:prediction-jsonl-aab4aaf852f4@sha256:2ebd09c90016b93ca4494966ee1dea5e439f813c12de9312d1d03e4b863778a2,sha256:9fa9f122333fb635f3f508cd156244c4f813681ff16d1824a464c2fc718bcaaf,sha256:aab4aaf852f446528bd7c760f8921a1897c72d11ea5f35ebba9b207bd573dbc4,sha256:5845dd0a73a43880664bc253bf1406bcb5cb3ec84a93cc66e33b9b36295187c1,ADMISSIBLE,2.927670649113868,1.9019110985826337,0.6742233067090107,0.5707685111242466,15.0,15.0,15.0,15.0
bench_press_delta_capacity_kg,3072,3072,ridge:383001,ridge,fit_seed,383001,psr:model:public-native-ridge@1.0.0~35f69cbae323,psr:fitted-instance:public-native-ridge-seed-383001@sha256:e0e37f64f07399b58fca76c0aa7359b6f23f7c8dd3583af4d44448fcbcb2bc48,psr:evaluation-result@sha256:91835821f22ef09f72b11d24dee2241b16828899324177f715b7cc0697db345a,psr:prediction-artifact:prediction-jsonl-c243aaee0874@sha256:93233ab6e760c75ac3cc13d1d0d1b8433525b303378ba8b4192bd49ad01260f6,sha256:2171a69215d1630726c72f850c81ae96a5f2e6450402afaddd14e5adc66b90ca,sha256:c243aaee0874303607b9ae5660fa3ccbf75ddf6a7a58721d962edf89c2dddcb3,sha256:e0e37f64f07399b58fca76c0aa7359b6f23f7c8dd3583af4d44448fcbcb2bc48,ADMISSIBLE,3.1854126482028042,2.121075803407092,0.6143378895162976,0.6210169969362371,18.0,21.0,18.0,18.0
bench_press_delta_capacity_kg,3072,3072,ridge:383002,ridge,fit_seed,383002,psr:model:public-native-ridge@1.0.0~35f69cbae323,psr:fitted-instance:public-native-ridge-seed-383002@sha256:e16220f0db2288cf344d82a061a006ffac08ac32a370f298dde02aabe197a755,psr:evaluation-result@sha256:88e89d1c6fb9009b3a1aba0c04cc5edcaa6a1688864090e5b273f4d9d938e6c5,psr:prediction-artifact:prediction-jsonl-c243aaee0874@sha256:93233ab6e760c75ac3cc13d1d0d1b8433525b303378ba8b4192bd49ad01260f6,sha256:8983357c9fa4d21f1e326571c4332e720176fa1b519770f718cd3ad5095a19da,sha256:c243aaee0874303607b9ae5660fa3ccbf75ddf6a7a58721d962edf89c2dddcb3,sha256:e16220f0db2288cf344d82a061a006ffac08ac32a370f298dde02aabe197a755,ADMISSIBLE,3.1854126482028042,2.121075803407092,0.6143378895162976,0.6210169969362371,18.0,21.0,18.0,18.0
bench_press_delta_capacity_kg,3072,3072,ridge:383003,ridge,fit_seed,383003,psr:model:public-native-ridge@1.0.0~35f69cbae323,psr:fitted-instance:public-native-ridge-seed-383003@sha256:86f71ea0d7c73098dd543a3b5674f6e7f3effcbecd2b93bb9e9c081e0f2bb6ae,psr:evaluation-result@sha256:5abadc070081d5ae857ada8f8fbc57862a19b59a341028004beb68c22b291cf9,psr:prediction-artifact:prediction-jsonl-c243aaee0874@sha256:93233ab6e760c75ac3cc13d1d0d1b8433525b303378ba8b4192bd49ad01260f6,sha256:a6a8925085c6690feef5f92a41a30bb61e271b96ab94073a620f36dd3085552d,sha256:c243aaee0874303607b9ae5660fa3ccbf75ddf6a7a58721d962edf89c2dddcb3,sha256:86f71ea0d7c73098dd543a3b5674f6e7f3effcbecd2b93bb9e9c081e0f2bb6ae,ADMISSIBLE,3.1854126482028042,2.121075803407092,0.6143378895162976,0.6210169969362371,18.0,21.0,18.0,18.0
bench_press_delta_capacity_kg,3072,3072,histogram_boosted_stumps:383001,histogram_boosted_stumps,fit_seed,383001,psr:model:public-native-histogram-boosted-stumps@1.0.0~dbec1ea66506,psr:fitted-instance:public-native-histogram-boosted-stumps-seed-383001@sha256:2ac65f5ac5bf01af1f9ed9979f544efc8a4a2f15ea0dfc5f6832e327cdf2a377,psr:evaluation-result@sha256:e13a7a9ad5e65fbdd0318459407e806d9869a079ada5ec0e20be25eefcb92bf8,psr:prediction-artifact:prediction-jsonl-9828ff75ec9e@sha256:ede2355586a256bb282bf7d47dc238c608f7993894b55b8a420550adb4c02806,sha256:814be273d6992052a86f2ee155b7b0caaa9db8ad6493afdb89ab4c66fc4a27a6,sha256:9828ff75ec9e4ae18488abd3c828dcef57afda07c504cb88896088df6c9323b5,sha256:2ac65f5ac5bf01af1f9ed9979f544efc8a4a2f15ea0dfc5f6832e327cdf2a377,ADMISSIBLE,3.30762484208253,1.9940485776849537,0.5841774251389722,0.6448430621950024,21.0,18.0,21.0,21.0
bench_press_delta_capacity_kg,3072,3072,histogram_boosted_stumps:383002,histogram_boosted_stumps,fit_seed,383002,psr:model:public-native-histogram-boosted-stumps@1.0.0~dbec1ea66506,psr:fitted-instance:public-native-histogram-boosted-stumps-seed-383002@sha256:b2891fa36ca460f15994084b86fac59101ff83ae572b73d0e2093d6eb9ddeb75,psr:evaluation-result@sha256:653b408b7fbe89d771012e8217b57507e11630d8db573441a62c90a0d96b4969,psr:prediction-artifact:prediction-jsonl-9828ff75ec9e@sha256:ede2355586a256bb282bf7d47dc238c608f7993894b55b8a420550adb4c02806,sha256:6f6fe7d52574927aec780e89187a1e135aa1cce765284954302d65ddbef1f20d,sha256:9828ff75ec9e4ae18488abd3c828dcef57afda07c504cb88896088df6c9323b5,sha256:b2891fa36ca460f15994084b86fac59101ff83ae572b73d0e2093d6eb9ddeb75,ADMISSIBLE,3.30762484208253,1.9940485776849537,0.5841774251389722,0.6448430621950024,21.0,18.0,21.0,21.0
bench_press_delta_capacity_kg,3072,3072,histogram_boosted_stumps:383003,histogram_boosted_stumps,fit_seed,383003,psr:model:public-native-histogram-boosted-stumps@1.0.0~dbec1ea66506,psr:fitted-instance:public-native-histogram-boosted-stumps-seed-383003@sha256:ebc78ff2a18236d8e38e9a84684699d02c9f7651b15bc40756968f786d49c1f6,psr:evaluation-result@sha256:32058c81404e87f25d81c8a407ec7e7e6411aae19dc69d26186254b40c1af2b4,psr:prediction-artifact:prediction-jsonl-9828ff75ec9e@sha256:ede2355586a256bb282bf7d47dc238c608f7993894b55b8a420550adb4c02806,sha256:2c84d96ef9525e1dd290a7e2a1a7f08b7a99766c8793d1f661074550b34c0d66,sha256:9828ff75ec9e4ae18488abd3c828dcef57afda07c504cb88896088df6c9323b5,sha256:ebc78ff2a18236d8e38e9a84684699d02c9f7651b15bc40756968f786d49c1f6,ADMISSIBLE,3.30762484208253,1.9940485776849537,0.5841774251389722,0.6448430621950024,21.0,18.0,21.0,21.0
deadlift_delta_capacity_kg,3072,3072,public-native-temporal-expert:ensemble,public-native-temporal-expert,ensemble,ensemble,psr:model:public-native-lift-shared-temporal-gru-capacity-change@1.0.0~34d23123138f,psr:fitted-instance:public-native-temporal-expert-three-seed-ensemble@sha256:ff4e475ffeef1c03976c92c5868e75d0afd72672cb2848f0250e707dbd4c7fad,psr:evaluation-result@sha256:84ccca3c7c53322e1271d07e2578257f8dfcebe14517a1b736898aacc6e93778,psr:prediction-artifact:prediction-jsonl-f6fb260feac8@sha256:41d24e7312ce08ab69018b5193c881a15ae577ec93f666e4e1385d8c86aa1c90,sha256:03609a9897981331f8862e4fcc07739c79a769f23177006926196fca2946e69d,sha256:f6fb260feac851845f584bcd96a290ec046234f78a7596221aba5453aecc006d,sha256:9281eedeecafe893fbad32fc60a11e79527be345d60de7aaf371c2d4250d3413,ADMISSIBLE,3.6681919557104026,2.31680470523922,0.8287390369162662,0.41383687980137035,1.0,1.0,1.0,1.0
deadlift_delta_capacity_kg,3072,3072,public-native-temporal-expert:383002,public-native-temporal-expert,fit_seed,383002,psr:model:public-native-lift-shared-temporal-gru-capacity-change@1.0.0~34d23123138f,psr:fitted-instance:public-native-temporal-expert-seed-383002@sha256:7f4caedb37631f4aab38fa7cc1156b9625a5e71825b31b05b1385e4790c5763b,psr:evaluation-result@sha256:cb614f4c68075544a0521e9a5cc393ba2761e5a47e714818c2fe31175e3dc4b6,psr:prediction-artifact:prediction-jsonl-2373889b2664@sha256:47c74c688dc10c4f39ac5050e1c947817350b98d0425f2112b21ef078b424a06,sha256:ba2cdd57bfd521ce9cf3d845cd7b5a1a876bb10d84dc7dc6d24c435beffc4fe4,sha256:2373889b26646731eafc88907fada38aaf2982d0cfb464b7cfb4f728fb854e89,sha256:22955c9b8cc70d83bb37ffa240277b3949323ae3f402855a89f179e0edd70a4b,ADMISSIBLE,3.7090540265327014,2.327382573165171,0.8249022391338827,0.4184468435370462,2.0,2.0,2.0,2.0
deadlift_delta_capacity_kg,3072,3072,public-native-temporal-expert:383003,public-native-temporal-expert,fit_seed,383003,psr:model:public-native-lift-shared-temporal-gru-capacity-change@1.0.0~34d23123138f,psr:fitted-instance:public-native-temporal-expert-seed-383003@sha256:e77b5b66e868fcb9345717d913d5bd6bcc17237c0d27ae46bf9cf994b5e5d59f,psr:evaluation-result@sha256:ea4519bc80bcb8b83b3a257937b6d95452e6e9cf901b62585c4326680b7dad1c,psr:prediction-artifact:prediction-jsonl-472fe8e81648@sha256:87be20d42ea5d3589e140c8a65620ab9f328de760a5b3b6596561139fe219c0e,sha256:bc8de2622e05f1a130cdec78f263c789e07d0125b38958d17d95ff7019f9e8aa,sha256:472fe8e81648672af3d93e17caaabe433026ab0d1725e384c370eb35f6d45944,sha256:8b5306e462aedd7639a3fb696abf61f353be60f845068954aefacc31908ad554,ADMISSIBLE,3.7494162360428676,2.3613792309198582,0.8210706496858069,0.4230004140827679,3.0,3.0,3.0,3.0
deadlift_delta_capacity_kg,3072,3072,public-native-temporal-expert:383001,public-native-temporal-expert,fit_seed,383001,psr:model:public-native-lift-shared-temporal-gru-capacity-change@1.0.0~34d23123138f,psr:fitted-instance:public-native-temporal-expert-seed-383001@sha256:8097eb52fabd88d36992b2af5e363baab3b5e2333d5701798430b20882ce31b9,psr:evaluation-result@sha256:39615cfdbe3e54cb2f0f69b567eee8f1bad49b12eb5d772753ba58553b3303f1,psr:prediction-artifact:prediction-jsonl-eb1bf322ba17@sha256:cac5014e1515786ea9e55d04d8aaf393743f48d2e8ba1a2738ccb25f5dde6d38,sha256:50d9377522cc05795eccb9572fe58ed4363f60535789d13a78399830d6cb292d,sha256:eb1bf322ba1783d0c70f59d13016421736fd6447c2f6827079f713d31332f50c,sha256:6da523c6bb608bac653b44b4ab6343afb55dca46f766d913fadb6e3386960c87,ADMISSIBLE,3.755466586500602,2.385558635167758,0.8204927150525819,0.4236830005409918,4.0,4.0,4.0,4.0
deadlift_delta_capacity_kg,3072,3072,compact_neural:383001,compact_neural,fit_seed,383001,psr:model:public-native-compact-neural@1.0.0~e0317f3b36a1,psr:fitted-instance:public-native-compact-neural-seed-383001@sha256:f83064fa9580fd8ac5103c8ddbb865b68d62adc0e106c226c8c555c16e4ef256,psr:evaluation-result@sha256:d6acae8acf6281957585a4299d7387c33cbda7c16ffbf2a7894af697d22b2d4e,psr:prediction-artifact:prediction-jsonl-7ca5b58f251f@sha256:20964c19c43ab3d88b2e607bd8e9a9529b141dd26c591a6f513730bf3415a75c,sha256:b084132f54c6e52898900804ed7e49dbf4ad8217ba6736e77909c8a8611f2e99,sha256:7ca5b58f251f0d176353b0b8dc25d763b6ed8787ee6a22cd0012dd0b5568af56,sha256:f83064fa9580fd8ac5103c8ddbb865b68d62adc0e106c226c8c555c16e4ef256,ADMISSIBLE,4.080623080540313,2.68260460871325,0.7880627782186861,0.46036639949209357,5.0,6.0,5.0,5.0
deadlift_delta_capacity_kg,3072,3072,compact_neural:383003,compact_neural,fit_seed,383003,psr:model:public-native-compact-neural@1.0.0~e0317f3b36a1,psr:fitted-instance:public-native-compact-neural-seed-383003@sha256:b84e4b2d1d64c8701968f0db1a2f1a45cabe960619aa641c7811367633dd4401,psr:evaluation-result@sha256:eb54fa2513c765733fbf4b1a3fb8e387f8c914229f956adedf725b11f6cb7fb9,psr:prediction-artifact:prediction-jsonl-515da002595a@sha256:da2637f962f3d842e84a1c18fc54768cca11261360638d01f404d9e36d723909,sha256:9d90fdb3ead91e2fe128d5a03e996612b7200f2cf102563e9398c222920097e6,sha256:515da002595a3a13bd179bf31c7f8db833a5bae00b2c32f35c3002b80623fae0,sha256:b84e4b2d1d64c8701968f0db1a2f1a45cabe960619aa641c7811367633dd4401,ADMISSIBLE,4.083496306484488,2.6704055151407267,0.7877642169964792,0.4606905501565239,6.0,5.0,6.0,6.0
deadlift_delta_capacity_kg,3072,3072,compact_neural:383002,compact_neural,fit_seed,383002,psr:model:public-native-compact-neural@1.0.0~e0317f3b36a1,psr:fitted-instance:public-native-compact-neural-seed-383002@sha256:bf62012aaa82eb7a9bfd581969d97ecaa8072736ea39ac4fe230145561964442,psr:evaluation-result@sha256:bd8bc4865d7843cfdd58c28183c5afba2c364d20b0ead5287efbfbfeeb9f0618,psr:prediction-artifact:prediction-jsonl-d7e37679920f@sha256:d8953f4278dc86952d4ac68c87d2b005ac782fb8ec61be887c35af9ffa852d28,sha256:1cf1d50f525c065f968a0b6c562587d83a5af18b9bb751ac70fdae03385f41f3,sha256:d7e37679920fbe96c7412c2080a5cc24296d3ca01ac28e592ff1ee716cda176e,sha256:bf62012aaa82eb7a9bfd581969d97ecaa8072736ea39ac4fe230145561964442,ADMISSIBLE,4.0887594803868685,2.7073463244175002,0.7872167676458577,0.4612843291876955,7.0,7.0,7.0,7.0
deadlift_delta_capacity_kg,3072,3072,mechanistic_ridge_residual:383001,mechanistic_ridge_residual,fit_seed,383001,psr:model:public-native-mechanistic-ridge-residual@1.0.0~e153e20558e2,psr:fitted-instance:public-native-mechanistic-ridge-residual-seed-383001@sha256:db416b1d9d643f91ed2da0223730c63922e90aaf52dc26cee1cfaa579de93e7b,psr:evaluation-result@sha256:839187d8f8e9e62d3b61b4a1cff71569314d280b629b26b6b260679b25409d6c,psr:prediction-artifact:prediction-jsonl-b889191ea30b@sha256:3c448d39ba399e2ca20707240fe1f83903685496cd12d5d5892316925988d417,sha256:287cd8f00a64a102913ba76baa2f60e15ad13b124c0518a6458ca0194416fbc8,sha256:b889191ea30b5a9aee89913650699e48e11e580ab85997cc6b3484e6e755404c,sha256:db416b1d9d643f91ed2da0223730c63922e90aaf52dc26cee1cfaa579de93e7b,ADMISSIBLE,4.277962113710714,2.768964549242876,0.7670685437533269,0.48262972996560527,9.0,12.0,9.0,9.0
deadlift_delta_capacity_kg,3072,3072,mechanistic_ridge_residual:383002,mechanistic_ridge_residual,fit_seed,383002,psr:model:public-native-mechanistic-ridge-residual@1.0.0~e153e20558e2,psr:fitted-instance:public-native-mechanistic-ridge-residual-seed-383002@sha256:6bb30296ce93dd2f47fd7199a730ba5782e2e70b51d8b3fde5aecd3572364185,psr:evaluation-result@sha256:d6dd605fcbff268e94a89862dd90f2ee3b6b60dff9ea059d78408b996a14c369,psr:prediction-artifact:prediction-jsonl-b889191ea30b@sha256:3c448d39ba399e2ca20707240fe1f83903685496cd12d5d5892316925988d417,sha256:9a97afa01d1fbd5d19f12dd488097d45cc2b7f234c4b3b67dd93a4ee44379347,sha256:b889191ea30b5a9aee89913650699e48e11e580ab85997cc6b3484e6e755404c,sha256:6bb30296ce93dd2f47fd7199a730ba5782e2e70b51d8b3fde5aecd3572364185,ADMISSIBLE,4.277962113710714,2.768964549242876,0.7670685437533269,0.48262972996560527,9.0,12.0,9.0,9.0
deadlift_delta_capacity_kg,3072,3072,mechanistic_ridge_residual:383003,mechanistic_ridge_residual,fit_seed,383003,psr:model:public-native-mechanistic-ridge-residual@1.0.0~e153e20558e2,psr:fitted-instance:public-native-mechanistic-ridge-residual-seed-383003@sha256:8d92b5a0bcc75f5476fe9bd51ebb8a6d789ddb403bb6bf0f7eb9b41cc4ffadb8,psr:evaluation-result@sha256:e4cc4e1beded8ac0ad6083d39a3abe0412b96f0e1ef94f75866eab1068a6a3c6,psr:prediction-artifact:prediction-jsonl-b889191ea30b@sha256:3c448d39ba399e2ca20707240fe1f83903685496cd12d5d5892316925988d417,sha256:ce707447ca6ffad9c85edebaec5850a19355676e50cd04f5bc2aec7970249462,sha256:b889191ea30b5a9aee89913650699e48e11e580ab85997cc6b3484e6e755404c,sha256:8d92b5a0bcc75f5476fe9bd51ebb8a6d789ddb403bb6bf0f7eb9b41cc4ffadb8,ADMISSIBLE,4.277962113710714,2.768964549242876,0.7670685437533269,0.48262972996560527,9.0,12.0,9.0,9.0
deadlift_delta_capacity_kg,3072,3072,mechanistic_midpoint:383001,mechanistic_midpoint,fit_seed,383001,psr:model:public-native-mechanistic-midpoint@1.0.0~9b52973798f4,psr:fitted-instance:public-native-mechanistic-midpoint-seed-383001@sha256:b0dd9239f24b02cc8e3a93d591f0ce1edc70e391beec1c1b9964023254ac8390,psr:evaluation-result@sha256:85c9bb4a86f2cfeaad71497457db12f6f012d32f065186b5e4b10e4d9c3a4fac,psr:prediction-artifact:prediction-jsonl-bad41b609c8f@sha256:40d7658d90a8c27a72985f7f64455dbfc85a33c15967673f6de6b6f84988cfef,sha256:5087070f4eee5b6c808ad99d16f05aedc81e28e5835cb2f4ff9c87dd33340f41,sha256:bad41b609c8f7dccd235898c07c239a3b30e2ae279373284a762fd68a4017ab9,sha256:b0dd9239f24b02cc8e3a93d591f0ce1edc70e391beec1c1b9964023254ac8390,ADMISSIBLE,4.324416014114713,2.760073636969072,0.7619823255632193,0.48787055090134374,12.0,9.0,12.0,12.0
deadlift_delta_capacity_kg,3072,3072,mechanistic_midpoint:383002,mechanistic_midpoint,fit_seed,383002,psr:model:public-native-mechanistic-midpoint@1.0.0~9b52973798f4,psr:fitted-instance:public-native-mechanistic-midpoint-seed-383002@sha256:27297eaa4df87e889b6514bc5b6abc0b6d65d1b7dbcc2d606034a86e9a7ecfb3,psr:evaluation-result@sha256:43a95972223bd9a67a3ecaba609218ea1b015b7ddac1aa2cbb65f40ce5c425d8,psr:prediction-artifact:prediction-jsonl-bad41b609c8f@sha256:40d7658d90a8c27a72985f7f64455dbfc85a33c15967673f6de6b6f84988cfef,sha256:3941daeb60a61fbf055b6607aa58e211baa1c2325de81c9294717e0b8226cbaa,sha256:bad41b609c8f7dccd235898c07c239a3b30e2ae279373284a762fd68a4017ab9,sha256:27297eaa4df87e889b6514bc5b6abc0b6d65d1b7dbcc2d606034a86e9a7ecfb3,ADMISSIBLE,4.324416014114713,2.760073636969072,0.7619823255632193,0.48787055090134374,12.0,9.0,12.0,12.0
deadlift_delta_capacity_kg,3072,3072,mechanistic_midpoint:383003,mechanistic_midpoint,fit_seed,383003,psr:model:public-native-mechanistic-midpoint@1.0.0~9b52973798f4,psr:fitted-instance:public-native-mechanistic-midpoint-seed-383003@sha256:6b7ec1326780ab1f688b570fc7cb5e5357be50cb582ef46954fc401647abc5ac,psr:evaluation-result@sha256:a5c34ec217f484305222a621a8766d5366d13fd67c82e0db27a2ee7def200eb4,psr:prediction-artifact:prediction-jsonl-bad41b609c8f@sha256:40d7658d90a8c27a72985f7f64455dbfc85a33c15967673f6de6b6f84988cfef,sha256:86b994541527893a41620b738bfd28a54c8b947ac59c5f7c840f31efbf5885f7,sha256:bad41b609c8f7dccd235898c07c239a3b30e2ae279373284a762fd68a4017ab9,sha256:6b7ec1326780ab1f688b570fc7cb5e5357be50cb582ef46954fc401647abc5ac,ADMISSIBLE,4.324416014114713,2.760073636969072,0.7619823255632193,0.48787055090134374,12.0,9.0,12.0,12.0
deadlift_delta_capacity_kg,3072,3072,context_mean:383001,context_mean,fit_seed,383001,psr:model:public-native-context-mean@1.0.0~0b76d1c62dae,psr:fitted-instance:public-native-context-mean-seed-383001@sha256:61b8453c508e93a84fa9ee4f188b475d853ce6fd19627e8c826706fb9f38ec63,psr:evaluation-result@sha256:1bff8487bcdaa0354e8aee82d3f8726e82f29b834e3ee761da84b538f4a8a861,psr:prediction-artifact:prediction-jsonl-aab4aaf852f4@sha256:2ebd09c90016b93ca4494966ee1dea5e439f813c12de9312d1d03e4b863778a2,sha256:1e2f54d5f9418f77dfe4e974c8e9be48f6a4f50dce6a07cb6e1cde4145e6da4e,sha256:aab4aaf852f446528bd7c760f8921a1897c72d11ea5f35ebba9b207bd573dbc4,sha256:61b8453c508e93a84fa9ee4f188b475d853ce6fd19627e8c826706fb9f38ec63,ADMISSIBLE,5.106666811923306,3.275177735457406,0.6680831352520658,0.5761222654506022,15.0,15.0,15.0,15.0
deadlift_delta_capacity_kg,3072,3072,context_mean:383002,context_mean,fit_seed,383002,psr:model:public-native-context-mean@1.0.0~0b76d1c62dae,psr:fitted-instance:public-native-context-mean-seed-383002@sha256:a1fb9089447382135cf7365a44eaa554d291aac43059de7f45420d0941d58dba,psr:evaluation-result@sha256:c249b8f54d42b01ee5953a84994d8baf1d473ae4e3dcf0326cbe79db7369508c,psr:prediction-artifact:prediction-jsonl-aab4aaf852f4@sha256:2ebd09c90016b93ca4494966ee1dea5e439f813c12de9312d1d03e4b863778a2,sha256:7afac489e185773a4c7c0b8f8e5795af2317a8b5dfe1a955c3af761a74acedee,sha256:aab4aaf852f446528bd7c760f8921a1897c72d11ea5f35ebba9b207bd573dbc4,sha256:a1fb9089447382135cf7365a44eaa554d291aac43059de7f45420d0941d58dba,ADMISSIBLE,5.106666811923306,3.275177735457406,0.6680831352520658,0.5761222654506022,15.0,15.0,15.0,15.0
deadlift_delta_capacity_kg,3072,3072,context_mean:383003,context_mean,fit_seed,383003,psr:model:public-native-context-mean@1.0.0~0b76d1c62dae,psr:fitted-instance:public-native-context-mean-seed-383003@sha256:5845dd0a73a43880664bc253bf1406bcb5cb3ec84a93cc66e33b9b36295187c1,psr:evaluation-result@sha256:64ae5d10fe181da69d712b0a86d3beee5be66e05af084b8d1ef983dcf8985bad,psr:prediction-artifact:prediction-jsonl-aab4aaf852f4@sha256:2ebd09c90016b93ca4494966ee1dea5e439f813c12de9312d1d03e4b863778a2,sha256:9fa9f122333fb635f3f508cd156244c4f813681ff16d1824a464c2fc718bcaaf,sha256:aab4aaf852f446528bd7c760f8921a1897c72d11ea5f35ebba9b207bd573dbc4,sha256:5845dd0a73a43880664bc253bf1406bcb5cb3ec84a93cc66e33b9b36295187c1,ADMISSIBLE,5.106666811923306,3.275177735457406,0.6680831352520658,0.5761222654506022,15.0,15.0,15.0,15.0
deadlift_delta_capacity_kg,3072,3072,ridge:383001,ridge,fit_seed,383001,psr:model:public-native-ridge@1.0.0~35f69cbae323,psr:fitted-instance:public-native-ridge-seed-383001@sha256:e0e37f64f07399b58fca76c0aa7359b6f23f7c8dd3583af4d44448fcbcb2bc48,psr:evaluation-result@sha256:91835821f22ef09f72b11d24dee2241b16828899324177f715b7cc0697db345a,psr:prediction-artifact:prediction-jsonl-c243aaee0874@sha256:93233ab6e760c75ac3cc13d1d0d1b8433525b303378ba8b4192bd49ad01260f6,sha256:2171a69215d1630726c72f850c81ae96a5f2e6450402afaddd14e5adc66b90ca,sha256:c243aaee0874303607b9ae5660fa3ccbf75ddf6a7a58721d962edf89c2dddcb3,sha256:e0e37f64f07399b58fca76c0aa7359b6f23f7c8dd3583af4d44448fcbcb2bc48,ADMISSIBLE,5.527782364315873,3.6582552540266025,0.6110836997622298,0.6236315420484839,18.0,21.0,18.0,18.0
deadlift_delta_capacity_kg,3072,3072,ridge:383002,ridge,fit_seed,383002,psr:model:public-native-ridge@1.0.0~35f69cbae323,psr:fitted-instance:public-native-ridge-seed-383002@sha256:e16220f0db2288cf344d82a061a006ffac08ac32a370f298dde02aabe197a755,psr:evaluation-result@sha256:88e89d1c6fb9009b3a1aba0c04cc5edcaa6a1688864090e5b273f4d9d938e6c5,psr:prediction-artifact:prediction-jsonl-c243aaee0874@sha256:93233ab6e760c75ac3cc13d1d0d1b8433525b303378ba8b4192bd49ad01260f6,sha256:8983357c9fa4d21f1e326571c4332e720176fa1b519770f718cd3ad5095a19da,sha256:c243aaee0874303607b9ae5660fa3ccbf75ddf6a7a58721d962edf89c2dddcb3,sha256:e16220f0db2288cf344d82a061a006ffac08ac32a370f298dde02aabe197a755,ADMISSIBLE,5.527782364315873,3.6582552540266025,0.6110836997622298,0.6236315420484839,18.0,21.0,18.0,18.0
deadlift_delta_capacity_kg,3072,3072,ridge:383003,ridge,fit_seed,383003,psr:model:public-native-ridge@1.0.0~35f69cbae323,psr:fitted-instance:public-native-ridge-seed-383003@sha256:86f71ea0d7c73098dd543a3b5674f6e7f3effcbecd2b93bb9e9c081e0f2bb6ae,psr:evaluation-result@sha256:5abadc070081d5ae857ada8f8fbc57862a19b59a341028004beb68c22b291cf9,psr:prediction-artifact:prediction-jsonl-c243aaee0874@sha256:93233ab6e760c75ac3cc13d1d0d1b8433525b303378ba8b4192bd49ad01260f6,sha256:a6a8925085c6690feef5f92a41a30bb61e271b96ab94073a620f36dd3085552d,sha256:c243aaee0874303607b9ae5660fa3ccbf75ddf6a7a58721d962edf89c2dddcb3,sha256:86f71ea0d7c73098dd543a3b5674f6e7f3effcbecd2b93bb9e9c081e0f2bb6ae,ADMISSIBLE,5.527782364315873,3.6582552540266025,0.6110836997622298,0.6236315420484839,18.0,21.0,18.0,18.0
deadlift_delta_capacity_kg,3072,3072,histogram_boosted_stumps:383001,histogram_boosted_stumps,fit_seed,383001,psr:model:public-native-histogram-boosted-stumps@1.0.0~dbec1ea66506,psr:fitted-instance:public-native-histogram-boosted-stumps-seed-383001@sha256:2ac65f5ac5bf01af1f9ed9979f544efc8a4a2f15ea0dfc5f6832e327cdf2a377,psr:evaluation-result@sha256:e13a7a9ad5e65fbdd0318459407e806d9869a079ada5ec0e20be25eefcb92bf8,psr:prediction-artifact:prediction-jsonl-9828ff75ec9e@sha256:ede2355586a256bb282bf7d47dc238c608f7993894b55b8a420550adb4c02806,sha256:814be273d6992052a86f2ee155b7b0caaa9db8ad6493afdb89ab4c66fc4a27a6,sha256:9828ff75ec9e4ae18488abd3c828dcef57afda07c504cb88896088df6c9323b5,sha256:2ac65f5ac5bf01af1f9ed9979f544efc8a4a2f15ea0dfc5f6832e327cdf2a377,ADMISSIBLE,5.776725661240854,3.405303814977161,0.5752652836805274,0.6517167454649853,21.0,18.0,21.0,21.0
deadlift_delta_capacity_kg,3072,3072,histogram_boosted_stumps:383002,histogram_boosted_stumps,fit_seed,383002,psr:model:public-native-histogram-boosted-stumps@1.0.0~dbec1ea66506,psr:fitted-instance:public-native-histogram-boosted-stumps-seed-383002@sha256:b2891fa36ca460f15994084b86fac59101ff83ae572b73d0e2093d6eb9ddeb75,psr:evaluation-result@sha256:653b408b7fbe89d771012e8217b57507e11630d8db573441a62c90a0d96b4969,psr:prediction-artifact:prediction-jsonl-9828ff75ec9e@sha256:ede2355586a256bb282bf7d47dc238c608f7993894b55b8a420550adb4c02806,sha256:6f6fe7d52574927aec780e89187a1e135aa1cce765284954302d65ddbef1f20d,sha256:9828ff75ec9e4ae18488abd3c828dcef57afda07c504cb88896088df6c9323b5,sha256:b2891fa36ca460f15994084b86fac59101ff83ae572b73d0e2093d6eb9ddeb75,ADMISSIBLE,5.776725661240854,3.405303814977161,0.5752652836805274,0.6517167454649853,21.0,18.0,21.0,21.0
deadlift_delta_capacity_kg,3072,3072,histogram_boosted_stumps:383003,histogram_boosted_stumps,fit_seed,383003,psr:model:public-native-histogram-boosted-stumps@1.0.0~dbec1ea66506,psr:fitted-instance:public-native-histogram-boosted-stumps-seed-383003@sha256:ebc78ff2a18236d8e38e9a84684699d02c9f7651b15bc40756968f786d49c1f6,psr:evaluation-result@sha256:32058c81404e87f25d81c8a407ec7e7e6411aae19dc69d26186254b40c1af2b4,psr:prediction-artifact:prediction-jsonl-9828ff75ec9e@sha256:ede2355586a256bb282bf7d47dc238c608f7993894b55b8a420550adb4c02806,sha256:2c84d96ef9525e1dd290a7e2a1a7f08b7a99766c8793d1f661074550b34c0d66,sha256:9828ff75ec9e4ae18488abd3c828dcef57afda07c504cb88896088df6c9323b5,sha256:ebc78ff2a18236d8e38e9a84684699d02c9f7651b15bc40756968f786d49c1f6,ADMISSIBLE,5.776725661240854,3.405303814977161,0.5752652836805274,0.6517167454649853,21.0,18.0,21.0,21.0
