axis_slug,attack_spec_ref,class_normalized_cross_lift_five_target_performance_forecasting@1.0.0,four_target_load_velocity_and_competition_performance_forecasting@1.0.0,held_out_final_origin_five_target_performance_evaluation@1.0.0,iid_latent_capacity_change_with_transient_expression_forecasting@1.0.0,latent_capacity_change_with_transient_expression_forecasting@1.0.0,latent_origin_capacity_change_forecasting@1.0.0,observed_origin_referenced_capacity_change_forecasting@1.0.0,performance_forecasting_under_schedule_exposure_reporting_heterogeneity@1.0.0,seasonal_five_target_load_velocity_performance_forecasting@1.0.0
audit_coverage,audit_coverage_accounting@1.0.0,PASS,PASS,PASS,PASS,PASS,PASS,PASS,PASS,PASS
simple_model_frontier,baseline_domination@1.0.0,NOT_APPLICABLE,NOT_APPLICABLE,NOT_APPLICABLE,INCONCLUSIVE,NOT_APPLICABLE,NOT_APPLICABLE,NOT_APPLICABLE,NOT_APPLICABLE,NOT_APPLICABLE
out_of_distribution_robustness,distributional_shift_sensitivity@1.0.0,NOT_APPLICABLE,NOT_APPLICABLE,NOT_APPLICABLE,UNSUPPORTED_BY_EVIDENCE,NOT_APPLICABLE,NOT_APPLICABLE,NOT_APPLICABLE,NOT_APPLICABLE,NOT_APPLICABLE
hidden_test_fairness,hidden_test_fairness@1.0.0,UNSUPPORTED_BY_EVIDENCE,UNSUPPORTED_BY_EVIDENCE,UNSUPPORTED_BY_EVIDENCE,NOT_APPLICABLE,UNSUPPORTED_BY_EVIDENCE,UNSUPPORTED_BY_EVIDENCE,UNSUPPORTED_BY_EVIDENCE,UNSUPPORTED_BY_EVIDENCE,UNSUPPORTED_BY_EVIDENCE
seed_stability,model_ranking_instability@1.0.0,NOT_APPLICABLE,NOT_APPLICABLE,NOT_APPLICABLE,INCONCLUSIVE,NOT_APPLICABLE,NOT_APPLICABLE,NOT_APPLICABLE,NOT_APPLICABLE,NOT_APPLICABLE
out_of_distribution_robustness,observation_noise_perturbation@1.0.0,NOT_APPLICABLE,NOT_APPLICABLE,NOT_APPLICABLE,INCONCLUSIVE,UNSUPPORTED_BY_EVIDENCE,NOT_APPLICABLE,NOT_APPLICABLE,NOT_APPLICABLE,NOT_APPLICABLE
seed_stability,parameter_seed_sensitivity@1.0.0,NOT_APPLICABLE,NOT_APPLICABLE,NOT_APPLICABLE,INCONCLUSIVE,NOT_APPLICABLE,NOT_APPLICABLE,NOT_APPLICABLE,NOT_APPLICABLE,NOT_APPLICABLE
leakage_shortcut_susceptibility,participant_input_leakage@1.0.0,UNSUPPORTED_BY_EVIDENCE,UNSUPPORTED_BY_EVIDENCE,UNSUPPORTED_BY_EVIDENCE,PASS,UNSUPPORTED_BY_EVIDENCE,UNSUPPORTED_BY_EVIDENCE,UNSUPPORTED_BY_EVIDENCE,UNSUPPORTED_BY_EVIDENCE,UNSUPPORTED_BY_EVIDENCE
reconstructability,reconstruction_provenance_gaps@1.0.0,INCONCLUSIVE,INCONCLUSIVE,INCONCLUSIVE,PASS,INCONCLUSIVE,INCONCLUSIVE,INCONCLUSIVE,INCONCLUSIVE,INCONCLUSIVE
leakage_shortcut_susceptibility,shortcut_feature_dependence@1.0.0,NOT_APPLICABLE,NOT_APPLICABLE,NOT_APPLICABLE,NOT_RUN,NOT_APPLICABLE,NOT_APPLICABLE,NOT_APPLICABLE,NOT_APPLICABLE,NOT_APPLICABLE
out_of_distribution_robustness,sparse_missing_history_sensitivity@1.0.0,UNSUPPORTED_BY_EVIDENCE,UNSUPPORTED_BY_EVIDENCE,UNSUPPORTED_BY_EVIDENCE,UNSUPPORTED_BY_EVIDENCE,UNSUPPORTED_BY_EVIDENCE,UNSUPPORTED_BY_EVIDENCE,UNSUPPORTED_BY_EVIDENCE,UNSUPPORTED_BY_EVIDENCE,UNSUPPORTED_BY_EVIDENCE
leakage_shortcut_susceptibility,target_identity_contamination@1.0.0,UNSUPPORTED_BY_EVIDENCE,UNSUPPORTED_BY_EVIDENCE,UNSUPPORTED_BY_EVIDENCE,PASS,UNSUPPORTED_BY_EVIDENCE,UNSUPPORTED_BY_EVIDENCE,UNSUPPORTED_BY_EVIDENCE,UNSUPPORTED_BY_EVIDENCE,UNSUPPORTED_BY_EVIDENCE
leakage_shortcut_susceptibility,temporal_history_disruption@1.0.0,UNSUPPORTED_BY_EVIDENCE,UNSUPPORTED_BY_EVIDENCE,UNSUPPORTED_BY_EVIDENCE,INCONCLUSIVE,UNSUPPORTED_BY_EVIDENCE,UNSUPPORTED_BY_EVIDENCE,UNSUPPORTED_BY_EVIDENCE,UNSUPPORTED_BY_EVIDENCE,UNSUPPORTED_BY_EVIDENCE
out_of_distribution_robustness,training_plan_counterfactual_sensitivity@1.0.0,NOT_APPLICABLE,NOT_APPLICABLE,NOT_APPLICABLE,INCONCLUSIVE,UNSUPPORTED_BY_EVIDENCE,UNSUPPORTED_BY_EVIDENCE,UNSUPPORTED_BY_EVIDENCE,NOT_APPLICABLE,NOT_APPLICABLE
