left_benchmark_version,right_benchmark_version,numerical_comparison_decision,declared_semantic_checks,matched_support_and_paired_scores_verified,rejection_reasons
class_normalized_cross_lift_five_target_performance_forecasting@1.0.0,four_target_load_velocity_and_competition_performance_forecasting@1.0.0,REJECTED_FOR_NUMERICAL_COMPARISON,"{""dataset_spec_match"":false,""evaluation_match"":false,""information_boundary_match"":false,""metric_set_match"":true,""qoi_match"":false,""representation_match"":false,""task_match"":false,""world_match"":false}",false,task differs; qoi differs; world differs; representation differs; dataset_spec differs; evaluation differs; information_boundary differs; No public cross-version paired predictions and evaluation results establish matched support/distribution.
class_normalized_cross_lift_five_target_performance_forecasting@1.0.0,held_out_final_origin_five_target_performance_evaluation@1.0.0,REJECTED_FOR_NUMERICAL_COMPARISON,"{""dataset_spec_match"":false,""evaluation_match"":false,""information_boundary_match"":false,""metric_set_match"":true,""qoi_match"":true,""representation_match"":true,""task_match"":false,""world_match"":true}",false,task differs; dataset_spec differs; evaluation differs; information_boundary differs; No public cross-version paired predictions and evaluation results establish matched support/distribution.
class_normalized_cross_lift_five_target_performance_forecasting@1.0.0,iid_latent_capacity_change_with_transient_expression_forecasting@1.0.0,REJECTED_FOR_NUMERICAL_COMPARISON,"{""dataset_spec_match"":false,""evaluation_match"":false,""information_boundary_match"":false,""metric_set_match"":false,""qoi_match"":false,""representation_match"":false,""task_match"":false,""world_match"":false}",false,task differs; qoi differs; world differs; representation differs; dataset_spec differs; evaluation differs; metric_set differs; information_boundary differs; No public cross-version paired predictions and evaluation results establish matched support/distribution.
class_normalized_cross_lift_five_target_performance_forecasting@1.0.0,latent_capacity_change_with_transient_expression_forecasting@1.0.0,REJECTED_FOR_NUMERICAL_COMPARISON,"{""dataset_spec_match"":false,""evaluation_match"":false,""information_boundary_match"":false,""metric_set_match"":true,""qoi_match"":false,""representation_match"":false,""task_match"":false,""world_match"":false}",false,task differs; qoi differs; world differs; representation differs; dataset_spec differs; evaluation differs; information_boundary differs; No public cross-version paired predictions and evaluation results establish matched support/distribution.
class_normalized_cross_lift_five_target_performance_forecasting@1.0.0,latent_origin_capacity_change_forecasting@1.0.0,REJECTED_FOR_NUMERICAL_COMPARISON,"{""dataset_spec_match"":false,""evaluation_match"":false,""information_boundary_match"":false,""metric_set_match"":true,""qoi_match"":false,""representation_match"":false,""task_match"":false,""world_match"":false}",false,task differs; qoi differs; world differs; representation differs; dataset_spec differs; evaluation differs; information_boundary differs; No public cross-version paired predictions and evaluation results establish matched support/distribution.
class_normalized_cross_lift_five_target_performance_forecasting@1.0.0,observed_origin_referenced_capacity_change_forecasting@1.0.0,REJECTED_FOR_NUMERICAL_COMPARISON,"{""dataset_spec_match"":false,""evaluation_match"":false,""information_boundary_match"":false,""metric_set_match"":true,""qoi_match"":false,""representation_match"":false,""task_match"":false,""world_match"":false}",false,task differs; qoi differs; world differs; representation differs; dataset_spec differs; evaluation differs; information_boundary differs; No public cross-version paired predictions and evaluation results establish matched support/distribution.
class_normalized_cross_lift_five_target_performance_forecasting@1.0.0,performance_forecasting_under_schedule_exposure_reporting_heterogeneity@1.0.0,REJECTED_FOR_NUMERICAL_COMPARISON,"{""dataset_spec_match"":false,""evaluation_match"":false,""information_boundary_match"":false,""metric_set_match"":true,""qoi_match"":false,""representation_match"":false,""task_match"":false,""world_match"":false}",false,task differs; qoi differs; world differs; representation differs; dataset_spec differs; evaluation differs; information_boundary differs; No public cross-version paired predictions and evaluation results establish matched support/distribution.
class_normalized_cross_lift_five_target_performance_forecasting@1.0.0,seasonal_five_target_load_velocity_performance_forecasting@1.0.0,REJECTED_FOR_NUMERICAL_COMPARISON,"{""dataset_spec_match"":false,""evaluation_match"":false,""information_boundary_match"":false,""metric_set_match"":true,""qoi_match"":true,""representation_match"":false,""task_match"":true,""world_match"":false}",false,world differs; representation differs; dataset_spec differs; evaluation differs; information_boundary differs; No public cross-version paired predictions and evaluation results establish matched support/distribution.
four_target_load_velocity_and_competition_performance_forecasting@1.0.0,held_out_final_origin_five_target_performance_evaluation@1.0.0,REJECTED_FOR_NUMERICAL_COMPARISON,"{""dataset_spec_match"":false,""evaluation_match"":false,""information_boundary_match"":false,""metric_set_match"":true,""qoi_match"":false,""representation_match"":false,""task_match"":false,""world_match"":false}",false,task differs; qoi differs; world differs; representation differs; dataset_spec differs; evaluation differs; information_boundary differs; No public cross-version paired predictions and evaluation results establish matched support/distribution.
four_target_load_velocity_and_competition_performance_forecasting@1.0.0,iid_latent_capacity_change_with_transient_expression_forecasting@1.0.0,REJECTED_FOR_NUMERICAL_COMPARISON,"{""dataset_spec_match"":false,""evaluation_match"":false,""information_boundary_match"":false,""metric_set_match"":false,""qoi_match"":false,""representation_match"":false,""task_match"":false,""world_match"":false}",false,task differs; qoi differs; world differs; representation differs; dataset_spec differs; evaluation differs; metric_set differs; information_boundary differs; No public cross-version paired predictions and evaluation results establish matched support/distribution.
four_target_load_velocity_and_competition_performance_forecasting@1.0.0,latent_capacity_change_with_transient_expression_forecasting@1.0.0,REJECTED_FOR_NUMERICAL_COMPARISON,"{""dataset_spec_match"":false,""evaluation_match"":false,""information_boundary_match"":false,""metric_set_match"":true,""qoi_match"":false,""representation_match"":false,""task_match"":false,""world_match"":false}",false,task differs; qoi differs; world differs; representation differs; dataset_spec differs; evaluation differs; information_boundary differs; No public cross-version paired predictions and evaluation results establish matched support/distribution.
four_target_load_velocity_and_competition_performance_forecasting@1.0.0,latent_origin_capacity_change_forecasting@1.0.0,REJECTED_FOR_NUMERICAL_COMPARISON,"{""dataset_spec_match"":false,""evaluation_match"":false,""information_boundary_match"":false,""metric_set_match"":true,""qoi_match"":false,""representation_match"":false,""task_match"":false,""world_match"":false}",false,task differs; qoi differs; world differs; representation differs; dataset_spec differs; evaluation differs; information_boundary differs; No public cross-version paired predictions and evaluation results establish matched support/distribution.
four_target_load_velocity_and_competition_performance_forecasting@1.0.0,observed_origin_referenced_capacity_change_forecasting@1.0.0,REJECTED_FOR_NUMERICAL_COMPARISON,"{""dataset_spec_match"":false,""evaluation_match"":false,""information_boundary_match"":false,""metric_set_match"":true,""qoi_match"":false,""representation_match"":false,""task_match"":false,""world_match"":false}",false,task differs; qoi differs; world differs; representation differs; dataset_spec differs; evaluation differs; information_boundary differs; No public cross-version paired predictions and evaluation results establish matched support/distribution.
four_target_load_velocity_and_competition_performance_forecasting@1.0.0,performance_forecasting_under_schedule_exposure_reporting_heterogeneity@1.0.0,REJECTED_FOR_NUMERICAL_COMPARISON,"{""dataset_spec_match"":false,""evaluation_match"":true,""information_boundary_match"":false,""metric_set_match"":true,""qoi_match"":true,""representation_match"":true,""task_match"":true,""world_match"":false}",false,world differs; dataset_spec differs; information_boundary differs; No public cross-version paired predictions and evaluation results establish matched support/distribution.
four_target_load_velocity_and_competition_performance_forecasting@1.0.0,seasonal_five_target_load_velocity_performance_forecasting@1.0.0,REJECTED_FOR_NUMERICAL_COMPARISON,"{""dataset_spec_match"":false,""evaluation_match"":false,""information_boundary_match"":false,""metric_set_match"":true,""qoi_match"":false,""representation_match"":false,""task_match"":false,""world_match"":false}",false,task differs; qoi differs; world differs; representation differs; dataset_spec differs; evaluation differs; information_boundary differs; No public cross-version paired predictions and evaluation results establish matched support/distribution.
held_out_final_origin_five_target_performance_evaluation@1.0.0,iid_latent_capacity_change_with_transient_expression_forecasting@1.0.0,REJECTED_FOR_NUMERICAL_COMPARISON,"{""dataset_spec_match"":false,""evaluation_match"":false,""information_boundary_match"":false,""metric_set_match"":false,""qoi_match"":false,""representation_match"":false,""task_match"":false,""world_match"":false}",false,task differs; qoi differs; world differs; representation differs; dataset_spec differs; evaluation differs; metric_set differs; information_boundary differs; No public cross-version paired predictions and evaluation results establish matched support/distribution.
held_out_final_origin_five_target_performance_evaluation@1.0.0,latent_capacity_change_with_transient_expression_forecasting@1.0.0,REJECTED_FOR_NUMERICAL_COMPARISON,"{""dataset_spec_match"":false,""evaluation_match"":false,""information_boundary_match"":false,""metric_set_match"":true,""qoi_match"":false,""representation_match"":false,""task_match"":false,""world_match"":false}",false,task differs; qoi differs; world differs; representation differs; dataset_spec differs; evaluation differs; information_boundary differs; No public cross-version paired predictions and evaluation results establish matched support/distribution.
held_out_final_origin_five_target_performance_evaluation@1.0.0,latent_origin_capacity_change_forecasting@1.0.0,REJECTED_FOR_NUMERICAL_COMPARISON,"{""dataset_spec_match"":false,""evaluation_match"":false,""information_boundary_match"":false,""metric_set_match"":true,""qoi_match"":false,""representation_match"":false,""task_match"":false,""world_match"":false}",false,task differs; qoi differs; world differs; representation differs; dataset_spec differs; evaluation differs; information_boundary differs; No public cross-version paired predictions and evaluation results establish matched support/distribution.
held_out_final_origin_five_target_performance_evaluation@1.0.0,observed_origin_referenced_capacity_change_forecasting@1.0.0,REJECTED_FOR_NUMERICAL_COMPARISON,"{""dataset_spec_match"":false,""evaluation_match"":false,""information_boundary_match"":false,""metric_set_match"":true,""qoi_match"":false,""representation_match"":false,""task_match"":false,""world_match"":false}",false,task differs; qoi differs; world differs; representation differs; dataset_spec differs; evaluation differs; information_boundary differs; No public cross-version paired predictions and evaluation results establish matched support/distribution.
held_out_final_origin_five_target_performance_evaluation@1.0.0,performance_forecasting_under_schedule_exposure_reporting_heterogeneity@1.0.0,REJECTED_FOR_NUMERICAL_COMPARISON,"{""dataset_spec_match"":false,""evaluation_match"":false,""information_boundary_match"":false,""metric_set_match"":true,""qoi_match"":false,""representation_match"":false,""task_match"":false,""world_match"":false}",false,task differs; qoi differs; world differs; representation differs; dataset_spec differs; evaluation differs; information_boundary differs; No public cross-version paired predictions and evaluation results establish matched support/distribution.
held_out_final_origin_five_target_performance_evaluation@1.0.0,seasonal_five_target_load_velocity_performance_forecasting@1.0.0,REJECTED_FOR_NUMERICAL_COMPARISON,"{""dataset_spec_match"":false,""evaluation_match"":false,""information_boundary_match"":false,""metric_set_match"":true,""qoi_match"":true,""representation_match"":false,""task_match"":false,""world_match"":false}",false,task differs; world differs; representation differs; dataset_spec differs; evaluation differs; information_boundary differs; No public cross-version paired predictions and evaluation results establish matched support/distribution.
iid_latent_capacity_change_with_transient_expression_forecasting@1.0.0,latent_capacity_change_with_transient_expression_forecasting@1.0.0,REJECTED_FOR_NUMERICAL_COMPARISON,"{""dataset_spec_match"":false,""evaluation_match"":false,""information_boundary_match"":false,""metric_set_match"":false,""qoi_match"":true,""representation_match"":true,""task_match"":true,""world_match"":true}",false,dataset_spec differs; evaluation differs; metric_set differs; information_boundary differs; No public cross-version paired predictions and evaluation results establish matched support/distribution.
iid_latent_capacity_change_with_transient_expression_forecasting@1.0.0,latent_origin_capacity_change_forecasting@1.0.0,REJECTED_FOR_NUMERICAL_COMPARISON,"{""dataset_spec_match"":false,""evaluation_match"":false,""information_boundary_match"":false,""metric_set_match"":false,""qoi_match"":true,""representation_match"":false,""task_match"":true,""world_match"":false}",false,world differs; representation differs; dataset_spec differs; evaluation differs; metric_set differs; information_boundary differs; No public cross-version paired predictions and evaluation results establish matched support/distribution.
iid_latent_capacity_change_with_transient_expression_forecasting@1.0.0,observed_origin_referenced_capacity_change_forecasting@1.0.0,REJECTED_FOR_NUMERICAL_COMPARISON,"{""dataset_spec_match"":false,""evaluation_match"":false,""information_boundary_match"":false,""metric_set_match"":false,""qoi_match"":false,""representation_match"":false,""task_match"":false,""world_match"":false}",false,task differs; qoi differs; world differs; representation differs; dataset_spec differs; evaluation differs; metric_set differs; information_boundary differs; No public cross-version paired predictions and evaluation results establish matched support/distribution.
iid_latent_capacity_change_with_transient_expression_forecasting@1.0.0,performance_forecasting_under_schedule_exposure_reporting_heterogeneity@1.0.0,REJECTED_FOR_NUMERICAL_COMPARISON,"{""dataset_spec_match"":false,""evaluation_match"":false,""information_boundary_match"":false,""metric_set_match"":false,""qoi_match"":false,""representation_match"":false,""task_match"":false,""world_match"":false}",false,task differs; qoi differs; world differs; representation differs; dataset_spec differs; evaluation differs; metric_set differs; information_boundary differs; No public cross-version paired predictions and evaluation results establish matched support/distribution.
iid_latent_capacity_change_with_transient_expression_forecasting@1.0.0,seasonal_five_target_load_velocity_performance_forecasting@1.0.0,REJECTED_FOR_NUMERICAL_COMPARISON,"{""dataset_spec_match"":false,""evaluation_match"":false,""information_boundary_match"":false,""metric_set_match"":false,""qoi_match"":false,""representation_match"":false,""task_match"":false,""world_match"":false}",false,task differs; qoi differs; world differs; representation differs; dataset_spec differs; evaluation differs; metric_set differs; information_boundary differs; No public cross-version paired predictions and evaluation results establish matched support/distribution.
latent_capacity_change_with_transient_expression_forecasting@1.0.0,latent_origin_capacity_change_forecasting@1.0.0,REJECTED_FOR_NUMERICAL_COMPARISON,"{""dataset_spec_match"":false,""evaluation_match"":false,""information_boundary_match"":false,""metric_set_match"":true,""qoi_match"":true,""representation_match"":false,""task_match"":true,""world_match"":false}",false,world differs; representation differs; dataset_spec differs; evaluation differs; information_boundary differs; No public cross-version paired predictions and evaluation results establish matched support/distribution.
latent_capacity_change_with_transient_expression_forecasting@1.0.0,observed_origin_referenced_capacity_change_forecasting@1.0.0,REJECTED_FOR_NUMERICAL_COMPARISON,"{""dataset_spec_match"":false,""evaluation_match"":false,""information_boundary_match"":false,""metric_set_match"":true,""qoi_match"":false,""representation_match"":false,""task_match"":false,""world_match"":false}",false,task differs; qoi differs; world differs; representation differs; dataset_spec differs; evaluation differs; information_boundary differs; No public cross-version paired predictions and evaluation results establish matched support/distribution.
latent_capacity_change_with_transient_expression_forecasting@1.0.0,performance_forecasting_under_schedule_exposure_reporting_heterogeneity@1.0.0,REJECTED_FOR_NUMERICAL_COMPARISON,"{""dataset_spec_match"":false,""evaluation_match"":false,""information_boundary_match"":false,""metric_set_match"":true,""qoi_match"":false,""representation_match"":false,""task_match"":false,""world_match"":false}",false,task differs; qoi differs; world differs; representation differs; dataset_spec differs; evaluation differs; information_boundary differs; No public cross-version paired predictions and evaluation results establish matched support/distribution.
latent_capacity_change_with_transient_expression_forecasting@1.0.0,seasonal_five_target_load_velocity_performance_forecasting@1.0.0,REJECTED_FOR_NUMERICAL_COMPARISON,"{""dataset_spec_match"":false,""evaluation_match"":false,""information_boundary_match"":false,""metric_set_match"":true,""qoi_match"":false,""representation_match"":false,""task_match"":false,""world_match"":false}",false,task differs; qoi differs; world differs; representation differs; dataset_spec differs; evaluation differs; information_boundary differs; No public cross-version paired predictions and evaluation results establish matched support/distribution.
latent_origin_capacity_change_forecasting@1.0.0,observed_origin_referenced_capacity_change_forecasting@1.0.0,REJECTED_FOR_NUMERICAL_COMPARISON,"{""dataset_spec_match"":false,""evaluation_match"":false,""information_boundary_match"":false,""metric_set_match"":true,""qoi_match"":false,""representation_match"":true,""task_match"":false,""world_match"":true}",false,task differs; qoi differs; dataset_spec differs; evaluation differs; information_boundary differs; No public cross-version paired predictions and evaluation results establish matched support/distribution.
latent_origin_capacity_change_forecasting@1.0.0,performance_forecasting_under_schedule_exposure_reporting_heterogeneity@1.0.0,REJECTED_FOR_NUMERICAL_COMPARISON,"{""dataset_spec_match"":false,""evaluation_match"":false,""information_boundary_match"":false,""metric_set_match"":true,""qoi_match"":false,""representation_match"":false,""task_match"":false,""world_match"":false}",false,task differs; qoi differs; world differs; representation differs; dataset_spec differs; evaluation differs; information_boundary differs; No public cross-version paired predictions and evaluation results establish matched support/distribution.
latent_origin_capacity_change_forecasting@1.0.0,seasonal_five_target_load_velocity_performance_forecasting@1.0.0,REJECTED_FOR_NUMERICAL_COMPARISON,"{""dataset_spec_match"":false,""evaluation_match"":false,""information_boundary_match"":false,""metric_set_match"":true,""qoi_match"":false,""representation_match"":false,""task_match"":false,""world_match"":false}",false,task differs; qoi differs; world differs; representation differs; dataset_spec differs; evaluation differs; information_boundary differs; No public cross-version paired predictions and evaluation results establish matched support/distribution.
observed_origin_referenced_capacity_change_forecasting@1.0.0,performance_forecasting_under_schedule_exposure_reporting_heterogeneity@1.0.0,REJECTED_FOR_NUMERICAL_COMPARISON,"{""dataset_spec_match"":false,""evaluation_match"":false,""information_boundary_match"":false,""metric_set_match"":true,""qoi_match"":false,""representation_match"":false,""task_match"":false,""world_match"":false}",false,task differs; qoi differs; world differs; representation differs; dataset_spec differs; evaluation differs; information_boundary differs; No public cross-version paired predictions and evaluation results establish matched support/distribution.
observed_origin_referenced_capacity_change_forecasting@1.0.0,seasonal_five_target_load_velocity_performance_forecasting@1.0.0,REJECTED_FOR_NUMERICAL_COMPARISON,"{""dataset_spec_match"":false,""evaluation_match"":false,""information_boundary_match"":false,""metric_set_match"":true,""qoi_match"":false,""representation_match"":false,""task_match"":false,""world_match"":false}",false,task differs; qoi differs; world differs; representation differs; dataset_spec differs; evaluation differs; information_boundary differs; No public cross-version paired predictions and evaluation results establish matched support/distribution.
performance_forecasting_under_schedule_exposure_reporting_heterogeneity@1.0.0,seasonal_five_target_load_velocity_performance_forecasting@1.0.0,REJECTED_FOR_NUMERICAL_COMPARISON,"{""dataset_spec_match"":false,""evaluation_match"":false,""information_boundary_match"":false,""metric_set_match"":true,""qoi_match"":false,""representation_match"":false,""task_match"":false,""world_match"":false}",false,task differs; qoi differs; world differs; representation differs; dataset_spec differs; evaluation differs; information_boundary differs; No public cross-version paired predictions and evaluation results establish matched support/distribution.
