path,origin_class,license_expression,owner,purpose
.editorconfig,NEWLY_AUTHORED,MIT,repository,Text and whitespace conventions.
.github/workflows/README.md,NEWLY_AUTHORED,CC-BY-4.0,ci-location,Public CI job summary; local parity commands; public/private fingerprint boundary.
.github/workflows/ci.yml,NEWLY_AUTHORED,MIT,ci-location,Read-only public CI for locked quality/integrity; compatibility; and package smoke gates.
.gitignore,NEWLY_AUTHORED,MIT,repository,"Excludes generated IID train/validation JSONL and local caches, build output, and credentials."
CITATION.cff,NEWLY_AUTHORED,MIT,repository,Research citation metadata.
CONTRIBUTING.md,NEWLY_AUTHORED,CC-BY-4.0,repository,Scientific and software contribution rules.
LICENSE,NEWLY_AUTHORED,MIT,repository,MIT license for source code.
LICENSE-DOCS,NEWLY_AUTHORED,CC-BY-4.0,repository,CC BY 4.0 for repository-authored documentation.
README.md,PUBLIC_PROJECTION_OF_FROZEN_SPEC,CC-BY-4.0,repository,Program landing page and initial-state disclosure.
artifacts/README.md,NEWLY_AUTHORED,CC-BY-4.0,artifacts,Durable public artifacts and release bundle policy.
artifacts/checksums/README.md,NEWLY_AUTHORED,CC-BY-4.0,artifacts,"Checksums for data, models, results, and bundles."
artifacts/dataset-cards/README.md,NEWLY_AUTHORED,CC-BY-4.0,artifacts,Dataset-card exports linked to typed dataset definitions.
artifacts/dataset-cards/iid-latent-capacity-change-with-transient-expression-forecasting.md,NEWLY_AUTHORED,CC-BY-4.0,dataset-card,Definitive PUBLIC_NATIVE IID dataset contract and regeneration record.
artifacts/model-cards/README.md,NEWLY_AUTHORED,CC-BY-4.0,artifacts,Model-card index and artifact publication policy.
artifacts/model-cards/historical-model-evidence-lineage.md,NEWLY_AUTHORED,CC-BY-4.0,model-evidence,Historical family support; prohibited unsupported claims; and non-comparability boundaries from surviving public evidence.
artifacts/model-cards/public-native-comparator-suite.md,NEWLY_AUTHORED,CC-BY-4.0,model-card,RES-275 public-native comparator model profiles; per-target accuracy; complexity; compute; and limitations.
artifacts/model-cards/public-native-temporal-capacity-change.md,NEWLY_AUTHORED,CC-BY-4.0,model-card,Historical Sobol reconstruction and separately identified PUBLIC_NATIVE IID fitted evidence with exact metrics.
artifacts/registries/README.md,NEWLY_AUTHORED,CC-BY-4.0,artifacts,"Generated benchmark, comparator, and RES-277 audit registry exports; typed Python is authoritative."
artifacts/registries/benchmark-registry.json,GENERATED_PUBLIC_ARTIFACT,MIT,registry-export,Public machine-readable registry export generated from typed Python.
artifacts/registries/attack-contract-registry.json,GENERATED_PUBLIC_ARTIFACT,MIT,registry-export,RES-277 versioned validity attack contracts generated from typed Python.
artifacts/registries/validity-axis-registry.json,GENERATED_PUBLIC_ARTIFACT,MIT,registry-export,RES-277 versioned audit axes and protocols generated from typed Python.
artifacts/registries/version-validity-profiles.json,GENERATED_PUBLIC_ARTIFACT,MIT,registry-export,RES-277 current per-version audit evidence states; no audit measurements.
artifacts/release-bundles/README.md,NEWLY_AUTHORED,CC-BY-4.0,artifacts,Versioned public release bundles from cleared sources.
audits/README.md,NEWLY_AUTHORED,CC-BY-4.0,audits,RES-277 audit contracts and separation from RES-278 execution.
audits/cross-benchmark/README.md,NEWLY_AUTHORED,CC-BY-4.0,audits,RES-277 versioned audit home and RES-278 execution boundary across nine benchmark versions.
data/README.md,NEWLY_AUTHORED,CC-BY-4.0,data,Data topology and tracked/generated/downloadable policy.
data/external/README.md,NEWLY_AUTHORED,CC-BY-4.0,data,External/empirical data manifests and per-artifact rights.
data/manifests/README.md,NEWLY_AUTHORED,CC-BY-4.0,data,Dataset realization manifests and checksums.
data/manifests/realizations/README.md,NEWLY_AUTHORED,CC-BY-4.0,data,Stable home for immutable public realization manifests.
data/manifests/realizations/class_normalized_cross_lift_five_target_performance_forecasting/README.md,NEWLY_AUTHORED,CC-BY-4.0,dataset-manifest-home,Future realization manifest/checksum home; no historical data bytes.
data/manifests/realizations/held_out_final_origin_five_target_performance_evaluation/README.md,NEWLY_AUTHORED,CC-BY-4.0,dataset-manifest-home,Future realization manifest/checksum home; no historical data bytes.
data/manifests/realizations/latent_origin_capacity_change_forecasting/README.md,NEWLY_AUTHORED,CC-BY-4.0,dataset-manifest-home,Future realization manifest/checksum home; no historical data bytes.
data/manifests/realizations/observed_origin_referenced_capacity_change_forecasting/README.md,NEWLY_AUTHORED,CC-BY-4.0,dataset-manifest-home,Future realization manifest/checksum home; no historical data bytes.
data/manifests/realizations/latent_capacity_change_with_transient_expression_forecasting/README.md,NEWLY_AUTHORED,CC-BY-4.0,dataset-manifest-home,Public realization manifest/checksum home; generated data bytes are not checked in.
data/manifests/realizations/latent_capacity_change_with_transient_expression_forecasting/iid-production.json,GENERATED_PUBLIC_ARTIFACT,MIT,dataset-manifest,Manifest for the public-native IID train and validation realization.
data/manifests/realizations/performance_forecasting_under_schedule_exposure_reporting_heterogeneity/README.md,NEWLY_AUTHORED,CC-BY-4.0,dataset-manifest-home,Future realization manifest/checksum home; no historical data bytes.
data/manifests/realizations/seasonal_five_target_load_velocity_performance_forecasting/README.md,NEWLY_AUTHORED,CC-BY-4.0,dataset-manifest-home,Future realization manifest/checksum home; no historical data bytes.
data/manifests/realizations/four_target_load_velocity_and_competition_performance_forecasting/README.md,NEWLY_AUTHORED,CC-BY-4.0,dataset-manifest-home,Future realization manifest/checksum home; no historical data bytes.
data/synthetic/README.md,NEWLY_AUTHORED,CC-BY-4.0,data,Newly authored public synthetic realizations only.
docs/README.md,NEWLY_AUTHORED,CC-BY-4.0,public-documentation,Documentation map and RES-277 no-new-results boundary.
docs/artifacts/index.md,PUBLIC_PROJECTION_OF_FROZEN_SPEC,CC-BY-4.0,public-documentation,"Prediction/evaluation results, tables, figures, manifests, and release artifacts."
docs/audits/index.md,NEWLY_AUTHORED,CC-BY-4.0,public-documentation,RES-277 validity methodology; state rules; RES-278 execution scope; and interpretation boundaries.
docs/benchmarks/claim-boundaries.md,PUBLIC_PROJECTION_OF_FROZEN_SPEC,CC-BY-4.0,public-documentation,Supported synthetic claims and prohibited escalations.
docs/benchmarks/class-normalized-cross-lift-five-target-performance-forecasting.md,PUBLIC_PROJECTION_OF_FROZEN_SPEC,CC-BY-4.0,public-documentation,Research card for Class-Normalized Cross-Lift Five-Target Performance Forecasting.
docs/benchmarks/comparability.md,PUBLIC_PROJECTION_OF_FROZEN_SPEC,CC-BY-4.0,public-documentation,Observed-origin versus latent-origin estimands and matched-comparison rules.
docs/benchmarks/held-out-final-origin-five-target-performance-evaluation.md,PUBLIC_PROJECTION_OF_FROZEN_SPEC,CC-BY-4.0,public-documentation,Research card for Held-Out Final-Origin Evaluation of Five Performance Targets.
docs/benchmarks/index.md,PUBLIC_PROJECTION_OF_FROZEN_SPEC,CC-BY-4.0,public-documentation,Eight-specimen public benchmark index and implementation statuses.
docs/benchmarks/latent-origin-capacity-change-forecasting.md,PUBLIC_PROJECTION_OF_FROZEN_SPEC,CC-BY-4.0,public-documentation,Research card for Latent-Origin Capacity-Change Forecasting.
docs/benchmarks/observed-origin-referenced-capacity-change-forecasting.md,PUBLIC_PROJECTION_OF_FROZEN_SPEC,CC-BY-4.0,public-documentation,Research card for Observed-Origin-Referenced Capacity-Change Forecasting.
docs/benchmarks/latent-capacity-change-with-transient-expression-forecasting.md,PUBLIC_PROJECTION_OF_FROZEN_SPEC,CC-BY-4.0,public-documentation,Research card for Latent Capacity-Change Forecasting with Transient Performance Expression.
docs/benchmarks/iid-latent-capacity-change-with-transient-expression-forecasting.md,PUBLIC_PROJECTION_OF_FROZEN_SPEC,CC-BY-4.0,public-documentation,Public-native IID benchmark identity and historical equivalence record; links to the dataset card.
docs/benchmarks/performance-forecasting-under-schedule-exposure-reporting-heterogeneity.md,PUBLIC_PROJECTION_OF_FROZEN_SPEC,CC-BY-4.0,public-documentation,"Research card for Performance Forecasting Under Schedule, Exposure, and Reporting Heterogeneity."
docs/benchmarks/seasonal-five-target-load-velocity-performance-forecasting.md,PUBLIC_PROJECTION_OF_FROZEN_SPEC,CC-BY-4.0,public-documentation,Research card for Seasonal Five-Target Load–Velocity and Performance Forecasting.
docs/benchmarks/four-target-load-velocity-and-competition-performance-forecasting.md,PUBLIC_PROJECTION_OF_FROZEN_SPEC,CC-BY-4.0,public-documentation,Research card for Four-Target Load–Velocity and Competition Performance Forecasting.
docs/contracts/public-benchmark-contract.md,PUBLIC_PROJECTION_OF_FROZEN_SPEC,CC-BY-4.0,public-documentation,Public BenchmarkSpec identity and information boundary.
docs/contributing.md,PUBLIC_PROJECTION_OF_FROZEN_SPEC,CC-BY-4.0,public-documentation,"Naming, evidence, reproducibility, and contribution rules."
docs/data/index.md,PUBLIC_PROJECTION_OF_FROZEN_SPEC,CC-BY-4.0,public-documentation,"Dataset specs, public realizations, external manifests, and local caches."
docs/models/reference-models.md,PUBLIC_PROJECTION_OF_FROZEN_SPEC,CC-BY-4.0,public-documentation,Reference models and comparator conventions.
docs/public-private-firewall.md,PUBLIC_PROJECTION_OF_FROZEN_SPEC,CC-BY-4.0,public-documentation,Public-safe origins and private archive boundary.
docs/reproducibility.md,PUBLIC_PROJECTION_OF_FROZEN_SPEC,CC-BY-4.0,public-documentation,"Data, model, environment, result, and artifact reproduction."
docs/roadmap.md,NEWLY_AUTHORED,CC-BY-4.0,public-documentation,M3–M9 responsibilities and RES-277/RES-278 boundary.
docs/science/component-taxonomy.md,PUBLIC_PROJECTION_OF_FROZEN_SPEC,CC-BY-4.0,public-documentation,"Reusable world, population, intervention, observation, QOI, task, representation, dataset, evaluation, metric, and shift definitions."
docs/science/system-model.md,PUBLIC_PROJECTION_OF_FROZEN_SPEC,CC-BY-4.0,public-documentation,"Latent capacity, capacity change, transient performance expression, intervention, observation, and forecasting."
docs/studies/index.md,PUBLIC_PROJECTION_OF_FROZEN_SPEC,CC-BY-4.0,public-documentation,"Retrospective and later studies, separate from benchmark identity."
examples/README.md,NEWLY_AUTHORED,CC-BY-4.0,examples,Small examples using public APIs and generated public data.
interventions/README.md,NEWLY_AUTHORED,CC-BY-4.0,interventions,Controlled intervention homes with changed/held-fixed declarations.
interventions/controlled/README.md,NEWLY_AUTHORED,CC-BY-4.0,interventions,Future controlled benchmark interventions.
models/README.md,NEWLY_AUTHORED,CC-BY-4.0,models,"Model family, training, comparator, checkpoint, and publication policy."
models/checkpoint-manifests/README.md,NEWLY_AUTHORED,CC-BY-4.0,models,Checkpoint metadata and rights manifests; weights need separate clearance.
models/model-family-specs/README.md,NEWLY_AUTHORED,CC-BY-4.0,models,Typed model-family authority lives in the Python package.
models/published/README.md,NEWLY_AUTHORED,CC-BY-4.0,models,Cleared published checkpoint metadata and download references.
models/reference-implementations/README.md,NEWLY_AUTHORED,CC-BY-4.0,models,"RES-275 public-native IID comparators and their dependency, split, and expert-continuity boundary."
models/training-protocols/README.md,NEWLY_AUTHORED,CC-BY-4.0,models,Typed PUBLIC_NATIVE training authority and artifact identities.
provenance/PUBLIC_FILE_ORIGINS.csv,GENERATED_PUBLIC_ARTIFACT,MIT,origin-ledger,One permitted provenance class and rights state per initial public file.
provenance/README.md,NEWLY_AUTHORED,CC-BY-4.0,provenance,Public file-origin and historical-source provenance policy.
pyproject.toml,NEWLY_AUTHORED,MIT,packaging,"Distribution metadata, build backend, Python baseline, runtime model dependencies, and dev tools."
results/README.md,NEWLY_AUTHORED,CC-BY-4.0,results,"Output status and generated/committed policy, including RES-275 target-wise comparator results."
results/audits/README.md,NEWLY_AUTHORED,CC-BY-4.0,results,RES-277 result-state policy and deterministic RES-278 output instructions.
results/audits/res278/audit-results.json,GENERATED_PUBLIC_ARTIFACT,MIT,Powerlifting State Research contributors,Versioned RES-278 six-state audit execution records and bound evidence references.
results/audits/res278/audit-results.manifest.json,GENERATED_PUBLIC_ARTIFACT,MIT,Powerlifting State Research contributors,Detached hashes and identities for the RES-278 bundle and audit realizations.
results/audits/res278/realizations/res278-observation-noise-perturbation-seed-278105/baseline.jsonl,GENERATED_PUBLIC_ARTIFACT,CC-BY-4.0,Powerlifting State Research contributors,Independent public-native baseline rows for RES-278 observation-noise diagnostics.
results/audits/res278/realizations/res278-observation-noise-perturbation-seed-278105/manifest.json,GENERATED_PUBLIC_ARTIFACT,CC-BY-4.0,Powerlifting State Research contributors,Independent audit DatasetRealization manifest for observation-noise diagnostics.
results/audits/res278/realizations/res278-observation-noise-perturbation-seed-278105/noise-replicate-1.jsonl,GENERATED_PUBLIC_ARTIFACT,CC-BY-4.0,Powerlifting State Research contributors,Fresh public-native observation draw for RES-278 observation-noise diagnostics.
results/audits/res278/realizations/res278-observation-noise-perturbation-seed-278105/noise-replicate-2.jsonl,GENERATED_PUBLIC_ARTIFACT,CC-BY-4.0,Powerlifting State Research contributors,Fresh public-native observation draw for RES-278 observation-noise diagnostics.
results/audits/res278/realizations/res278-observation-noise-perturbation-seed-278105/noise-replicate-3.jsonl,GENERATED_PUBLIC_ARTIFACT,CC-BY-4.0,Powerlifting State Research contributors,Fresh public-native observation draw for RES-278 observation-noise diagnostics.
results/audits/res278/realizations/res278-participant-input-leakage-seed-278101/baseline.jsonl,GENERATED_PUBLIC_ARTIFACT,CC-BY-4.0,Powerlifting State Research contributors,Independent public-native baseline rows for RES-278 participant-key diagnostics.
results/audits/res278/realizations/res278-participant-input-leakage-seed-278101/key-relabelled.jsonl,GENERATED_PUBLIC_ARTIFACT,CC-BY-4.0,Powerlifting State Research contributors,Copied public-native rows with deterministic participant-key relabeling.
results/audits/res278/realizations/res278-participant-input-leakage-seed-278101/manifest.json,GENERATED_PUBLIC_ARTIFACT,CC-BY-4.0,Powerlifting State Research contributors,Independent audit DatasetRealization manifest for participant-key diagnostics.
results/audits/res278/realizations/res278-target-identity-contamination-seed-278102/baseline.jsonl,GENERATED_PUBLIC_ARTIFACT,CC-BY-4.0,Powerlifting State Research contributors,Independent public-native baseline rows for RES-278 target-canary diagnostics.
results/audits/res278/realizations/res278-target-identity-contamination-seed-278102/manifest.json,GENERATED_PUBLIC_ARTIFACT,CC-BY-4.0,Powerlifting State Research contributors,Independent audit DatasetRealization manifest for target-canary diagnostics.
results/audits/res278/realizations/res278-target-identity-contamination-seed-278102/target-canary.jsonl,GENERATED_PUBLIC_ARTIFACT,CC-BY-4.0,Powerlifting State Research contributors,Copied public-native rows with a target-only canary intervention.
results/audits/res278/realizations/res278-temporal-history-disruption-seed-278103/baseline.jsonl,GENERATED_PUBLIC_ARTIFACT,CC-BY-4.0,Powerlifting State Research contributors,Independent public-native baseline rows for RES-278 history diagnostics.
results/audits/res278/realizations/res278-temporal-history-disruption-seed-278103/manifest.json,GENERATED_PUBLIC_ARTIFACT,CC-BY-4.0,Powerlifting State Research contributors,Independent audit DatasetRealization manifest for temporal-history diagnostics.
results/audits/res278/realizations/res278-temporal-history-disruption-seed-278103/reversed-history.jsonl,GENERATED_PUBLIC_ARTIFACT,CC-BY-4.0,Powerlifting State Research contributors,Copied public-native rows with history values reversed across fixed day slots.
results/audits/res278/realizations/res278-training-plan-counterfactual-sensitivity-seed-278104/baseline.jsonl,GENERATED_PUBLIC_ARTIFACT,CC-BY-4.0,Powerlifting State Research contributors,Independent public-native baseline rows for RES-278 supported-plan counterfactuals.
results/audits/res278/realizations/res278-training-plan-counterfactual-sensitivity-seed-278104/manifest.json,GENERATED_PUBLIC_ARTIFACT,CC-BY-4.0,Powerlifting State Research contributors,Independent audit DatasetRealization manifest for supported-plan counterfactuals.
results/audits/res278/realizations/res278-training-plan-counterfactual-sensitivity-seed-278104/supported-plan-counterfactual.jsonl,GENERATED_PUBLIC_ARTIFACT,CC-BY-4.0,Powerlifting State Research contributors,Supported-plan copies with native-world counterfactual targets regenerated.
results/benchmarks/class_normalized_cross_lift_five_target_performance_forecasting/README.md,NEWLY_AUTHORED,CC-BY-4.0,benchmark-result-home,Future prediction/evaluation/result manifest home for this formulation.
results/benchmarks/held_out_final_origin_five_target_performance_evaluation/README.md,NEWLY_AUTHORED,CC-BY-4.0,benchmark-result-home,Future prediction/evaluation/result manifest home for this formulation.
results/benchmarks/latent_origin_capacity_change_forecasting/README.md,NEWLY_AUTHORED,CC-BY-4.0,benchmark-result-home,Future prediction/evaluation/result manifest home for this formulation.
results/benchmarks/observed_origin_referenced_capacity_change_forecasting/README.md,NEWLY_AUTHORED,CC-BY-4.0,benchmark-result-home,Future prediction/evaluation/result manifest home for this formulation.
results/benchmarks/latent_capacity_change_with_transient_expression_forecasting/README.md,NEWLY_AUTHORED,CC-BY-4.0,benchmark-result-home,Future prediction/evaluation/result manifest home for this formulation.
results/benchmarks/performance_forecasting_under_schedule_exposure_reporting_heterogeneity/README.md,NEWLY_AUTHORED,CC-BY-4.0,benchmark-result-home,Future prediction/evaluation/result manifest home for this formulation.
results/benchmarks/seasonal_five_target_load_velocity_performance_forecasting/README.md,NEWLY_AUTHORED,CC-BY-4.0,benchmark-result-home,Future prediction/evaluation/result manifest home for this formulation.
results/benchmarks/four_target_load_velocity_and_competition_performance_forecasting/README.md,NEWLY_AUTHORED,CC-BY-4.0,benchmark-result-home,Future prediction/evaluation/result manifest home for this formulation.
results/evaluations/README.md,NEWLY_AUTHORED,CC-BY-4.0,results,Evaluation results and comparison boundaries.
results/figure-inputs/README.md,NEWLY_AUTHORED,CC-BY-4.0,results,Figure source tables and data inputs.
results/figures/README.md,NEWLY_AUTHORED,CC-BY-4.0,results,Generated figures and accessible source alternatives.
results/interventions/README.md,NEWLY_AUTHORED,CC-BY-4.0,results,Controlled intervention result bundles.
results/manifests/README.md,NEWLY_AUTHORED,CC-BY-4.0,results,Run/result manifests and checksums.
results/predictions/README.md,NEWLY_AUTHORED,CC-BY-4.0,results,"Prediction artifacts by benchmark, model, and run identity."
results/studies/README.md,NEWLY_AUTHORED,CC-BY-4.0,results,"Independent study outputs, including negative results."
results/studies/domain_faithfulness_and_reconstructability/README.md,NEWLY_AUTHORED,CC-BY-4.0,study-result-home,Distinct result/manifest home for this retrospective study.
results/studies/observation_inversion/README.md,NEWLY_AUTHORED,CC-BY-4.0,study-result-home,Distinct result/manifest home for this retrospective study.
results/studies/public_surrogate_reconstruction/README.md,NEWLY_AUTHORED,CC-BY-4.0,study-result-home,Distinct result/manifest home for this retrospective study.
results/studies/synthetic_pretraining_transfer/README.md,NEWLY_AUTHORED,CC-BY-4.0,study-result-home,Distinct result/manifest home for this retrospective study.
results/studies/target_sufficient_structural_reconstruction/README.md,NEWLY_AUTHORED,CC-BY-4.0,study-result-home,Distinct result/manifest home for this retrospective study.
results/tables/README.md,NEWLY_AUTHORED,CC-BY-4.0,results,Tables derived from identified result inputs.
schemas/README.md,NEWLY_AUTHORED,CC-BY-4.0,schema-policy,JSON Schemas for benchmark, evaluation, and RES-277 audit interchange generated from typed Python.
artifacts/schemas/audit-result.schema.json,GENERATED_PUBLIC_ARTIFACT,MIT,python-export,RES-277 execution/non-execution result structure generated from the typed AuditResult.
artifacts/schemas/audit-execution.schema.json,GENERATED_PUBLIC_ARTIFACT,MIT,python-export,RES-278 execution context and detached result identity generated from typed Python.
artifacts/schemas/audit-spec.schema.json,GENERATED_PUBLIC_ARTIFACT,MIT,python-export,RES-277 axis audit protocol structure generated from the typed AuditSpec.
artifacts/schemas/attack-spec.schema.json,GENERATED_PUBLIC_ARTIFACT,MIT,python-export,RES-277 versioned attack contract structure generated from the typed AttackSpec.
artifacts/schemas/evidence-artifact-reference.schema.json,GENERATED_PUBLIC_ARTIFACT,MIT,python-export,Hashed evidence references with rights metadata generated from typed Python.
artifacts/schemas/validity-axis.schema.json,GENERATED_PUBLIC_ARTIFACT,MIT,python-export,RES-277 validity axis structure generated from the typed ValidityAxis.
artifacts/schemas/version-validity-profile.schema.json,GENERATED_PUBLIC_ARTIFACT,MIT,python-export,RES-277 versioned profile structure generated from the typed VersionValidityProfile.
schemas/artifact-manifest.schema.json,GENERATED_PUBLIC_ARTIFACT,MIT,schema-export,Generated artifact/provenance manifest schema.
schemas/benchmark-spec.schema.json,GENERATED_PUBLIC_ARTIFACT,MIT,schema-export,Generated benchmark-spec interchange schema.
schemas/dataset-realization.schema.json,GENERATED_PUBLIC_ARTIFACT,MIT,schema-export,Generated dataset-realization manifest schema.
schemas/evaluation-result.schema.json,GENERATED_PUBLIC_ARTIFACT,MIT,schema-export,Generated evaluation-result schema.
schemas/prediction.schema.json,GENERATED_PUBLIC_ARTIFACT,MIT,schema-export,Generated prediction interchange schema.
scripts/README.md,NEWLY_AUTHORED,CC-BY-4.0,scripts,Small reproducibility and export tools; includes RES-275 and RES-278 commands.
scripts/check_repository_integrity.py,NEWLY_AUTHORED,MIT,repository-integrity,"Public registry, rights ledger, generated exports, safety, and RES-274/RES-275 evidence validation."
scripts/export_benchmark_registry.py,NEWLY_AUTHORED,MIT,registry-export,Exports the typed Python registry to its JSON destination.
scripts/verify_public_iid_production.py,NEWLY_AUTHORED,MIT,release-verification,Regenerates and verifies the full public-native IID realization.
src/powerlifting_state_research/__init__.py,NEWLY_AUTHORED,MIT,package,Typed package namespace/home; no benchmark mechanics at bootstrap.
src/powerlifting_state_research/artifacts/__init__.py,NEWLY_AUTHORED,MIT,package,Typed package namespace/home; no benchmark mechanics at bootstrap.
src/powerlifting_state_research/artifacts/hashes.py,NEWLY_AUTHORED,MIT,artifacts,Deterministic public artifact hashing.
src/powerlifting_state_research/artifacts/manifests.py,NEWLY_AUTHORED,MIT,artifacts,Artifact-manifest and export helpers.
src/powerlifting_state_research/audits/__init__.py,NEWLY_AUTHORED,MIT,audits,Public typed exports for validity axes; attack contracts; results; and profiles.
src/powerlifting_state_research/audits/profiles.py,NEWLY_AUTHORED,MIT,audits,Version-scoped evidence states using existing public-safe artifacts and explicit historical gaps.
src/powerlifting_state_research/audits/runner.py,NEWLY_AUTHORED,MIT,audits,Deterministic RES-278/RES-281 evidence reconciliation, native M4 diagnostics, metadata-only historical provenance audits, and execution records.
src/powerlifting_state_research/audits/specifications.py,NEWLY_AUTHORED,MIT,audits,"Typed RES-277 AuditSpec, ValidityAxis, AttackSpec, AuditResult, and VersionValidityProfile contracts."
src/powerlifting_state_research/benchmarks/__init__.py,NEWLY_AUTHORED,MIT,package,Typed package namespace/home; no benchmark mechanics at bootstrap.
src/powerlifting_state_research/benchmarks/class_normalized_cross_lift_five_target_performance_forecasting/README.md,PUBLIC_PROJECTION_OF_FROZEN_SPEC,CC-BY-4.0,research-card,Concise benchmark-specific research card.
src/powerlifting_state_research/benchmarks/class_normalized_cross_lift_five_target_performance_forecasting/__init__.py,NEWLY_AUTHORED,MIT,benchmark-package,Importable scientific package exposing its typed spec.
src/powerlifting_state_research/benchmarks/class_normalized_cross_lift_five_target_performance_forecasting/implementation.py,NEWLY_AUTHORED,MIT,implementation-home,PUBLIC_IMPLEMENTATION_PENDING marker; no mechanics.
src/powerlifting_state_research/benchmarks/class_normalized_cross_lift_five_target_performance_forecasting/provenance.py,PUBLIC_PROJECTION_OF_FROZEN_SPEC,MIT,provenance,Thin pointer to the centralized alias/provenance mapping.
src/powerlifting_state_research/benchmarks/class_normalized_cross_lift_five_target_performance_forecasting/research.py,PUBLIC_PROJECTION_OF_FROZEN_SPEC,MIT,research-metadata,"Canonical question, input boundary, result status, and claim scope."
src/powerlifting_state_research/benchmarks/class_normalized_cross_lift_five_target_performance_forecasting/spec.py,PUBLIC_PROJECTION_OF_FROZEN_SPEC,MIT,benchmark-spec,Typed benchmark descriptor and shared component keys.
src/powerlifting_state_research/benchmarks/held_out_final_origin_five_target_performance_evaluation/README.md,PUBLIC_PROJECTION_OF_FROZEN_SPEC,CC-BY-4.0,research-card,Concise benchmark-specific research card.
src/powerlifting_state_research/benchmarks/held_out_final_origin_five_target_performance_evaluation/__init__.py,NEWLY_AUTHORED,MIT,benchmark-package,Importable scientific package exposing its typed spec.
src/powerlifting_state_research/benchmarks/held_out_final_origin_five_target_performance_evaluation/implementation.py,NEWLY_AUTHORED,MIT,implementation-home,PUBLIC_IMPLEMENTATION_PENDING marker; no mechanics.
src/powerlifting_state_research/benchmarks/held_out_final_origin_five_target_performance_evaluation/provenance.py,PUBLIC_PROJECTION_OF_FROZEN_SPEC,MIT,provenance,Thin pointer to the centralized alias/provenance mapping.
src/powerlifting_state_research/benchmarks/held_out_final_origin_five_target_performance_evaluation/research.py,PUBLIC_PROJECTION_OF_FROZEN_SPEC,MIT,research-metadata,"Canonical question, input boundary, result status, and claim scope."
src/powerlifting_state_research/benchmarks/held_out_final_origin_five_target_performance_evaluation/spec.py,PUBLIC_PROJECTION_OF_FROZEN_SPEC,MIT,benchmark-spec,Typed benchmark descriptor and shared component keys.
src/powerlifting_state_research/benchmarks/latent_origin_capacity_change_forecasting/README.md,PUBLIC_PROJECTION_OF_FROZEN_SPEC,CC-BY-4.0,research-card,Concise benchmark-specific research card.
src/powerlifting_state_research/benchmarks/latent_origin_capacity_change_forecasting/__init__.py,NEWLY_AUTHORED,MIT,benchmark-package,Importable scientific package exposing its typed spec.
src/powerlifting_state_research/benchmarks/latent_origin_capacity_change_forecasting/implementation.py,NEWLY_AUTHORED,MIT,implementation-home,PUBLIC_IMPLEMENTATION_PENDING marker; no mechanics.
src/powerlifting_state_research/benchmarks/latent_origin_capacity_change_forecasting/provenance.py,PUBLIC_PROJECTION_OF_FROZEN_SPEC,MIT,provenance,Thin pointer to the centralized alias/provenance mapping.
src/powerlifting_state_research/benchmarks/latent_origin_capacity_change_forecasting/research.py,PUBLIC_PROJECTION_OF_FROZEN_SPEC,MIT,research-metadata,"Canonical question, input boundary, result status, and claim scope."
src/powerlifting_state_research/benchmarks/latent_origin_capacity_change_forecasting/spec.py,PUBLIC_PROJECTION_OF_FROZEN_SPEC,MIT,benchmark-spec,Typed benchmark descriptor and shared component keys.
src/powerlifting_state_research/benchmarks/observed_origin_referenced_capacity_change_forecasting/README.md,PUBLIC_PROJECTION_OF_FROZEN_SPEC,CC-BY-4.0,research-card,Concise benchmark-specific research card.
src/powerlifting_state_research/benchmarks/observed_origin_referenced_capacity_change_forecasting/__init__.py,NEWLY_AUTHORED,MIT,benchmark-package,Importable scientific package exposing its typed spec.
src/powerlifting_state_research/benchmarks/observed_origin_referenced_capacity_change_forecasting/implementation.py,NEWLY_AUTHORED,MIT,implementation-home,PUBLIC_IMPLEMENTATION_PENDING marker; no mechanics.
src/powerlifting_state_research/benchmarks/observed_origin_referenced_capacity_change_forecasting/provenance.py,PUBLIC_PROJECTION_OF_FROZEN_SPEC,MIT,provenance,Thin pointer to the centralized alias/provenance mapping.
src/powerlifting_state_research/benchmarks/observed_origin_referenced_capacity_change_forecasting/research.py,PUBLIC_PROJECTION_OF_FROZEN_SPEC,MIT,research-metadata,"Canonical question, input boundary, result status, and claim scope."
src/powerlifting_state_research/benchmarks/observed_origin_referenced_capacity_change_forecasting/spec.py,PUBLIC_PROJECTION_OF_FROZEN_SPEC,MIT,benchmark-spec,Typed benchmark descriptor and shared component keys.
src/powerlifting_state_research/benchmarks/latent_capacity_change_with_transient_expression_forecasting/README.md,PUBLIC_PROJECTION_OF_FROZEN_SPEC,CC-BY-4.0,research-card,Concise benchmark-specific research card.
src/powerlifting_state_research/benchmarks/latent_capacity_change_with_transient_expression_forecasting/__init__.py,NEWLY_AUTHORED,MIT,benchmark-package,Importable scientific package exposing its typed spec.
src/powerlifting_state_research/benchmarks/latent_capacity_change_with_transient_expression_forecasting/implementation.py,NEWLY_AUTHORED,MIT,implementation-home,Public implementation status and deterministic generation command.
src/powerlifting_state_research/benchmarks/latent_capacity_change_with_transient_expression_forecasting/__main__.py,NEWLY_AUTHORED,MIT,implementation-cli,Package command for regenerating public train and validation data.
src/powerlifting_state_research/benchmarks/latent_capacity_change_with_transient_expression_forecasting/dataset.py,NEWLY_AUTHORED,MIT,dataset-generator,Public row construction; leakage validation; deterministic serialization; realization manifest.
src/powerlifting_state_research/benchmarks/latent_capacity_change_with_transient_expression_forecasting/dynamics.py,NEWLY_AUTHORED,MIT,world-mechanics,Bounded stimulus and lift-specific latent-state transitions.
src/powerlifting_state_research/benchmarks/latent_capacity_change_with_transient_expression_forecasting/interventions.py,NEWLY_AUTHORED,MIT,benchmark-interventions,Seeded per-lift session and declared-plan construction.
src/powerlifting_state_research/benchmarks/latent_capacity_change_with_transient_expression_forecasting/observations.py,NEWLY_AUTHORED,MIT,observation-model,Seeded noise over transiently expressed performance history.
src/powerlifting_state_research/benchmarks/latent_capacity_change_with_transient_expression_forecasting/population.py,NEWLY_AUTHORED,MIT,population-construction,Seeded synthetic athlete and lift parameter sampling.
src/powerlifting_state_research/benchmarks/latent_capacity_change_with_transient_expression_forecasting/provenance.py,PUBLIC_PROJECTION_OF_FROZEN_SPEC,MIT,provenance,Thin pointer to the centralized alias/provenance mapping.
src/powerlifting_state_research/benchmarks/latent_capacity_change_with_transient_expression_forecasting/research.py,PUBLIC_PROJECTION_OF_FROZEN_SPEC,MIT,research-metadata,"Canonical question, input boundary, result status, and claim scope."
src/powerlifting_state_research/benchmarks/latent_capacity_change_with_transient_expression_forecasting/public_native_research.py,NEWLY_AUTHORED,MIT,research-metadata,Independent PUBLIC_NATIVE objective and provenance distinct from the historical projection.
src/powerlifting_state_research/benchmarks/latent_capacity_change_with_transient_expression_forecasting/spec.py,PUBLIC_PROJECTION_OF_FROZEN_SPEC,MIT,benchmark-spec,Typed benchmark descriptor and shared component keys.
src/powerlifting_state_research/benchmarks/performance_forecasting_under_schedule_exposure_reporting_heterogeneity/README.md,PUBLIC_PROJECTION_OF_FROZEN_SPEC,CC-BY-4.0,research-card,Concise benchmark-specific research card.
src/powerlifting_state_research/benchmarks/performance_forecasting_under_schedule_exposure_reporting_heterogeneity/__init__.py,NEWLY_AUTHORED,MIT,benchmark-package,Importable scientific package exposing its typed spec.
src/powerlifting_state_research/benchmarks/performance_forecasting_under_schedule_exposure_reporting_heterogeneity/implementation.py,NEWLY_AUTHORED,MIT,implementation-home,PUBLIC_IMPLEMENTATION_PENDING marker; no mechanics.
src/powerlifting_state_research/benchmarks/performance_forecasting_under_schedule_exposure_reporting_heterogeneity/provenance.py,PUBLIC_PROJECTION_OF_FROZEN_SPEC,MIT,provenance,Thin pointer to the centralized alias/provenance mapping.
src/powerlifting_state_research/benchmarks/performance_forecasting_under_schedule_exposure_reporting_heterogeneity/research.py,PUBLIC_PROJECTION_OF_FROZEN_SPEC,MIT,research-metadata,"Canonical question, input boundary, result status, and claim scope."
src/powerlifting_state_research/benchmarks/performance_forecasting_under_schedule_exposure_reporting_heterogeneity/spec.py,PUBLIC_PROJECTION_OF_FROZEN_SPEC,MIT,benchmark-spec,Typed benchmark descriptor and shared component keys.
src/powerlifting_state_research/benchmarks/seasonal_five_target_load_velocity_performance_forecasting/README.md,PUBLIC_PROJECTION_OF_FROZEN_SPEC,CC-BY-4.0,research-card,Concise benchmark-specific research card.
src/powerlifting_state_research/benchmarks/seasonal_five_target_load_velocity_performance_forecasting/__init__.py,NEWLY_AUTHORED,MIT,benchmark-package,Importable scientific package exposing its typed spec.
src/powerlifting_state_research/benchmarks/seasonal_five_target_load_velocity_performance_forecasting/implementation.py,NEWLY_AUTHORED,MIT,implementation-home,PUBLIC_IMPLEMENTATION_PENDING marker; no mechanics.
src/powerlifting_state_research/benchmarks/seasonal_five_target_load_velocity_performance_forecasting/provenance.py,PUBLIC_PROJECTION_OF_FROZEN_SPEC,MIT,provenance,Thin pointer to the centralized alias/provenance mapping.
src/powerlifting_state_research/benchmarks/seasonal_five_target_load_velocity_performance_forecasting/research.py,PUBLIC_PROJECTION_OF_FROZEN_SPEC,MIT,research-metadata,"Canonical question, input boundary, result status, and claim scope."
src/powerlifting_state_research/benchmarks/seasonal_five_target_load_velocity_performance_forecasting/spec.py,PUBLIC_PROJECTION_OF_FROZEN_SPEC,MIT,benchmark-spec,Typed benchmark descriptor and shared component keys.
src/powerlifting_state_research/benchmarks/four_target_load_velocity_and_competition_performance_forecasting/README.md,PUBLIC_PROJECTION_OF_FROZEN_SPEC,CC-BY-4.0,research-card,Concise benchmark-specific research card.
src/powerlifting_state_research/benchmarks/four_target_load_velocity_and_competition_performance_forecasting/__init__.py,NEWLY_AUTHORED,MIT,benchmark-package,Importable scientific package exposing its typed spec.
src/powerlifting_state_research/benchmarks/four_target_load_velocity_and_competition_performance_forecasting/implementation.py,NEWLY_AUTHORED,MIT,implementation-home,PUBLIC_IMPLEMENTATION_PENDING marker; no mechanics.
src/powerlifting_state_research/benchmarks/four_target_load_velocity_and_competition_performance_forecasting/provenance.py,PUBLIC_PROJECTION_OF_FROZEN_SPEC,MIT,provenance,Thin pointer to the centralized alias/provenance mapping.
src/powerlifting_state_research/benchmarks/four_target_load_velocity_and_competition_performance_forecasting/research.py,PUBLIC_PROJECTION_OF_FROZEN_SPEC,MIT,research-metadata,"Canonical question, input boundary, result status, and claim scope."
src/powerlifting_state_research/benchmarks/four_target_load_velocity_and_competition_performance_forecasting/spec.py,PUBLIC_PROJECTION_OF_FROZEN_SPEC,MIT,benchmark-spec,Typed benchmark descriptor and shared component keys.
src/powerlifting_state_research/components/__init__.py,NEWLY_AUTHORED,MIT,package,Typed package namespace/home; no benchmark mechanics at bootstrap.
src/powerlifting_state_research/components/datasets.py,PUBLIC_PROJECTION_OF_FROZEN_SPEC,MIT,shared-components,Dataset spec/realization reference homes.
src/powerlifting_state_research/components/evaluations.py,PUBLIC_PROJECTION_OF_FROZEN_SPEC,MIT,shared-components,Shared evaluation references.
src/powerlifting_state_research/components/interventions.py,PUBLIC_PROJECTION_OF_FROZEN_SPEC,MIT,shared-components,Intervention regime reference homes.
src/powerlifting_state_research/components/metrics.py,PUBLIC_PROJECTION_OF_FROZEN_SPEC,MIT,shared-components,Canonical metric homes.
src/powerlifting_state_research/components/observation_models.py,PUBLIC_PROJECTION_OF_FROZEN_SPEC,MIT,shared-components,Shared observation-model reference homes.
src/powerlifting_state_research/components/populations.py,PUBLIC_PROJECTION_OF_FROZEN_SPEC,MIT,shared-components,Population reference homes and unresolved-ID status.
src/powerlifting_state_research/components/qois.py,PUBLIC_PROJECTION_OF_FROZEN_SPEC,MIT,shared-components,Shared QOI references.
src/powerlifting_state_research/components/representations.py,PUBLIC_PROJECTION_OF_FROZEN_SPEC,MIT,shared-components,Shared representation references.
src/powerlifting_state_research/components/shifts.py,PUBLIC_PROJECTION_OF_FROZEN_SPEC,MIT,shared-components,Source/target shift reference homes.
src/powerlifting_state_research/components/source_identity_provenance.py,PUBLIC_PROJECTION_OF_FROZEN_SPEC,MIT,provenance,Historical component identity strings are provenance only.
src/powerlifting_state_research/components/tasks.py,PUBLIC_PROJECTION_OF_FROZEN_SPEC,MIT,shared-components,Shared task references.
src/powerlifting_state_research/components/worlds.py,PUBLIC_PROJECTION_OF_FROZEN_SPEC,MIT,shared-components,Six canonical shared WORLD references.
src/powerlifting_state_research/contracts/__init__.py,NEWLY_AUTHORED,MIT,package,Typed package namespace/home; no benchmark mechanics at bootstrap.
src/powerlifting_state_research/contracts/benchmark.py,NEWLY_AUTHORED,MIT,contracts,Minimal typed benchmark descriptor needed by the initial registry.
src/powerlifting_state_research/contracts/components.py,NEWLY_AUTHORED,MIT,contracts,"Typed component-reference/composition records, not scientific mechanics."
src/powerlifting_state_research/evaluation/__init__.py,NEWLY_AUTHORED,MIT,package,Typed package namespace/home; no benchmark mechanics at bootstrap.
src/powerlifting_state_research/evaluation/metrics.py,NEWLY_AUTHORED,MIT,package,Typed package namespace/home; no benchmark mechanics at bootstrap.
src/powerlifting_state_research/evaluation/protocols.py,NEWLY_AUTHORED,MIT,package,Typed package namespace/home; no benchmark mechanics at bootstrap.
src/powerlifting_state_research/interventions/__init__.py,NEWLY_AUTHORED,MIT,package,Typed package namespace/home; no benchmark mechanics at bootstrap.
src/powerlifting_state_research/interventions/designs.py,NEWLY_AUTHORED,MIT,interventions,Typed controlled contrasts with changed/held-fixed axes.
src/powerlifting_state_research/models/__init__.py,NEWLY_AUTHORED,MIT,package,Typed package namespace/home; no benchmark mechanics at bootstrap.
src/powerlifting_state_research/models/families.py,NEWLY_AUTHORED,MIT,models,Public model-family identity declarations.
src/powerlifting_state_research/models/references.py,NEWLY_AUTHORED,MIT,models,Lightweight public reference-comparator implementation home.
src/powerlifting_state_research/models/training.py,NEWLY_AUTHORED,MIT,models,Typed training configuration and frozen RES-274/RES-275 protocol authority.
src/powerlifting_state_research/models/temporal_expert.py,NEWLY_AUTHORED,MIT,model-implementation,"Clean-room PUBLIC_NATIVE temporal model, typed input, preprocessing, normalization, and inference."
src/powerlifting_state_research/provenance/__init__.py,NEWLY_AUTHORED,MIT,package,Typed package namespace/home; no benchmark mechanics at bootstrap.
src/powerlifting_state_research/provenance/historical_sources.py,PUBLIC_PROJECTION_OF_FROZEN_SPEC,MIT,provenance,"Central historical aliases, parentage, and evidence pointers."
src/powerlifting_state_research/py.typed,NEWLY_AUTHORED,MIT,package,Marks the distribution as typed.
src/powerlifting_state_research/registry.py,NEWLY_AUTHORED,MIT,benchmark-registry,Explicit map of the eight scientific packages.
src/powerlifting_state_research/studies/__init__.py,NEWLY_AUTHORED,MIT,package,Typed package namespace/home; no benchmark mechanics at bootstrap.
src/powerlifting_state_research/studies/registry.py,NEWLY_AUTHORED,MIT,studies,Study identities and audit cross-references.
studies/README.md,NEWLY_AUTHORED,CC-BY-4.0,studies,Studies are independent of benchmark identity.
studies/domain_faithfulness_and_reconstructability/README.md,NEWLY_AUTHORED,CC-BY-4.0,study-home,Domain faithfulness and reconstructability; retrospective study.
studies/observation_inversion/README.md,NEWLY_AUTHORED,CC-BY-4.0,study-home,Observation inversion and latent-state observability; retrospective study.
studies/public_surrogate_reconstruction/README.md,NEWLY_AUTHORED,CC-BY-4.0,study-home,Public-surrogate reconstruction; retrospective study.
studies/synthetic_pretraining_transfer/README.md,NEWLY_AUTHORED,CC-BY-4.0,study-home,Synthetic-pretraining transfer; retrospective study.
studies/target_sufficient_structural_reconstruction/README.md,NEWLY_AUTHORED,CC-BY-4.0,study-home,Target-sufficient structural reconstruction; retrospective study.
tests/benchmarks/class_normalized_cross_lift_five_target_performance_forecasting/test_spec.py,NEWLY_AUTHORED,MIT,benchmark-tests,Benchmark-specific descriptor/status/naming smoke check.
tests/benchmarks/held_out_final_origin_five_target_performance_evaluation/test_spec.py,NEWLY_AUTHORED,MIT,benchmark-tests,Benchmark-specific descriptor/status/naming smoke check.
tests/benchmarks/latent_origin_capacity_change_forecasting/test_spec.py,NEWLY_AUTHORED,MIT,benchmark-tests,Benchmark-specific descriptor/status/naming smoke check.
tests/benchmarks/observed_origin_referenced_capacity_change_forecasting/test_spec.py,NEWLY_AUTHORED,MIT,benchmark-tests,Benchmark-specific descriptor/status/naming smoke check.
tests/benchmarks/latent_capacity_change_with_transient_expression_forecasting/test_implementation.py,NEWLY_AUTHORED,MIT,benchmark-tests,Mechanics; determinism; population; plan; observation; leakage; and row tests.
tests/benchmarks/latent_capacity_change_with_transient_expression_forecasting/test_spec.py,NEWLY_AUTHORED,MIT,benchmark-tests,Benchmark-specific descriptor/status/naming smoke check.
tests/benchmarks/iid_latent_capacity_change_with_transient_expression_forecasting/test_full_production.py,NEWLY_AUTHORED,MIT,benchmark-tests,Opt-in full production repeatability and manifest check.
tests/benchmarks/iid_latent_capacity_change_with_transient_expression_forecasting/test_spec.py,NEWLY_AUTHORED,MIT,benchmark-tests,Public-native identity and historical distinction regression.
tests/benchmarks/performance_forecasting_under_schedule_exposure_reporting_heterogeneity/test_spec.py,NEWLY_AUTHORED,MIT,benchmark-tests,Benchmark-specific descriptor/status/naming smoke check.
tests/benchmarks/seasonal_five_target_load_velocity_performance_forecasting/test_spec.py,NEWLY_AUTHORED,MIT,benchmark-tests,Benchmark-specific descriptor/status/naming smoke check.
tests/benchmarks/four_target_load_velocity_and_competition_performance_forecasting/test_spec.py,NEWLY_AUTHORED,MIT,benchmark-tests,Benchmark-specific descriptor/status/naming smoke check.
tests/audits/test_contracts.py,NEWLY_AUTHORED,MIT,audit-tests,RES-277 axis/attack applicability; profile identities; status; and provenance contract checks.
tests/audits/test_runner.py,NEWLY_AUTHORED,MIT,audit-tests,RES-278/RES-281 identity binding, six-state consistency, rights, historical metadata-only scope, immutable artifact, and replay checks.
tests/fixtures/README.md,NEWLY_AUTHORED,CC-BY-4.0,tests,Small repository-authored deterministic fixtures only.
tests/models/test_temporal_expert.py,NEWLY_AUTHORED,MIT,model-tests,Public model input firewall; preprocessing; inference; identity; and ensemble checks.
tests/test_component_homes.py,NEWLY_AUTHORED,MIT,tests,Required shared scientific module homes.
tests/test_public_file_origins.py,NEWLY_AUTHORED,MIT,tests,Origin/rights ledger coverage.
tests/test_registry.py,NEWLY_AUTHORED,MIT,tests,"Eight package imports, public names, and registry count smoke test."
tests/test_shared_component_reuse.py,NEWLY_AUTHORED,MIT,tests,Shared-world reuse and distinct target semantics.
uv.lock,GENERATED_PUBLIC_ARTIFACT,MIT,packaging,Locked runtime and development dependencies generated from pyproject.toml.
artifacts/schemas/artifact-manifest.schema.json,GENERATED_PUBLIC_ARTIFACT,MIT,python-export,JSON Schema generated from the Python artifact manifest record.
artifacts/schemas/benchmark-semantic-identity.schema.json,GENERATED_PUBLIC_ARTIFACT,MIT,python-export,JSON Schema generated from the Python benchmark identity record.
artifacts/schemas/benchmark-spec.schema.json,GENERATED_PUBLIC_ARTIFACT,MIT,python-export,JSON Schema generated from the Python benchmark registry records.
artifacts/schemas/component-identity.schema.json,GENERATED_PUBLIC_ARTIFACT,MIT,python-export,JSON Schema generated from the Python component identity record.
artifacts/schemas/dataset-realization-manifest.schema.json,GENERATED_PUBLIC_ARTIFACT,MIT,python-export,JSON Schema generated from the Python dataset realization contract.
artifacts/schemas/evaluation-result.schema.json,GENERATED_PUBLIC_ARTIFACT,MIT,python-export,JSON Schema generated from the Python evaluation result record.
artifacts/schemas/prediction-contract.schema.json,GENERATED_PUBLIC_ARTIFACT,MIT,python-export,JSON Schema generated from the Python prediction contract.
artifacts/schemas/rights-metadata.schema.json,GENERATED_PUBLIC_ARTIFACT,MIT,python-export,JSON Schema generated from the Python rights metadata record.
artifacts/schemas/shift-declaration.schema.json,GENERATED_PUBLIC_ARTIFACT,MIT,python-export,JSON Schema generated from the Python shift declaration.
docs/provenance/scientific-naming-decisions.md,PUBLIC_PROJECTION_OF_FROZEN_SPEC,CC-BY-4.0,public-documentation,Scientific name audit and provenance alias map.
src/powerlifting_state_research/contracts/comparability.py,NEWLY_AUTHORED,MIT,research-core,Direct and property-only benchmark comparison predicates.
src/powerlifting_state_research/contracts/datasets.py,NEWLY_AUTHORED,MIT,research-core,Immutable dataset realization identity and provenance contract.
src/powerlifting_state_research/contracts/prediction.py,NEWLY_AUTHORED,MIT,research-core,Prediction contract and causal information-boundary validation.
src/powerlifting_state_research/contracts/serialization.py,NEWLY_AUTHORED,MIT,research-core,Canonical JSON serialization for identities and content hashes.
src/powerlifting_state_research/contracts/shifts.py,NEWLY_AUTHORED,MIT,research-core,Typed source-to-target shift declarations.
src/powerlifting_state_research/exports.py,NEWLY_AUTHORED,MIT,research-core,"Deterministic benchmark and RES-277 audit registry/schema exporter with drift check."
tests/test_neutral_contracts.py,NEWLY_AUTHORED,MIT,research-core-tests,"Focused identity, firewall, metric, comparability, shift, and export checks."
artifacts/schemas/prediction-artifact-reference.schema.json,GENERATED_PUBLIC_ARTIFACT,MIT,python-export,JSON Schema generated from the typed prediction artifact identity record.
artifacts/schemas/public-forecast-row.schema.json,GENERATED_PUBLIC_ARTIFACT,MIT,python-export,JSON Schema generated from the authoritative Python PublicForecastRow type.
artifacts/schemas/iid-latent-capacity-change-prediction-row.schema.json,GENERATED_PUBLIC_ARTIFACT,MIT,python-export,JSON Schema generated from the typed public-native PredictionRow.
docs/benchmarks/iid-latent-capacity-change-public-native-evaluation.md,PUBLIC_PROJECTION_OF_FROZEN_SPEC,CC-BY-4.0,public-documentation,"Public-native evaluation identity, prediction contract, metric protocol, result identity, and evaluator workflow."
src/powerlifting_state_research/benchmarks/latent_capacity_change_with_transient_expression_forecasting/evaluate.py,NEWLY_AUTHORED,MIT,public-evaluator,"Strict validation binding, keyed prediction alignment, target-wise metrics, and EvaluationResult CLI."
src/powerlifting_state_research/evaluation/identity.py,NEWLY_AUTHORED,MIT,component-identity,"Public-native RMSE, MAE, R-squared, SRE(ddof=0), and evaluation identities."
src/powerlifting_state_research/evaluation/prediction.py,NEWLY_AUTHORED,MIT,prediction-artifact,Typed strict prediction JSONL rows and deterministic serialization.
tests/benchmarks/iid_latent_capacity_change_with_transient_expression_forecasting/test_evaluation.py,NEWLY_AUTHORED,MIT,evaluation-tests,"Metric, alignment, firewall, binding, determinism, and small end-to-end evaluator tests."
src/powerlifting_state_research/benchmarks/latent_capacity_change_with_transient_expression_forecasting/alignment.py,NEWLY_AUTHORED,MIT,public-evaluator,Keyed prediction alignment and canonical target-wise metric calculation.
src/powerlifting_state_research/benchmarks/latent_capacity_change_with_transient_expression_forecasting/prediction.py,NEWLY_AUTHORED,MIT,prediction-contract,Concrete IID prediction-time boundary and target output contract.
artifacts/training-protocols/public-native-temporal-expert.json,GENERATED_PUBLIC_ARTIFACT,MIT,training-protocol,Machine-readable manifest generated from the typed frozen PUBLIC_NATIVE training protocol.
notebooks/public-native-temporal-expert-colab.ipynb,NEWLY_AUTHORED,MIT,colab-driver,Output-free Colab GPU execution driver bound to an exact CODE_SHA.
scripts/build_res274_colab_notebook.py,NEWLY_AUTHORED,MIT,notebook-build,Build/check the RES-274 Colab notebook from its 16-cell execution source.
scripts/export_public_native_training_protocol.py,NEWLY_AUTHORED,MIT,training-protocol-export,Export/check the manifest for the typed PUBLIC_NATIVE training authority.
scripts/validate_res274_colab_notebook.py,NEWLY_AUTHORED,MIT,notebook-validation,Check notebook structure; commands; cell state; and public-safe contents.
src/powerlifting_state_research/models/train_temporal_expert.py,NEWLY_AUTHORED,MIT,training-runner,Frozen PUBLIC_NATIVE training; checkpoint sealing; evaluation; receipts; and bundle verification.
src/powerlifting_state_research/models/comparators.py,NEWLY_AUTHORED,MIT,model-comparators,RES-275 fixed comparator models; training; validation-isolated evaluation; and artifact identities.
tests/models/test_training_protocol.py,NEWLY_AUTHORED,MIT,model-tests,RES-274 training protocol identity and deterministic support-preserving split checks.
tests/test_res274_colab_notebook.py,NEWLY_AUTHORED,MIT,tests,Notebook generation and structural safety test.
models/checkpoint-manifests/public-native-temporal-expert/checkpoint-publication.json,GENERATED_PUBLIC_ARTIFACT,MIT,Powerlifting State Research contributors,Verified public-safe checkpoint and fitted-instance metadata; no weight bytes are tracked.
models/checkpoint-manifests/public-native-temporal-expert/ensemble-manifest.json,GENERATED_PUBLIC_ARTIFACT,MIT,Powerlifting State Research contributors,Verified public-safe checkpoint and fitted-instance metadata; no weight bytes are tracked.
models/checkpoint-manifests/public-native-temporal-expert/seed-383001.checkpoint-manifest.json,GENERATED_PUBLIC_ARTIFACT,MIT,Powerlifting State Research contributors,Verified public-safe checkpoint and fitted-instance metadata; no weight bytes are tracked.
models/checkpoint-manifests/public-native-temporal-expert/seed-383001.fitted-instance.json,GENERATED_PUBLIC_ARTIFACT,MIT,Powerlifting State Research contributors,Verified public-safe checkpoint and fitted-instance metadata; no weight bytes are tracked.
models/checkpoint-manifests/public-native-temporal-expert/seed-383002.checkpoint-manifest.json,GENERATED_PUBLIC_ARTIFACT,MIT,Powerlifting State Research contributors,Verified public-safe checkpoint and fitted-instance metadata; no weight bytes are tracked.
models/checkpoint-manifests/public-native-temporal-expert/seed-383002.fitted-instance.json,GENERATED_PUBLIC_ARTIFACT,MIT,Powerlifting State Research contributors,Verified public-safe checkpoint and fitted-instance metadata; no weight bytes are tracked.
models/checkpoint-manifests/public-native-temporal-expert/seed-383003.checkpoint-manifest.json,GENERATED_PUBLIC_ARTIFACT,MIT,Powerlifting State Research contributors,Verified public-safe checkpoint and fitted-instance metadata; no weight bytes are tracked.
models/checkpoint-manifests/public-native-temporal-expert/seed-383003.fitted-instance.json,GENERATED_PUBLIC_ARTIFACT,MIT,Powerlifting State Research contributors,Verified public-safe checkpoint and fitted-instance metadata; no weight bytes are tracked.
results/benchmarks/iid_latent_capacity_change_with_transient_expression_forecasting/public-native-temporal-expert/ensemble.evaluation-result.json,GENERATED_PUBLIC_ARTIFACT,MIT,Powerlifting State Research contributors,Byte-identical PUBLIC_NATIVE IID prediction or EvaluationResult from the verified run.
results/benchmarks/iid_latent_capacity_change_with_transient_expression_forecasting/public-native-temporal-expert/ensemble.predictions.jsonl,GENERATED_PUBLIC_ARTIFACT,MIT,Powerlifting State Research contributors,Byte-identical PUBLIC_NATIVE IID prediction or EvaluationResult from the verified run.
results/benchmarks/iid_latent_capacity_change_with_transient_expression_forecasting/public-native-temporal-expert/seed-383001.evaluation-result.json,GENERATED_PUBLIC_ARTIFACT,MIT,Powerlifting State Research contributors,Byte-identical PUBLIC_NATIVE IID prediction or EvaluationResult from the verified run.
results/benchmarks/iid_latent_capacity_change_with_transient_expression_forecasting/public-native-temporal-expert/seed-383001.predictions.jsonl,GENERATED_PUBLIC_ARTIFACT,MIT,Powerlifting State Research contributors,Byte-identical PUBLIC_NATIVE IID prediction or EvaluationResult from the verified run.
results/benchmarks/iid_latent_capacity_change_with_transient_expression_forecasting/public-native-temporal-expert/seed-383002.evaluation-result.json,GENERATED_PUBLIC_ARTIFACT,MIT,Powerlifting State Research contributors,Byte-identical PUBLIC_NATIVE IID prediction or EvaluationResult from the verified run.
results/benchmarks/iid_latent_capacity_change_with_transient_expression_forecasting/public-native-temporal-expert/seed-383002.predictions.jsonl,GENERATED_PUBLIC_ARTIFACT,MIT,Powerlifting State Research contributors,Byte-identical PUBLIC_NATIVE IID prediction or EvaluationResult from the verified run.
results/benchmarks/iid_latent_capacity_change_with_transient_expression_forecasting/public-native-temporal-expert/seed-383003.evaluation-result.json,GENERATED_PUBLIC_ARTIFACT,MIT,Powerlifting State Research contributors,Byte-identical PUBLIC_NATIVE IID prediction or EvaluationResult from the verified run.
results/benchmarks/iid_latent_capacity_change_with_transient_expression_forecasting/public-native-temporal-expert/seed-383003.predictions.jsonl,GENERATED_PUBLIC_ARTIFACT,MIT,Powerlifting State Research contributors,Byte-identical PUBLIC_NATIVE IID prediction or EvaluationResult from the verified run.
results/manifests/public-native-temporal-expert-checksums.json,GENERATED_PUBLIC_ARTIFACT,MIT,Powerlifting State Research contributors,Checksums binding copied results and checkpoint metadata to the verified source inventory and run manifest.
results/manifests/public-native-temporal-expert-source-inventory.json,GENERATED_PUBLIC_ARTIFACT,MIT,Powerlifting State Research contributors,Exact Gate-B final SHA-256 inventory copied from the verified bundle for Drive-independent CI checks.
results/manifests/public-native-temporal-expert-verification-receipt.json,GENERATED_PUBLIC_ARTIFACT,MIT,Powerlifting State Research contributors,Exact PASS receipt copied from the independent Gate-B verifier.
results/manifests/public-native-temporal-expert.json,GENERATED_PUBLIC_ARTIFACT,MIT,Powerlifting State Research contributors,"Public-safe manifest binding Gate-C scientific identities, runtime, validation isolation, and results."
results/benchmarks/iid_latent_capacity_change_with_transient_expression_forecasting/public-native-temporal-expert/README.md,NEWLY_AUTHORED,CC-BY-4.0,Powerlifting State Research contributors,"Discovery index for the verified PUBLIC_NATIVE IID predictions, EvaluationResults, manifests, and checkpoint metadata."
tests/test_gate_c_ingested_evidence.py,NEWLY_AUTHORED,MIT,Powerlifting State Research contributors,Repository-integrity regression for immutable RES-274 evidence and RES-275 comparator artifacts.
artifacts/training-protocols/public-native-comparator-suite.json,GENERATED_PUBLIC_ARTIFACT,MIT,training-protocol,Versioned RES-275 training and evaluation protocol exported from typed Python authority before comparator fitting.
scripts/export_standardized_comparator_protocol.py,NEWLY_AUTHORED,MIT,training-protocol-export,Export/check the typed RES-275 comparator protocol manifest.
tests/models/test_res275_comparator_protocol.py,NEWLY_AUTHORED,MIT,model-tests,Frozen RES-275 protocol identity and generated-manifest checks.
tests/models/test_res275_standardized_comparators.py,NEWLY_AUTHORED,MIT,model-tests,RES-275 participant-visible feature firewall and compact comparator fit/prediction checks.
artifacts/registries/public-native-comparator-registry.json,GENERATED_PUBLIC_ARTIFACT,MIT,Powerlifting State Research contributors,Machine-readable registry of six NEW_STANDARDIZED_COMPARATOR methods and the immutable expert reference.
models/fitted-instances/public-native-comparator-suite/public-native-compact-neural/seed-383001.fitted-instance.json,GENERATED_PUBLIC_ARTIFACT,MIT,Powerlifting State Research contributors,Content-hashed public-native comparator fitted state; no private checkpoint bytes.
models/fitted-instances/public-native-comparator-suite/public-native-compact-neural/seed-383002.fitted-instance.json,GENERATED_PUBLIC_ARTIFACT,MIT,Powerlifting State Research contributors,Content-hashed public-native comparator fitted state; no private checkpoint bytes.
models/fitted-instances/public-native-comparator-suite/public-native-compact-neural/seed-383003.fitted-instance.json,GENERATED_PUBLIC_ARTIFACT,MIT,Powerlifting State Research contributors,Content-hashed public-native comparator fitted state; no private checkpoint bytes.
models/fitted-instances/public-native-comparator-suite/public-native-context-mean/seed-383001.fitted-instance.json,GENERATED_PUBLIC_ARTIFACT,MIT,Powerlifting State Research contributors,Content-hashed public-native comparator fitted state; no private checkpoint bytes.
models/fitted-instances/public-native-comparator-suite/public-native-context-mean/seed-383002.fitted-instance.json,GENERATED_PUBLIC_ARTIFACT,MIT,Powerlifting State Research contributors,Content-hashed public-native comparator fitted state; no private checkpoint bytes.
models/fitted-instances/public-native-comparator-suite/public-native-context-mean/seed-383003.fitted-instance.json,GENERATED_PUBLIC_ARTIFACT,MIT,Powerlifting State Research contributors,Content-hashed public-native comparator fitted state; no private checkpoint bytes.
models/fitted-instances/public-native-comparator-suite/public-native-histogram-boosted-stumps/seed-383001.fitted-instance.json,GENERATED_PUBLIC_ARTIFACT,MIT,Powerlifting State Research contributors,Content-hashed public-native comparator fitted state; no private checkpoint bytes.
models/fitted-instances/public-native-comparator-suite/public-native-histogram-boosted-stumps/seed-383002.fitted-instance.json,GENERATED_PUBLIC_ARTIFACT,MIT,Powerlifting State Research contributors,Content-hashed public-native comparator fitted state; no private checkpoint bytes.
models/fitted-instances/public-native-comparator-suite/public-native-histogram-boosted-stumps/seed-383003.fitted-instance.json,GENERATED_PUBLIC_ARTIFACT,MIT,Powerlifting State Research contributors,Content-hashed public-native comparator fitted state; no private checkpoint bytes.
models/fitted-instances/public-native-comparator-suite/public-native-mechanistic-midpoint/seed-383001.fitted-instance.json,GENERATED_PUBLIC_ARTIFACT,MIT,Powerlifting State Research contributors,Content-hashed public-native comparator fitted state; no private checkpoint bytes.
models/fitted-instances/public-native-comparator-suite/public-native-mechanistic-midpoint/seed-383002.fitted-instance.json,GENERATED_PUBLIC_ARTIFACT,MIT,Powerlifting State Research contributors,Content-hashed public-native comparator fitted state; no private checkpoint bytes.
models/fitted-instances/public-native-comparator-suite/public-native-mechanistic-midpoint/seed-383003.fitted-instance.json,GENERATED_PUBLIC_ARTIFACT,MIT,Powerlifting State Research contributors,Content-hashed public-native comparator fitted state; no private checkpoint bytes.
models/fitted-instances/public-native-comparator-suite/public-native-mechanistic-ridge-residual/seed-383001.fitted-instance.json,GENERATED_PUBLIC_ARTIFACT,MIT,Powerlifting State Research contributors,Content-hashed public-native comparator fitted state; no private checkpoint bytes.
models/fitted-instances/public-native-comparator-suite/public-native-mechanistic-ridge-residual/seed-383002.fitted-instance.json,GENERATED_PUBLIC_ARTIFACT,MIT,Powerlifting State Research contributors,Content-hashed public-native comparator fitted state; no private checkpoint bytes.
models/fitted-instances/public-native-comparator-suite/public-native-mechanistic-ridge-residual/seed-383003.fitted-instance.json,GENERATED_PUBLIC_ARTIFACT,MIT,Powerlifting State Research contributors,Content-hashed public-native comparator fitted state; no private checkpoint bytes.
models/fitted-instances/public-native-comparator-suite/public-native-ridge/seed-383001.fitted-instance.json,GENERATED_PUBLIC_ARTIFACT,MIT,Powerlifting State Research contributors,Content-hashed public-native comparator fitted state; no private checkpoint bytes.
models/fitted-instances/public-native-comparator-suite/public-native-ridge/seed-383002.fitted-instance.json,GENERATED_PUBLIC_ARTIFACT,MIT,Powerlifting State Research contributors,Content-hashed public-native comparator fitted state; no private checkpoint bytes.
models/fitted-instances/public-native-comparator-suite/public-native-ridge/seed-383003.fitted-instance.json,GENERATED_PUBLIC_ARTIFACT,MIT,Powerlifting State Research contributors,Content-hashed public-native comparator fitted state; no private checkpoint bytes.
results/benchmarks/iid_latent_capacity_change_with_transient_expression_forecasting/public-native-comparator-suite/internal-selection-split.json,GENERATED_PUBLIC_ARTIFACT,MIT,Powerlifting State Research contributors,Hash-identified RES-274-compatible entity-disjoint fit/selection split derived from TRAIN.
results/benchmarks/iid_latent_capacity_change_with_transient_expression_forecasting/public-native-comparator-suite/public-native-compact-neural/seed-383001.evaluation-result.json,GENERATED_PUBLIC_ARTIFACT,MIT,Powerlifting State Research contributors,RES-271 canonical target-wise EvaluationResult for a fitted public-native comparator.
results/benchmarks/iid_latent_capacity_change_with_transient_expression_forecasting/public-native-comparator-suite/public-native-compact-neural/seed-383001.predictions.jsonl,GENERATED_PUBLIC_ARTIFACT,MIT,Powerlifting State Research contributors,RES-271 canonical prediction artifact from the frozen public-native comparator protocol.
results/benchmarks/iid_latent_capacity_change_with_transient_expression_forecasting/public-native-comparator-suite/public-native-compact-neural/seed-383002.evaluation-result.json,GENERATED_PUBLIC_ARTIFACT,MIT,Powerlifting State Research contributors,RES-271 canonical target-wise EvaluationResult for a fitted public-native comparator.
results/benchmarks/iid_latent_capacity_change_with_transient_expression_forecasting/public-native-comparator-suite/public-native-compact-neural/seed-383002.predictions.jsonl,GENERATED_PUBLIC_ARTIFACT,MIT,Powerlifting State Research contributors,RES-271 canonical prediction artifact from the frozen public-native comparator protocol.
results/benchmarks/iid_latent_capacity_change_with_transient_expression_forecasting/public-native-comparator-suite/public-native-compact-neural/seed-383003.evaluation-result.json,GENERATED_PUBLIC_ARTIFACT,MIT,Powerlifting State Research contributors,RES-271 canonical target-wise EvaluationResult for a fitted public-native comparator.
results/benchmarks/iid_latent_capacity_change_with_transient_expression_forecasting/public-native-comparator-suite/public-native-compact-neural/seed-383003.predictions.jsonl,GENERATED_PUBLIC_ARTIFACT,MIT,Powerlifting State Research contributors,RES-271 canonical prediction artifact from the frozen public-native comparator protocol.
results/benchmarks/iid_latent_capacity_change_with_transient_expression_forecasting/public-native-comparator-suite/public-native-context-mean/seed-383001.evaluation-result.json,GENERATED_PUBLIC_ARTIFACT,MIT,Powerlifting State Research contributors,RES-271 canonical target-wise EvaluationResult for a fitted public-native comparator.
results/benchmarks/iid_latent_capacity_change_with_transient_expression_forecasting/public-native-comparator-suite/public-native-context-mean/seed-383001.predictions.jsonl,GENERATED_PUBLIC_ARTIFACT,MIT,Powerlifting State Research contributors,RES-271 canonical prediction artifact from the frozen public-native comparator protocol.
results/benchmarks/iid_latent_capacity_change_with_transient_expression_forecasting/public-native-comparator-suite/public-native-context-mean/seed-383002.evaluation-result.json,GENERATED_PUBLIC_ARTIFACT,MIT,Powerlifting State Research contributors,RES-271 canonical target-wise EvaluationResult for a fitted public-native comparator.
results/benchmarks/iid_latent_capacity_change_with_transient_expression_forecasting/public-native-comparator-suite/public-native-context-mean/seed-383002.predictions.jsonl,GENERATED_PUBLIC_ARTIFACT,MIT,Powerlifting State Research contributors,RES-271 canonical prediction artifact from the frozen public-native comparator protocol.
results/benchmarks/iid_latent_capacity_change_with_transient_expression_forecasting/public-native-comparator-suite/public-native-context-mean/seed-383003.evaluation-result.json,GENERATED_PUBLIC_ARTIFACT,MIT,Powerlifting State Research contributors,RES-271 canonical target-wise EvaluationResult for a fitted public-native comparator.
results/benchmarks/iid_latent_capacity_change_with_transient_expression_forecasting/public-native-comparator-suite/public-native-context-mean/seed-383003.predictions.jsonl,GENERATED_PUBLIC_ARTIFACT,MIT,Powerlifting State Research contributors,RES-271 canonical prediction artifact from the frozen public-native comparator protocol.
results/benchmarks/iid_latent_capacity_change_with_transient_expression_forecasting/public-native-comparator-suite/public-native-histogram-boosted-stumps/seed-383001.evaluation-result.json,GENERATED_PUBLIC_ARTIFACT,MIT,Powerlifting State Research contributors,RES-271 canonical target-wise EvaluationResult for a fitted public-native comparator.
results/benchmarks/iid_latent_capacity_change_with_transient_expression_forecasting/public-native-comparator-suite/public-native-histogram-boosted-stumps/seed-383001.predictions.jsonl,GENERATED_PUBLIC_ARTIFACT,MIT,Powerlifting State Research contributors,RES-271 canonical prediction artifact from the frozen public-native comparator protocol.
results/benchmarks/iid_latent_capacity_change_with_transient_expression_forecasting/public-native-comparator-suite/public-native-histogram-boosted-stumps/seed-383002.evaluation-result.json,GENERATED_PUBLIC_ARTIFACT,MIT,Powerlifting State Research contributors,RES-271 canonical target-wise EvaluationResult for a fitted public-native comparator.
results/benchmarks/iid_latent_capacity_change_with_transient_expression_forecasting/public-native-comparator-suite/public-native-histogram-boosted-stumps/seed-383002.predictions.jsonl,GENERATED_PUBLIC_ARTIFACT,MIT,Powerlifting State Research contributors,RES-271 canonical prediction artifact from the frozen public-native comparator protocol.
results/benchmarks/iid_latent_capacity_change_with_transient_expression_forecasting/public-native-comparator-suite/public-native-histogram-boosted-stumps/seed-383003.evaluation-result.json,GENERATED_PUBLIC_ARTIFACT,MIT,Powerlifting State Research contributors,RES-271 canonical target-wise EvaluationResult for a fitted public-native comparator.
results/benchmarks/iid_latent_capacity_change_with_transient_expression_forecasting/public-native-comparator-suite/public-native-histogram-boosted-stumps/seed-383003.predictions.jsonl,GENERATED_PUBLIC_ARTIFACT,MIT,Powerlifting State Research contributors,RES-271 canonical prediction artifact from the frozen public-native comparator protocol.
results/benchmarks/iid_latent_capacity_change_with_transient_expression_forecasting/public-native-comparator-suite/public-native-mechanistic-midpoint/seed-383001.evaluation-result.json,GENERATED_PUBLIC_ARTIFACT,MIT,Powerlifting State Research contributors,RES-271 canonical target-wise EvaluationResult for a fitted public-native comparator.
results/benchmarks/iid_latent_capacity_change_with_transient_expression_forecasting/public-native-comparator-suite/public-native-mechanistic-midpoint/seed-383001.predictions.jsonl,GENERATED_PUBLIC_ARTIFACT,MIT,Powerlifting State Research contributors,RES-271 canonical prediction artifact from the frozen public-native comparator protocol.
results/benchmarks/iid_latent_capacity_change_with_transient_expression_forecasting/public-native-comparator-suite/public-native-mechanistic-midpoint/seed-383002.evaluation-result.json,GENERATED_PUBLIC_ARTIFACT,MIT,Powerlifting State Research contributors,RES-271 canonical target-wise EvaluationResult for a fitted public-native comparator.
results/benchmarks/iid_latent_capacity_change_with_transient_expression_forecasting/public-native-comparator-suite/public-native-mechanistic-midpoint/seed-383002.predictions.jsonl,GENERATED_PUBLIC_ARTIFACT,MIT,Powerlifting State Research contributors,RES-271 canonical prediction artifact from the frozen public-native comparator protocol.
results/benchmarks/iid_latent_capacity_change_with_transient_expression_forecasting/public-native-comparator-suite/public-native-mechanistic-midpoint/seed-383003.evaluation-result.json,GENERATED_PUBLIC_ARTIFACT,MIT,Powerlifting State Research contributors,RES-271 canonical target-wise EvaluationResult for a fitted public-native comparator.
results/benchmarks/iid_latent_capacity_change_with_transient_expression_forecasting/public-native-comparator-suite/public-native-mechanistic-midpoint/seed-383003.predictions.jsonl,GENERATED_PUBLIC_ARTIFACT,MIT,Powerlifting State Research contributors,RES-271 canonical prediction artifact from the frozen public-native comparator protocol.
results/benchmarks/iid_latent_capacity_change_with_transient_expression_forecasting/public-native-comparator-suite/public-native-mechanistic-ridge-residual/seed-383001.evaluation-result.json,GENERATED_PUBLIC_ARTIFACT,MIT,Powerlifting State Research contributors,RES-271 canonical target-wise EvaluationResult for a fitted public-native comparator.
results/benchmarks/iid_latent_capacity_change_with_transient_expression_forecasting/public-native-comparator-suite/public-native-mechanistic-ridge-residual/seed-383001.predictions.jsonl,GENERATED_PUBLIC_ARTIFACT,MIT,Powerlifting State Research contributors,RES-271 canonical prediction artifact from the frozen public-native comparator protocol.
results/benchmarks/iid_latent_capacity_change_with_transient_expression_forecasting/public-native-comparator-suite/public-native-mechanistic-ridge-residual/seed-383002.evaluation-result.json,GENERATED_PUBLIC_ARTIFACT,MIT,Powerlifting State Research contributors,RES-271 canonical target-wise EvaluationResult for a fitted public-native comparator.
results/benchmarks/iid_latent_capacity_change_with_transient_expression_forecasting/public-native-comparator-suite/public-native-mechanistic-ridge-residual/seed-383002.predictions.jsonl,GENERATED_PUBLIC_ARTIFACT,MIT,Powerlifting State Research contributors,RES-271 canonical prediction artifact from the frozen public-native comparator protocol.
results/benchmarks/iid_latent_capacity_change_with_transient_expression_forecasting/public-native-comparator-suite/public-native-mechanistic-ridge-residual/seed-383003.evaluation-result.json,GENERATED_PUBLIC_ARTIFACT,MIT,Powerlifting State Research contributors,RES-271 canonical target-wise EvaluationResult for a fitted public-native comparator.
results/benchmarks/iid_latent_capacity_change_with_transient_expression_forecasting/public-native-comparator-suite/public-native-mechanistic-ridge-residual/seed-383003.predictions.jsonl,GENERATED_PUBLIC_ARTIFACT,MIT,Powerlifting State Research contributors,RES-271 canonical prediction artifact from the frozen public-native comparator protocol.
results/benchmarks/iid_latent_capacity_change_with_transient_expression_forecasting/public-native-comparator-suite/public-native-ridge/seed-383001.evaluation-result.json,GENERATED_PUBLIC_ARTIFACT,MIT,Powerlifting State Research contributors,RES-271 canonical target-wise EvaluationResult for a fitted public-native comparator.
results/benchmarks/iid_latent_capacity_change_with_transient_expression_forecasting/public-native-comparator-suite/public-native-ridge/seed-383001.predictions.jsonl,GENERATED_PUBLIC_ARTIFACT,MIT,Powerlifting State Research contributors,RES-271 canonical prediction artifact from the frozen public-native comparator protocol.
results/benchmarks/iid_latent_capacity_change_with_transient_expression_forecasting/public-native-comparator-suite/public-native-ridge/seed-383002.evaluation-result.json,GENERATED_PUBLIC_ARTIFACT,MIT,Powerlifting State Research contributors,RES-271 canonical target-wise EvaluationResult for a fitted public-native comparator.
results/benchmarks/iid_latent_capacity_change_with_transient_expression_forecasting/public-native-comparator-suite/public-native-ridge/seed-383002.predictions.jsonl,GENERATED_PUBLIC_ARTIFACT,MIT,Powerlifting State Research contributors,RES-271 canonical prediction artifact from the frozen public-native comparator protocol.
results/benchmarks/iid_latent_capacity_change_with_transient_expression_forecasting/public-native-comparator-suite/public-native-ridge/seed-383003.evaluation-result.json,GENERATED_PUBLIC_ARTIFACT,MIT,Powerlifting State Research contributors,RES-271 canonical target-wise EvaluationResult for a fitted public-native comparator.
results/benchmarks/iid_latent_capacity_change_with_transient_expression_forecasting/public-native-comparator-suite/public-native-ridge/seed-383003.predictions.jsonl,GENERATED_PUBLIC_ARTIFACT,MIT,Powerlifting State Research contributors,RES-271 canonical prediction artifact from the frozen public-native comparator protocol.
results/benchmarks/iid_latent_capacity_change_with_transient_expression_forecasting/public-native-comparator-suite/training-seal.json,GENERATED_PUBLIC_ARTIFACT,MIT,Powerlifting State Research contributors,Fit-state hashes and validation-isolation seal written before canonical validation access.
results/manifests/public-native-comparator-suite-checksums.json,GENERATED_PUBLIC_ARTIFACT,MIT,Powerlifting State Research contributors,"SHA-256 index for RES-275 fitted states, predictions, results, protocol, registry, and immutable expert artifacts."
results/manifests/public-native-comparator-suite.json,GENERATED_PUBLIC_ARTIFACT,MIT,Powerlifting State Research contributors,"Run manifest binding RES-275 protocol, data, fit seal, validation isolation, and canonical results."
results/tables/public-native-comparator-frontier.csv,GENERATED_PUBLIC_ARTIFACT,MIT,Powerlifting State Research contributors,"Per-seed, target-wise four-metric comparison and measured model complexity/runtime."
results/audits/res281-analysis/analysis-results.manifest.json,GENERATED_PUBLIC_ARTIFACT,MIT,Powerlifting State Research contributors,SHA-256 index for RES-281 cross-version analysis artifacts and source inputs.
results/audits/res281-analysis/attack-by-version.csv,GENERATED_PUBLIC_ARTIFACT,MIT,Powerlifting State Research contributors,Six-state attack execution matrix across all nine registered benchmark versions.
results/audits/res281-analysis/cross-version-comparability.csv,GENERATED_PUBLIC_ARTIFACT,MIT,Powerlifting State Research contributors,Declared semantic checks and rejection reasons for all numerical version-pair comparisons.
results/audits/res281-analysis/design-change-evidence.csv,GENERATED_PUBLIC_ARTIFACT,MIT,Powerlifting State Research contributors,Source-backed descriptive design-change table; no improvement is inferred from chronology.
results/audits/res281-analysis/design-change-evidence.json,GENERATED_PUBLIC_ARTIFACT,MIT,Powerlifting State Research contributors,Machine-readable source-backed design-change evidence across nine benchmark versions.
results/audits/res281-analysis/m5-coverage-summary.json,GENERATED_PUBLIC_ARTIFACT,MIT,Powerlifting State Research contributors,Six-state M5 attack coverage counts by version; no scalar validity score.
results/audits/res281-analysis/res281-validity-analysis.md,GENERATED_PUBLIC_ARTIFACT,CC-BY-4.0,Powerlifting State Research contributors,"Human-readable RES-281 findings, comparison limits, and unresolved questions."
results/audits/res281-analysis/unsupported-evidence.json,GENERATED_PUBLIC_ARTIFACT,MIT,Powerlifting State Research contributors,Unsupported attack and baseline-axis records with evidence references and named gaps.
results/audits/res281-analysis/version-by-axis-evidence.csv,GENERATED_PUBLIC_ARTIFACT,MIT,Powerlifting State Research contributors,Pre-run profile states alongside RES-281 evidence states for every version and validity axis.
results/audits/res281-analysis/version-by-axis-evidence.json,GENERATED_PUBLIC_ARTIFACT,MIT,Powerlifting State Research contributors,"Machine-readable version-by-axis evidence, findings, and missing-input details."
results/audits/res281/audit-results.json,GENERATED_PUBLIC_ARTIFACT,MIT,Powerlifting State Research contributors,Versioned RES-281 six-state audit execution records and hashed evidence references.
results/audits/res281/audit-results.manifest.json,GENERATED_PUBLIC_ARTIFACT,MIT,Powerlifting State Research contributors,Detached identities and SHA-256 index for RES-281 execution outputs.
results/audits/res281/realizations/res281-observation-noise-perturbation-seed-281105/baseline.jsonl,GENERATED_PUBLIC_ARTIFACT,CC-BY-4.0,Powerlifting State Research contributors,Fresh public-native baseline rows generated for the RES-281 diagnostic.
results/audits/res281/realizations/res281-observation-noise-perturbation-seed-281105/manifest.json,GENERATED_PUBLIC_ARTIFACT,CC-BY-4.0,Powerlifting State Research contributors,Public-native audit DatasetRealization manifest with fresh RES-281 seeds and hashes.
results/audits/res281/realizations/res281-observation-noise-perturbation-seed-281105/noise-replicate-1.jsonl,GENERATED_PUBLIC_ARTIFACT,CC-BY-4.0,Powerlifting State Research contributors,Fresh public-native observation draw under the declared observation law for RES-281.
results/audits/res281/realizations/res281-observation-noise-perturbation-seed-281105/noise-replicate-2.jsonl,GENERATED_PUBLIC_ARTIFACT,CC-BY-4.0,Powerlifting State Research contributors,Fresh public-native observation draw under the declared observation law for RES-281.
results/audits/res281/realizations/res281-observation-noise-perturbation-seed-281105/noise-replicate-3.jsonl,GENERATED_PUBLIC_ARTIFACT,CC-BY-4.0,Powerlifting State Research contributors,Fresh public-native observation draw under the declared observation law for RES-281.
results/audits/res281/realizations/res281-participant-input-leakage-seed-281101/baseline.jsonl,GENERATED_PUBLIC_ARTIFACT,CC-BY-4.0,Powerlifting State Research contributors,Fresh public-native baseline rows generated for the RES-281 diagnostic.
results/audits/res281/realizations/res281-participant-input-leakage-seed-281101/key-relabelled.jsonl,GENERATED_PUBLIC_ARTIFACT,CC-BY-4.0,Powerlifting State Research contributors,Copied public-native rows with participant keys deterministically relabelled for RES-281.
results/audits/res281/realizations/res281-participant-input-leakage-seed-281101/manifest.json,GENERATED_PUBLIC_ARTIFACT,CC-BY-4.0,Powerlifting State Research contributors,Public-native audit DatasetRealization manifest with fresh RES-281 seeds and hashes.
results/audits/res281/realizations/res281-target-identity-contamination-seed-281102/baseline.jsonl,GENERATED_PUBLIC_ARTIFACT,CC-BY-4.0,Powerlifting State Research contributors,Fresh public-native baseline rows generated for the RES-281 diagnostic.
results/audits/res281/realizations/res281-target-identity-contamination-seed-281102/manifest.json,GENERATED_PUBLIC_ARTIFACT,CC-BY-4.0,Powerlifting State Research contributors,Public-native audit DatasetRealization manifest with fresh RES-281 seeds and hashes.
results/audits/res281/realizations/res281-target-identity-contamination-seed-281102/target-canary.jsonl,GENERATED_PUBLIC_ARTIFACT,CC-BY-4.0,Powerlifting State Research contributors,Copied public-native rows with target-only canary intervention for RES-281.
results/audits/res281/realizations/res281-temporal-history-disruption-seed-281103/baseline.jsonl,GENERATED_PUBLIC_ARTIFACT,CC-BY-4.0,Powerlifting State Research contributors,Fresh public-native baseline rows generated for the RES-281 diagnostic.
results/audits/res281/realizations/res281-temporal-history-disruption-seed-281103/manifest.json,GENERATED_PUBLIC_ARTIFACT,CC-BY-4.0,Powerlifting State Research contributors,Public-native audit DatasetRealization manifest with fresh RES-281 seeds and hashes.
results/audits/res281/realizations/res281-temporal-history-disruption-seed-281103/reversed-history.jsonl,GENERATED_PUBLIC_ARTIFACT,CC-BY-4.0,Powerlifting State Research contributors,Copied public-native rows with history values reversed across fixed day slots for RES-281.
results/audits/res281/realizations/res281-training-plan-counterfactual-sensitivity-seed-281104/baseline.jsonl,GENERATED_PUBLIC_ARTIFACT,CC-BY-4.0,Powerlifting State Research contributors,Fresh public-native baseline rows generated for the RES-281 diagnostic.
results/audits/res281/realizations/res281-training-plan-counterfactual-sensitivity-seed-281104/manifest.json,GENERATED_PUBLIC_ARTIFACT,CC-BY-4.0,Powerlifting State Research contributors,Public-native audit DatasetRealization manifest with fresh RES-281 seeds and hashes.
results/audits/res281/realizations/res281-training-plan-counterfactual-sensitivity-seed-281104/supported-plan-counterfactual.jsonl,GENERATED_PUBLIC_ARTIFACT,CC-BY-4.0,Powerlifting State Research contributors,Supported-plan copies with native-world counterfactual targets regenerated for RES-281.
results/audits/res281/reproducibility-execution.json,GENERATED_PUBLIC_ARTIFACT,MIT,Powerlifting State Research contributors,Direct reproducibility-axis run receipt for two byte-identical public-native IID generations.
src/powerlifting_state_research/audits/analysis.py,NEWLY_AUTHORED,MIT,audits,"Deterministic RES-281 evidence matrices, comparability decisions, and checksum indexes."
tests/audits/test_analysis.py,NEWLY_AUTHORED,MIT,audit-tests,"RES-281 matrix replay, comparability, rights, status, and artifact-index checks."
